2026/04/18 08:31:23 chat.go:1782: 🎭 Starting SOCIAL-ONLY Chat Training (human_chat.txt only)
2026/04/18 08:31:23 chat.go:1816: 📊 Loaded 1735 social conversation pairs from human_chat.txt
2026/04/18 08:31:23 vocab.go:54: NewVocabulary: Initial size after adding <pad> and UNK: 2
2026/04/18 08:31:23 chat.go:1843: 📐 Pre-computed final vocab size: 4080
2026/04/18 08:31:23 chat.go:1851: 📥 Resuming training: Loading existing social model from data/models/gob_models/moe_social_model.gob
2026/04/18 08:31:24 chat.go:1897: 📂 Data: 1561 training, 174 validation
2026/04/18 08:31:24 chat.go:1935: 🔤 Using existing model vocabulary: 4080 tokens
2026/04/18 08:31:24 chat.go:1944: 🔤 Vocabulary State: 4080 tokens (BOS=2, EOS=3, PAD=0)
2026/04/18 08:31:24 chat.go:1955: 🎭 Training social model for 60 epochs at peak LR=0.000010
2026/04/18 08:31:24 mlm_training.go:824: 📝 Extracted 2831 unique sentences for MLM pre-training
2026/04/18 08:31:24 mlm_training.go:362: 🎓 ═══════════════════════════════════════════════
2026/04/18 08:31:24 mlm_training.go:363: 🎓  PHASE 0: Masked Language Model Pre-Training
2026/04/18 08:31:24 mlm_training.go:364: 🎓  Teaching grammar through word prediction...
2026/04/18 08:31:24 mlm_training.go:365: 🎓 ═══════════════════════════════════════════════
2026/04/18 08:31:24 mlm_training.go:420: 🎓 MLM: Starting epoch 1 with 2831 sentences (Batch Size: 64)
2026/04/18 08:31:24 mlm_training.go:432: 🚀 MLM: First batch loaded (SeqLen: 32). Starting forward pass...
🔍 Goffi: Initializing OpenBLAS...
✅ Goffi: Loaded OpenBLAS from libopenblas.so
✅ Goffi: Found cblas_sgemm symbol.
✅ Goffi: SGEMM Call Interface prepared.
2026/04/18 08:31:35 mlm_training.go:567: ✅ MLM: First batch update complete. Convergence started.
⚠️ GoffiMatMul Warning: Result is exactly zero despite non-zero inputs (M=2048, N=256, K=4080, SampleA=0.0000, SampleB=-0.0026)
⚠️ GoffiMatMul Warning: Result is exactly zero despite non-zero inputs (M=2048, N=256, K=256, SampleA=0.0000, SampleB=-0.0494)
⚠️ GoffiMatMul Warning: Result is exactly zero despite non-zero inputs (M=2048, N=256, K=4080, SampleA=0.0000, SampleB=-0.0026)
⚠️ GoffiMatMul Warning: Result is exactly zero despite non-zero inputs (M=2048, N=256, K=256, SampleA=0.0000, SampleB=-0.0494)
⚠️ GoffiMatMul Warning: Result is exactly zero despite non-zero inputs (M=2048, N=256, K=4080, SampleA=0.0000, SampleB=-0.0026)
⚠️ GoffiMatMul Warning: Result is exactly zero despite non-zero inputs (M=2048, N=256, K=256, SampleA=0.0000, SampleB=-0.0495)
⚠️ GoffiMatMul Warning: Result is exactly zero despite non-zero inputs (M=2048, N=256, K=4080, SampleA=0.0000, SampleB=-0.0027)
⚠️ GoffiMatMul Warning: Result is exactly zero despite non-zero inputs (M=2048, N=256, K=256, SampleA=0.0000, SampleB=-0.0495)
⚠️ GoffiMatMul Warning: Result is exactly zero despite non-zero inputs (M=2048, N=256, K=4080, SampleA=0.0000, SampleB=-0.0027)
⚠️ GoffiMatMul Warning: Result is exactly zero despite non-zero inputs (M=2048, N=256, K=256, SampleA=0.0000, SampleB=-0.0496)
⚠️ GoffiMatMul Warning: Result is exactly zero despite non-zero inputs (M=2048, N=256, K=4080, SampleA=0.0000, SampleB=-0.0028)
⚠️ GoffiMatMul Warning: Result is exactly zero despite non-zero inputs (M=2048, N=256, K=4080, SampleA=0.0000, SampleB=-0.0029)
⚠️ GoffiMatMul Warning: Result is exactly zero despite non-zero inputs (M=2048, N=256, K=256, SampleA=0.0000, SampleB=-0.0498)
⚠️ GoffiMatMul Warning: Result is exactly zero despite non-zero inputs (M=2048, N=256, K=4080, SampleA=0.0000, SampleB=-0.0030)
⚠️ GoffiMatMul Warning: Result is exactly zero despite non-zero inputs (M=2048, N=256, K=256, SampleA=0.0000, SampleB=-0.0499)
⚠️ GoffiMatMul Warning: Result is exactly zero despite non-zero inputs (M=2048, N=256, K=4080, SampleA=0.0000, SampleB=-0.0031)
⚠️ GoffiMatMul Warning: Result is exactly zero despite non-zero inputs (M=2048, N=256, K=256, SampleA=0.0000, SampleB=-0.0499)
⚠️ GoffiMatMul Warning: Result is exactly zero despite non-zero inputs (M=2048, N=256, K=4080, SampleA=0.0000, SampleB=-0.0032)
⚠️ GoffiMatMul Warning: Result is exactly zero despite non-zero inputs (M=2048, N=256, K=256, SampleA=0.0000, SampleB=-0.0500)
2026/04/18 08:33:28 mlm_training.go:569: ⏳ MLM: Step 10 in progress...
⚠️ GoffiMatMul Warning: Result is exactly zero despite non-zero inputs (M=2048, N=256, K=4080, SampleA=0.0000, SampleB=-0.0032)
⚠️ GoffiMatMul Warning: Result is exactly zero despite non-zero inputs (M=2048, N=256, K=256, SampleA=0.0000, SampleB=-0.0501)
⚠️ GoffiMatMul Warning: Result is exactly zero despite non-zero inputs (M=2048, N=256, K=4080, SampleA=0.0000, SampleB=-0.0033)
⚠️ GoffiMatMul Warning: Result is exactly zero despite non-zero inputs (M=2048, N=256, K=256, SampleA=0.0000, SampleB=-0.0502)
⚠️ GoffiMatMul Warning: Result is exactly zero despite non-zero inputs (M=2048, N=256, K=4080, SampleA=0.0000, SampleB=-0.0034)
⚠️ GoffiMatMul Warning: Result is exactly zero despite non-zero inputs (M=2048, N=256, K=256, SampleA=0.0000, SampleB=-0.0503)
⚠️ GoffiMatMul Warning: Result is exactly zero despite non-zero inputs (M=2048, N=256, K=4080, SampleA=0.0000, SampleB=-0.0035)
⚠️ GoffiMatMul Warning: Result is exactly zero despite non-zero inputs (M=2048, N=256, K=256, SampleA=0.0000, SampleB=-0.0503)
⚠️ GoffiMatMul Warning: Result is exactly zero despite non-zero inputs (M=2048, N=256, K=4080, SampleA=0.0000, SampleB=-0.0035)
⚠️ GoffiMatMul Warning: Result is exactly zero despite non-zero inputs (M=2048, N=256, K=256, SampleA=0.0000, SampleB=-0.0503)
⚠️ GoffiMatMul Warning: Result is exactly zero despite non-zero inputs (M=2048, N=256, K=4080, SampleA=0.0000, SampleB=-0.0035)
⚠️ GoffiMatMul Warning: Result is exactly zero despite non-zero inputs (M=2048, N=256, K=256, SampleA=0.0000, SampleB=-0.0503)
⚠️ GoffiMatMul Warning: Result is exactly zero despite non-zero inputs (M=2048, N=256, K=4080, SampleA=0.0000, SampleB=-0.0036)
⚠️ GoffiMatMul Warning: Result is exactly zero despite non-zero inputs (M=2048, N=256, K=4080, SampleA=0.0000, SampleB=-0.0036)
⚠️ GoffiMatMul Warning: Result is exactly zero despite non-zero inputs (M=2048, N=256, K=256, SampleA=0.0000, SampleB=-0.0502)
⚠️ GoffiMatMul Warning: Result is exactly zero despite non-zero inputs (M=2048, N=256, K=4080, SampleA=0.0000, SampleB=-0.0031)
⚠️ GoffiMatMul Warning: Result is exactly zero despite non-zero inputs (M=2048, N=256, K=256, SampleA=0.0000, SampleB=-0.0500)
2026/04/18 08:36:07 mlm_training.go:569: ⏳ MLM: Step 20 in progress...
⚠️ GoffiMatMul Warning: Result is exactly zero despite non-zero inputs (M=2048, N=256, K=4080, SampleA=0.0000, SampleB=-0.0027)
⚠️ GoffiMatMul Warning: Result is exactly zero despite non-zero inputs (M=2048, N=256, K=256, SampleA=0.0000, SampleB=-0.0498)
⚠️ GoffiMatMul Warning: Result is exactly zero despite non-zero inputs (M=2048, N=256, K=4080, SampleA=0.0000, SampleB=-0.0023)
⚠️ GoffiMatMul Warning: Result is exactly zero despite non-zero inputs (M=2048, N=256, K=256, SampleA=0.0000, SampleB=-0.0497)
⚠️ GoffiMatMul Warning: Result is exactly zero despite non-zero inputs (M=2048, N=256, K=4080, SampleA=0.0000, SampleB=-0.0019)
⚠️ GoffiMatMul Warning: Result is exactly zero despite non-zero inputs (M=2048, N=256, K=256, SampleA=0.0000, SampleB=-0.0495)
⚠️ GoffiMatMul Warning: Result is exactly zero despite non-zero inputs (M=2048, N=256, K=4080, SampleA=0.0000, SampleB=-0.0015)
⚠️ GoffiMatMul Warning: Result is exactly zero despite non-zero inputs (M=2048, N=256, K=256, SampleA=0.0000, SampleB=-0.0493)
⚠️ GoffiMatMul Warning: Result is exactly zero despite non-zero inputs (M=2048, N=256, K=4080, SampleA=0.0000, SampleB=-0.0011)
⚠️ GoffiMatMul Warning: Result is exactly zero despite non-zero inputs (M=2048, N=256, K=256, SampleA=0.0000, SampleB=-0.0491)
⚠️ GoffiMatMul Warning: Result is exactly zero despite non-zero inputs (M=2048, N=256, K=4080, SampleA=0.0000, SampleB=-0.0005)
⚠️ GoffiMatMul Warning: Result is exactly zero despite non-zero inputs (M=2048, N=256, K=256, SampleA=0.0000, SampleB=-0.0488)
⚠️ GoffiMatMul Warning: Result is exactly zero despite non-zero inputs (M=2048, N=256, K=4080, SampleA=0.0000, SampleB=-0.0001)
⚠️ GoffiMatMul Warning: Result is exactly zero despite non-zero inputs (M=2048, N=256, K=256, SampleA=0.0000, SampleB=-0.0487)
⚠️ GoffiMatMul Warning: Result is exactly zero despite non-zero inputs (M=2048, N=256, K=4080, SampleA=0.0000, SampleB=0.0002)
⚠️ GoffiMatMul Warning: Result is exactly zero despite non-zero inputs (M=2048, N=256, K=256, SampleA=0.0000, SampleB=-0.0485)
⚠️ GoffiMatMul Warning: Result is exactly zero despite non-zero inputs (M=2048, N=256, K=4080, SampleA=0.0000, SampleB=0.0004)
2026/04/18 08:39:35 mlm_training.go:569: ⏳ MLM: Step 30 in progress...
⚠️ GoffiMatMul Warning: Result is exactly zero despite non-zero inputs (M=2048, N=256, K=4080, SampleA=0.0000, SampleB=0.0009)
⚠️ GoffiMatMul Warning: Result is exactly zero despite non-zero inputs (M=2048, N=256, K=256, SampleA=0.0000, SampleB=-0.0482)
⚠️ GoffiMatMul Warning: Result is exactly zero despite non-zero inputs (M=2048, N=256, K=4080, SampleA=0.0000, SampleB=0.0012)
⚠️ GoffiMatMul Warning: Result is exactly zero despite non-zero inputs (M=2048, N=256, K=4080, SampleA=0.0000, SampleB=0.0014)
⚠️ GoffiMatMul Warning: Result is exactly zero despite non-zero inputs (M=2048, N=256, K=256, SampleA=0.0000, SampleB=-0.0480)
⚠️ GoffiMatMul Warning: Result is exactly zero despite non-zero inputs (M=2048, N=256, K=4080, SampleA=0.0000, SampleB=0.0016)
⚠️ GoffiMatMul Warning: Result is exactly zero despite non-zero inputs (M=2048, N=256, K=256, SampleA=0.0000, SampleB=-0.0479)
⚠️ GoffiMatMul Warning: Result is exactly zero despite non-zero inputs (M=2048, N=256, K=4080, SampleA=0.0000, SampleB=0.0018)
⚠️ GoffiMatMul Warning: Result is exactly zero despite non-zero inputs (M=2048, N=256, K=256, SampleA=0.0000, SampleB=-0.0478)
⚠️ GoffiMatMul Warning: Result is exactly zero despite non-zero inputs (M=2048, N=256, K=4080, SampleA=0.0000, SampleB=0.0020)
⚠️ GoffiMatMul Warning: Result is exactly zero despite non-zero inputs (M=2048, N=256, K=256, SampleA=0.0000, SampleB=-0.0477)
⚠️ GoffiMatMul Warning: Result is exactly zero despite non-zero inputs (M=2048, N=256, K=4080, SampleA=0.0000, SampleB=0.0022)
⚠️ GoffiMatMul Warning: Result is exactly zero despite non-zero inputs (M=2048, N=256, K=256, SampleA=0.0000, SampleB=-0.0476)
⚠️ GoffiMatMul Warning: Result is exactly zero despite non-zero inputs (M=2048, N=256, K=4080, SampleA=0.0000, SampleB=0.0023)
⚠️ GoffiMatMul Warning: Result is exactly zero despite non-zero inputs (M=2048, N=256, K=256, SampleA=0.0000, SampleB=-0.0476)
2026/04/18 08:42:58 mlm_training.go:569: ⏳ MLM: Step 40 in progress...
⚠️ GoffiMatMul Warning: Result is exactly zero despite non-zero inputs (M=2048, N=256, K=4080, SampleA=0.0000, SampleB=0.0026)
⚠️ GoffiMatMul Warning: Result is exactly zero despite non-zero inputs (M=2048, N=256, K=256, SampleA=0.0000, SampleB=-0.0474)
⚠️ GoffiMatMul Warning: Result is exactly zero despite non-zero inputs (M=2048, N=256, K=4080, SampleA=0.0000, SampleB=0.0027)
⚠️ GoffiMatMul Warning: Result is exactly zero despite non-zero inputs (M=2048, N=256, K=256, SampleA=0.0000, SampleB=-0.0474)
⚠️ GoffiMatMul Warning: Result is exactly zero despite non-zero inputs (M=2048, N=256, K=4080, SampleA=0.0000, SampleB=0.0029)
⚠️ GoffiMatMul Warning: Result is exactly zero despite non-zero inputs (M=2048, N=256, K=256, SampleA=0.0000, SampleB=-0.0473)
⚠️ GoffiMatMul Warning: Result is exactly zero despite non-zero inputs (M=480, N=256, K=4080, SampleA=0.0000, SampleB=0.0030)
⚠️ GoffiMatMul Warning: Result is exactly zero despite non-zero inputs (M=480, N=256, K=256, SampleA=0.0000, SampleB=-0.0472)
2026/04/18 08:44:02 mlm_training.go:635: 🎓 [MLM] Epoch 1/20 Complete | Avg Loss: 7.7739 | PPL: 2377.8 | Batches: 45
2026/04/18 08:44:02 mlm_training.go:420: 🎓 MLM: Starting epoch 2 with 2831 sentences (Batch Size: 64)
⚠️ GoffiMatMul Warning: Result is exactly zero despite non-zero inputs (M=2048, N=256, K=4080, SampleA=0.0000, SampleB=0.0031)
⚠️ GoffiMatMul Warning: Result is exactly zero despite non-zero inputs (M=2048, N=256, K=256, SampleA=0.0000, SampleB=-0.0472)
⚠️ GoffiMatMul Warning: Result is exactly zero despite non-zero inputs (M=2048, N=256, K=4080, SampleA=0.0000, SampleB=0.0032)
⚠️ GoffiMatMul Warning: Result is exactly zero despite non-zero inputs (M=2048, N=256, K=256, SampleA=0.0000, SampleB=-0.0471)
⚠️ GoffiMatMul Warning: Result is exactly zero despite non-zero inputs (M=2048, N=256, K=4080, SampleA=0.0000, SampleB=0.0033)
⚠️ GoffiMatMul Warning: Result is exactly zero despite non-zero inputs (M=2048, N=256, K=256, SampleA=0.0000, SampleB=-0.0470)
⚠️ GoffiMatMul Warning: Result is exactly zero despite non-zero inputs (M=2048, N=256, K=4080, SampleA=0.0000, SampleB=0.0034)
⚠️ GoffiMatMul Warning: Result is exactly zero despite non-zero inputs (M=2048, N=256, K=256, SampleA=0.0000, SampleB=-0.0470)
2026/04/18 08:45:47 mlm_training.go:590: 🎓 [MLM] Step 50 | Loss: 7.4079 (smooth: 7.5601) | PPL: 1920.0 | LR: 0.002784 | 0.1 steps/s
2026/04/18 08:45:48 mlm_training.go:775: [Intent: social]    🔍 ' [___] intent' → Answer: '[' | Predicted: .(0.7%), ?(0.3%), a(0.3%) ❌
⚠️ GoffiMatMul Warning: Result is exactly zero despite non-zero inputs (M=2048, N=256, K=4080, SampleA=0.0000, SampleB=0.0036)
⚠️ GoffiMatMul Warning: Result is exactly zero despite non-zero inputs (M=2048, N=256, K=256, SampleA=0.0000, SampleB=-0.0469)
2026/04/18 08:46:07 mlm_training.go:569: ⏳ MLM: Step 50 in progress...
⚠️ GoffiMatMul Warning: Result is exactly zero despite non-zero inputs (M=2048, N=256, K=4080, SampleA=0.0000, SampleB=0.0039)
⚠️ GoffiMatMul Warning: Result is exactly zero despite non-zero inputs (M=2048, N=256, K=256, SampleA=0.0000, SampleB=-0.0467)
⚠️ GoffiMatMul Warning: Result is exactly zero despite non-zero inputs (M=2048, N=256, K=4080, SampleA=0.0000, SampleB=0.0040)
⚠️ GoffiMatMul Warning: Result is exactly zero despite non-zero inputs (M=2048, N=256, K=256, SampleA=0.0000, SampleB=-0.0466)
⚠️ GoffiMatMul Warning: Result is exactly zero despite non-zero inputs (M=2048, N=256, K=4080, SampleA=0.0000, SampleB=0.0041)
⚠️ GoffiMatMul Warning: Result is exactly zero despite non-zero inputs (M=2048, N=256, K=256, SampleA=0.0000, SampleB=-0.0466)
⚠️ GoffiMatMul Warning: Result is exactly zero despite non-zero inputs (M=2048, N=256, K=4080, SampleA=0.0000, SampleB=0.0042)
⚠️ GoffiMatMul Warning: Result is exactly zero despite non-zero inputs (M=2048, N=256, K=256, SampleA=0.0000, SampleB=-0.0465)
⚠️ GoffiMatMul Warning: Result is exactly zero despite non-zero inputs (M=2048, N=256, K=4080, SampleA=0.0000, SampleB=0.0043)
⚠️ GoffiMatMul Warning: Result is exactly zero despite non-zero inputs (M=2048, N=256, K=256, SampleA=0.0000, SampleB=-0.0465)
⚠️ GoffiMatMul Warning: Result is exactly zero despite non-zero inputs (M=2048, N=256, K=4080, SampleA=0.0000, SampleB=0.0044)
⚠️ GoffiMatMul Warning: Result is exactly zero despite non-zero inputs (M=2048, N=256, K=256, SampleA=0.0000, SampleB=-0.0464)
⚠️ GoffiMatMul Warning: Result is exactly zero despite non-zero inputs (M=2048, N=256, K=4080, SampleA=0.0000, SampleB=0.0044)
⚠️ GoffiMatMul Warning: Result is exactly zero despite non-zero inputs (M=2048, N=256, K=256, SampleA=0.0000, SampleB=-0.0464)
⚠️ GoffiMatMul Warning: Result is exactly zero despite non-zero inputs (M=2048, N=256, K=4080, SampleA=0.0000, SampleB=0.0045)
2026/04/18 08:49:30 mlm_training.go:569: ⏳ MLM: Step 60 in progress...
⚠️ GoffiMatMul Warning: Result is exactly zero despite non-zero inputs (M=2048, N=256, K=4080, SampleA=0.0000, SampleB=0.0046)
⚠️ GoffiMatMul Warning: Result is exactly zero despite non-zero inputs (M=2048, N=256, K=256, SampleA=0.0000, SampleB=-0.0463)
⚠️ GoffiMatMul Warning: Result is exactly zero despite non-zero inputs (M=2048, N=256, K=4080, SampleA=0.0000, SampleB=0.0046)
⚠️ GoffiMatMul Warning: Result is exactly zero despite non-zero inputs (M=2048, N=256, K=256, SampleA=0.0000, SampleB=-0.0463)
⚠️ GoffiMatMul Warning: Result is exactly zero despite non-zero inputs (M=2048, N=256, K=4080, SampleA=0.0000, SampleB=0.0047)
⚠️ GoffiMatMul Warning: Result is exactly zero despite non-zero inputs (M=2048, N=256, K=256, SampleA=0.0000, SampleB=-0.0462)
⚠️ GoffiMatMul Warning: Result is exactly zero despite non-zero inputs (M=2048, N=256, K=4080, SampleA=0.0000, SampleB=0.0047)
⚠️ GoffiMatMul Warning: Result is exactly zero despite non-zero inputs (M=2048, N=256, K=256, SampleA=0.0000, SampleB=-0.0462)
⚠️ GoffiMatMul Warning: Result is exactly zero despite non-zero inputs (M=2048, N=256, K=4080, SampleA=0.0000, SampleB=0.0048)
⚠️ GoffiMatMul Warning: Result is exactly zero despite non-zero inputs (M=2048, N=256, K=256, SampleA=0.0000, SampleB=-0.0462)
⚠️ GoffiMatMul Warning: Result is exactly zero despite non-zero inputs (M=2048, N=256, K=4080, SampleA=0.0000, SampleB=0.0049)
⚠️ GoffiMatMul Warning: Result is exactly zero despite non-zero inputs (M=2048, N=256, K=4080, SampleA=0.0000, SampleB=0.0050)
⚠️ GoffiMatMul Warning: Result is exactly zero despite non-zero inputs (M=2048, N=256, K=256, SampleA=0.0000, SampleB=-0.0462)
⚠️ GoffiMatMul Warning: Result is exactly zero despite non-zero inputs (M=2048, N=256, K=4080, SampleA=0.0000, SampleB=0.0051)
⚠️ GoffiMatMul Warning: Result is exactly zero despite non-zero inputs (M=2048, N=256, K=256, SampleA=0.0000, SampleB=-0.0463)
⚠️ GoffiMatMul Warning: Result is exactly zero despite non-zero inputs (M=2048, N=256, K=4080, SampleA=0.0000, SampleB=0.0052)
⚠️ GoffiMatMul Warning: Result is exactly zero despite non-zero inputs (M=2048, N=256, K=256, SampleA=0.0000, SampleB=-0.0463)
2026/04/18 08:52:48 mlm_training.go:569: ⏳ MLM: Step 70 in progress...
⚠️ GoffiMatMul Warning: Result is exactly zero despite non-zero inputs (M=2048, N=256, K=4080, SampleA=0.0000, SampleB=0.0053)
⚠️ GoffiMatMul Warning: Result is exactly zero despite non-zero inputs (M=2048, N=256, K=256, SampleA=0.0000, SampleB=-0.0463)
⚠️ GoffiMatMul Warning: Result is exactly zero despite non-zero inputs (M=2048, N=256, K=4080, SampleA=0.0000, SampleB=0.0054)
⚠️ GoffiMatMul Warning: Result is exactly zero despite non-zero inputs (M=2048, N=256, K=256, SampleA=0.0000, SampleB=-0.0463)
⚠️ GoffiMatMul Warning: Result is exactly zero despite non-zero inputs (M=2048, N=256, K=4080, SampleA=0.0000, SampleB=0.0055)
⚠️ GoffiMatMul Warning: Result is exactly zero despite non-zero inputs (M=2048, N=256, K=4080, SampleA=0.0000, SampleB=0.0055)
⚠️ GoffiMatMul Warning: Result is exactly zero despite non-zero inputs (M=2048, N=256, K=256, SampleA=0.0000, SampleB=-0.0463)
⚠️ GoffiMatMul Warning: Result is exactly zero despite non-zero inputs (M=2048, N=256, K=4080, SampleA=0.0000, SampleB=0.0056)
⚠️ GoffiMatMul Warning: Result is exactly zero despite non-zero inputs (M=2048, N=256, K=256, SampleA=0.0000, SampleB=-0.0462)
⚠️ GoffiMatMul Warning: Result is exactly zero despite non-zero inputs (M=2048, N=256, K=4080, SampleA=0.0000, SampleB=0.0057)
⚠️ GoffiMatMul Warning: Result is exactly zero despite non-zero inputs (M=2048, N=256, K=256, SampleA=0.0000, SampleB=-0.0462)
⚠️ GoffiMatMul Warning: Result is exactly zero despite non-zero inputs (M=2048, N=256, K=4080, SampleA=0.0000, SampleB=0.0058)
⚠️ GoffiMatMul Warning: Result is exactly zero despite non-zero inputs (M=2048, N=256, K=256, SampleA=0.0000, SampleB=-0.0462)
⚠️ GoffiMatMul Warning: Result is exactly zero despite non-zero inputs (M=2048, N=256, K=4080, SampleA=0.0000, SampleB=0.0059)
⚠️ GoffiMatMul Warning: Result is exactly zero despite non-zero inputs (M=2048, N=256, K=256, SampleA=0.0000, SampleB=-0.0462)
⚠️ GoffiMatMul Warning: Result is exactly zero despite non-zero inputs (M=2048, N=256, K=4080, SampleA=0.0000, SampleB=0.0060)
⚠️ GoffiMatMul Warning: Result is exactly zero despite non-zero inputs (M=2048, N=256, K=4080, SampleA=0.0000, SampleB=0.0060)
⚠️ GoffiMatMul Warning: Result is exactly zero despite non-zero inputs (M=2048, N=256, K=256, SampleA=0.0000, SampleB=-0.0462)
2026/04/18 08:56:11 mlm_training.go:569: ⏳ MLM: Step 80 in progress...
⚠️ GoffiMatMul Warning: Result is exactly zero despite non-zero inputs (M=2048, N=256, K=4080, SampleA=0.0000, SampleB=0.0061)
⚠️ GoffiMatMul Warning: Result is exactly zero despite non-zero inputs (M=2048, N=256, K=256, SampleA=0.0000, SampleB=-0.0461)
⚠️ GoffiMatMul Warning: Result is exactly zero despite non-zero inputs (M=2048, N=256, K=4080, SampleA=0.0000, SampleB=0.0063)
⚠️ GoffiMatMul Warning: Result is exactly zero despite non-zero inputs (M=2048, N=256, K=256, SampleA=0.0000, SampleB=-0.0461)
⚠️ GoffiMatMul Warning: Result is exactly zero despite non-zero inputs (M=2048, N=256, K=4080, SampleA=0.0000, SampleB=0.0063)
⚠️ GoffiMatMul Warning: Result is exactly zero despite non-zero inputs (M=2048, N=256, K=256, SampleA=0.0000, SampleB=-0.0461)
⚠️ GoffiMatMul Warning: Result is exactly zero despite non-zero inputs (M=2048, N=256, K=4080, SampleA=0.0000, SampleB=0.0064)
⚠️ GoffiMatMul Warning: Result is exactly zero despite non-zero inputs (M=2048, N=256, K=256, SampleA=0.0000, SampleB=-0.0461)
⚠️ GoffiMatMul Warning: Result is exactly zero despite non-zero inputs (M=2048, N=256, K=4080, SampleA=0.0000, SampleB=0.0064)
⚠️ GoffiMatMul Warning: Result is exactly zero despite non-zero inputs (M=2048, N=256, K=256, SampleA=0.0000, SampleB=-0.0460)
⚠️ GoffiMatMul Warning: Result is exactly zero despite non-zero inputs (M=480, N=256, K=4080, SampleA=0.0000, SampleB=0.0064)
2026/04/18 08:58:56 mlm_training.go:635: 🎓 [MLM] Epoch 2/20 Complete | Avg Loss: 7.4219 | PPL: 1672.2 | Batches: 45
2026/04/18 08:58:56 mlm_training.go:420: 🎓 MLM: Starting epoch 3 with 2831 sentences (Batch Size: 64)
⚠️ GoffiMatMul Warning: Result is exactly zero despite non-zero inputs (M=2048, N=256, K=4080, SampleA=0.0000, SampleB=0.0065)
⚠️ GoffiMatMul Warning: Result is exactly zero despite non-zero inputs (M=2048, N=256, K=256, SampleA=0.0000, SampleB=-0.0460)
2026/04/18 08:59:17 mlm_training.go:569: ⏳ MLM: Step 90 in progress...
⚠️ GoffiMatMul Warning: Result is exactly zero despite non-zero inputs (M=2048, N=256, K=4080, SampleA=0.0000, SampleB=0.0065)
⚠️ GoffiMatMul Warning: Result is exactly zero despite non-zero inputs (M=2048, N=256, K=256, SampleA=0.0000, SampleB=-0.0460)
⚠️ GoffiMatMul Warning: Result is exactly zero despite non-zero inputs (M=2048, N=256, K=4080, SampleA=0.0000, SampleB=0.0066)
⚠️ GoffiMatMul Warning: Result is exactly zero despite non-zero inputs (M=2048, N=256, K=256, SampleA=0.0000, SampleB=-0.0460)
⚠️ GoffiMatMul Warning: Result is exactly zero despite non-zero inputs (M=2048, N=256, K=4080, SampleA=0.0000, SampleB=0.0066)
⚠️ GoffiMatMul Warning: Result is exactly zero despite non-zero inputs (M=2048, N=256, K=256, SampleA=0.0000, SampleB=-0.0460)
⚠️ GoffiMatMul Warning: Result is exactly zero despite non-zero inputs (M=2048, N=256, K=4080, SampleA=0.0000, SampleB=0.0066)
⚠️ GoffiMatMul Warning: Result is exactly zero despite non-zero inputs (M=2048, N=256, K=256, SampleA=0.0000, SampleB=-0.0459)
⚠️ GoffiMatMul Warning: Result is exactly zero despite non-zero inputs (M=2048, N=256, K=4080, SampleA=0.0000, SampleB=0.0067)
⚠️ GoffiMatMul Warning: Result is exactly zero despite non-zero inputs (M=2048, N=256, K=256, SampleA=0.0000, SampleB=-0.0459)
⚠️ GoffiMatMul Warning: Result is exactly zero despite non-zero inputs (M=2048, N=256, K=4080, SampleA=0.0000, SampleB=0.0067)
⚠️ GoffiMatMul Warning: Result is exactly zero despite non-zero inputs (M=2048, N=256, K=256, SampleA=0.0000, SampleB=-0.0459)
⚠️ GoffiMatMul Warning: Result is exactly zero despite non-zero inputs (M=2048, N=256, K=4080, SampleA=0.0000, SampleB=0.0067)
⚠️ GoffiMatMul Warning: Result is exactly zero despite non-zero inputs (M=2048, N=256, K=256, SampleA=0.0000, SampleB=-0.0459)
⚠️ GoffiMatMul Warning: Result is exactly zero despite non-zero inputs (M=2048, N=256, K=4080, SampleA=0.0000, SampleB=0.0067)
⚠️ GoffiMatMul Warning: Result is exactly zero despite non-zero inputs (M=2048, N=256, K=256, SampleA=0.0000, SampleB=-0.0459)
⚠️ GoffiMatMul Warning: Result is exactly zero despite non-zero inputs (M=2048, N=256, K=4080, SampleA=0.0000, SampleB=0.0068)
⚠️ GoffiMatMul Warning: Result is exactly zero despite non-zero inputs (M=2048, N=256, K=256, SampleA=0.0000, SampleB=-0.0459)
2026/04/18 09:02:13 mlm_training.go:590: 🎓 [MLM] Step 100 | Loss: 7.2159 (smooth: 7.2701) | PPL: 1871.7 | LR: 0.004998 | 0.1 steps/s
2026/04/18 09:02:13 mlm_training.go:775: [Intent: social]    🔍 'commit [___] and' → Answer: ',' | Predicted: .(1.0%), ?(0.4%), the(0.3%) ❌
⚠️ GoffiMatMul Warning: Result is exactly zero despite non-zero inputs (M=2048, N=256, K=4080, SampleA=0.0000, SampleB=0.0068)
⚠️ GoffiMatMul Warning: Result is exactly zero despite non-zero inputs (M=2048, N=256, K=256, SampleA=0.0000, SampleB=-0.0459)
2026/04/18 09:02:33 mlm_training.go:569: ⏳ MLM: Step 100 in progress...
⚠️ GoffiMatMul Warning: Result is exactly zero despite non-zero inputs (M=2048, N=256, K=4080, SampleA=0.0000, SampleB=0.0068)
⚠️ GoffiMatMul Warning: Result is exactly zero despite non-zero inputs (M=2048, N=256, K=256, SampleA=0.0000, SampleB=-0.0459)
⚠️ GoffiMatMul Warning: Result is exactly zero despite non-zero inputs (M=2048, N=256, K=4080, SampleA=0.0000, SampleB=0.0068)
⚠️ GoffiMatMul Warning: Result is exactly zero despite non-zero inputs (M=2048, N=256, K=256, SampleA=0.0000, SampleB=-0.0459)
⚠️ GoffiMatMul Warning: Result is exactly zero despite non-zero inputs (M=2048, N=256, K=4080, SampleA=0.0000, SampleB=0.0068)
⚠️ GoffiMatMul Warning: Result is exactly zero despite non-zero inputs (M=2048, N=256, K=256, SampleA=0.0000, SampleB=-0.0458)
⚠️ GoffiMatMul Warning: Result is exactly zero despite non-zero inputs (M=2048, N=256, K=4080, SampleA=0.0000, SampleB=0.0068)
⚠️ GoffiMatMul Warning: Result is exactly zero despite non-zero inputs (M=2048, N=256, K=256, SampleA=0.0000, SampleB=-0.0458)
⚠️ GoffiMatMul Warning: Result is exactly zero despite non-zero inputs (M=2048, N=256, K=4080, SampleA=0.0000, SampleB=0.0068)
⚠️ GoffiMatMul Warning: Result is exactly zero despite non-zero inputs (M=2048, N=256, K=4080, SampleA=0.0000, SampleB=0.0068)
⚠️ GoffiMatMul Warning: Result is exactly zero despite non-zero inputs (M=2048, N=256, K=4080, SampleA=0.0000, SampleB=0.0069)
⚠️ GoffiMatMul Warning: Result is exactly zero despite non-zero inputs (M=2048, N=256, K=4080, SampleA=0.0000, SampleB=0.0069)
⚠️ GoffiMatMul Warning: Result is exactly zero despite non-zero inputs (M=2048, N=256, K=4080, SampleA=0.0000, SampleB=0.0069)
⚠️ GoffiMatMul Warning: Result is exactly zero despite non-zero inputs (M=2048, N=256, K=256, SampleA=0.0000, SampleB=-0.0458)
⚠️ GoffiMatMul Warning: Result is exactly zero despite non-zero inputs (M=2048, N=256, K=4080, SampleA=0.0000, SampleB=0.0070)
⚠️ GoffiMatMul Warning: Result is exactly zero despite non-zero inputs (M=2048, N=256, K=256, SampleA=0.0000, SampleB=-0.0457)
2026/04/18 09:05:49 mlm_training.go:569: ⏳ MLM: Step 110 in progress...
⚠️ GoffiMatMul Warning: Result is exactly zero despite non-zero inputs (M=2048, N=256, K=4080, SampleA=0.0000, SampleB=0.0070)
⚠️ GoffiMatMul Warning: Result is exactly zero despite non-zero inputs (M=2048, N=256, K=256, SampleA=0.0000, SampleB=-0.0457)
⚠️ GoffiMatMul Warning: Result is exactly zero despite non-zero inputs (M=2048, N=256, K=4080, SampleA=0.0000, SampleB=0.0070)
⚠️ GoffiMatMul Warning: Result is exactly zero despite non-zero inputs (M=2048, N=256, K=256, SampleA=0.0000, SampleB=-0.0457)
⚠️ GoffiMatMul Warning: Result is exactly zero despite non-zero inputs (M=2048, N=256, K=4080, SampleA=0.0000, SampleB=0.0070)
⚠️ GoffiMatMul Warning: Result is exactly zero despite non-zero inputs (M=2048, N=256, K=256, SampleA=0.0000, SampleB=-0.0456)
⚠️ GoffiMatMul Warning: Result is exactly zero despite non-zero inputs (M=2048, N=256, K=4080, SampleA=0.0000, SampleB=0.0070)
⚠️ GoffiMatMul Warning: Result is exactly zero despite non-zero inputs (M=2048, N=256, K=256, SampleA=0.0000, SampleB=-0.0456)
⚠️ GoffiMatMul Warning: Result is exactly zero despite non-zero inputs (M=2048, N=256, K=4080, SampleA=0.0000, SampleB=0.0071)
⚠️ GoffiMatMul Warning: Result is exactly zero despite non-zero inputs (M=2048, N=256, K=256, SampleA=0.0000, SampleB=-0.0456)
⚠️ GoffiMatMul Warning: Result is exactly zero despite non-zero inputs (M=2048, N=256, K=4080, SampleA=0.0000, SampleB=0.0071)
⚠️ GoffiMatMul Warning: Result is exactly zero despite non-zero inputs (M=2048, N=256, K=256, SampleA=0.0000, SampleB=-0.0456)
⚠️ GoffiMatMul Warning: Result is exactly zero despite non-zero inputs (M=2048, N=256, K=4080, SampleA=0.0000, SampleB=0.0071)
⚠️ GoffiMatMul Warning: Result is exactly zero despite non-zero inputs (M=2048, N=256, K=256, SampleA=0.0000, SampleB=-0.0455)
⚠️ GoffiMatMul Warning: Result is exactly zero despite non-zero inputs (M=2048, N=256, K=4080, SampleA=0.0000, SampleB=0.0071)
⚠️ GoffiMatMul Warning: Result is exactly zero despite non-zero inputs (M=2048, N=256, K=256, SampleA=0.0000, SampleB=-0.0455)
⚠️ GoffiMatMul Warning: Result is exactly zero despite non-zero inputs (M=2048, N=256, K=4080, SampleA=0.0000, SampleB=0.0071)
⚠️ GoffiMatMul Warning: Result is exactly zero despite non-zero inputs (M=2048, N=256, K=256, SampleA=0.0000, SampleB=-0.0455)
⚠️ GoffiMatMul Warning: Result is exactly zero despite non-zero inputs (M=2048, N=256, K=4080, SampleA=0.0000, SampleB=0.0072)
⚠️ GoffiMatMul Warning: Result is exactly zero despite non-zero inputs (M=2048, N=256, K=256, SampleA=0.0000, SampleB=-0.0455)
2026/04/18 09:08:59 mlm_training.go:569: ⏳ MLM: Step 120 in progress...
⚠️ GoffiMatMul Warning: Result is exactly zero despite non-zero inputs (M=2048, N=256, K=4080, SampleA=0.0000, SampleB=0.0072)
⚠️ GoffiMatMul Warning: Result is exactly zero despite non-zero inputs (M=2048, N=256, K=256, SampleA=0.0000, SampleB=-0.0454)
⚠️ GoffiMatMul Warning: Result is exactly zero despite non-zero inputs (M=2048, N=256, K=4080, SampleA=0.0000, SampleB=0.0072)
⚠️ GoffiMatMul Warning: Result is exactly zero despite non-zero inputs (M=2048, N=256, K=256, SampleA=0.0000, SampleB=-0.0454)
⚠️ GoffiMatMul Warning: Result is exactly zero despite non-zero inputs (M=2048, N=256, K=4080, SampleA=0.0000, SampleB=0.0072)
⚠️ GoffiMatMul Warning: Result is exactly zero despite non-zero inputs (M=2048, N=256, K=256, SampleA=0.0000, SampleB=-0.0454)
⚠️ GoffiMatMul Warning: Result is exactly zero despite non-zero inputs (M=2048, N=256, K=4080, SampleA=0.0000, SampleB=0.0072)
⚠️ GoffiMatMul Warning: Result is exactly zero despite non-zero inputs (M=2048, N=256, K=256, SampleA=0.0000, SampleB=-0.0454)
⚠️ GoffiMatMul Warning: Result is exactly zero despite non-zero inputs (M=2048, N=256, K=4080, SampleA=0.0000, SampleB=0.0072)
⚠️ GoffiMatMul Warning: Result is exactly zero despite non-zero inputs (M=2048, N=256, K=4080, SampleA=0.0000, SampleB=0.0072)
⚠️ GoffiMatMul Warning: Result is exactly zero despite non-zero inputs (M=2048, N=256, K=256, SampleA=0.0000, SampleB=-0.0453)
⚠️ GoffiMatMul Warning: Result is exactly zero despite non-zero inputs (M=2048, N=256, K=4080, SampleA=0.0000, SampleB=0.0072)
⚠️ GoffiMatMul Warning: Result is exactly zero despite non-zero inputs (M=2048, N=256, K=256, SampleA=0.0000, SampleB=-0.0453)
⚠️ GoffiMatMul Warning: Result is exactly zero despite non-zero inputs (M=2048, N=256, K=4080, SampleA=0.0000, SampleB=0.0072)
⚠️ GoffiMatMul Warning: Result is exactly zero despite non-zero inputs (M=2048, N=256, K=256, SampleA=0.0000, SampleB=-0.0453)
⚠️ GoffiMatMul Warning: Result is exactly zero despite non-zero inputs (M=2048, N=256, K=4080, SampleA=0.0000, SampleB=0.0072)
⚠️ GoffiMatMul Warning: Result is exactly zero despite non-zero inputs (M=2048, N=256, K=256, SampleA=0.0000, SampleB=-0.0453)
2026/04/18 09:12:12 mlm_training.go:569: ⏳ MLM: Step 130 in progress...
⚠️ GoffiMatMul Warning: Result is exactly zero despite non-zero inputs (M=2048, N=256, K=4080, SampleA=0.0000, SampleB=0.0073)
⚠️ GoffiMatMul Warning: Result is exactly zero despite non-zero inputs (M=2048, N=256, K=256, SampleA=0.0000, SampleB=-0.0453)
⚠️ GoffiMatMul Warning: Result is exactly zero despite non-zero inputs (M=2048, N=256, K=4080, SampleA=0.0000, SampleB=0.0073)
⚠️ GoffiMatMul Warning: Result is exactly zero despite non-zero inputs (M=2048, N=256, K=256, SampleA=0.0000, SampleB=-0.0453)
⚠️ GoffiMatMul Warning: Result is exactly zero despite non-zero inputs (M=2048, N=256, K=4080, SampleA=0.0000, SampleB=0.0073)
⚠️ GoffiMatMul Warning: Result is exactly zero despite non-zero inputs (M=2048, N=256, K=256, SampleA=0.0000, SampleB=-0.0453)
⚠️ GoffiMatMul Warning: Result is exactly zero despite non-zero inputs (M=480, N=256, K=4080, SampleA=0.0000, SampleB=0.0073)
⚠️ GoffiMatMul Warning: Result is exactly zero despite non-zero inputs (M=480, N=256, K=256, SampleA=0.0000, SampleB=-0.0452)
2026/04/18 09:13:14 mlm_training.go:635: 🎓 [MLM] Epoch 3/20 Complete | Avg Loss: 7.2325 | PPL: 1383.7 | Batches: 45
2026/04/18 09:13:14 mlm_training.go:420: 🎓 MLM: Starting epoch 4 with 2831 sentences (Batch Size: 64)
⚠️ GoffiMatMul Warning: Result is exactly zero despite non-zero inputs (M=2048, N=256, K=4080, SampleA=0.0000, SampleB=0.0073)
⚠️ GoffiMatMul Warning: Result is exactly zero despite non-zero inputs (M=2048, N=256, K=256, SampleA=0.0000, SampleB=-0.0452)
⚠️ GoffiMatMul Warning: Result is exactly zero despite non-zero inputs (M=2048, N=256, K=4080, SampleA=0.0000, SampleB=0.0073)
⚠️ GoffiMatMul Warning: Result is exactly zero despite non-zero inputs (M=2048, N=256, K=256, SampleA=0.0000, SampleB=-0.0452)
⚠️ GoffiMatMul Warning: Result is exactly zero despite non-zero inputs (M=2048, N=256, K=4080, SampleA=0.0000, SampleB=0.0073)
⚠️ GoffiMatMul Warning: Result is exactly zero despite non-zero inputs (M=2048, N=256, K=256, SampleA=0.0000, SampleB=-0.0452)
⚠️ GoffiMatMul Warning: Result is exactly zero despite non-zero inputs (M=2048, N=256, K=4080, SampleA=0.0000, SampleB=0.0073)
⚠️ GoffiMatMul Warning: Result is exactly zero despite non-zero inputs (M=2048, N=256, K=256, SampleA=0.0000, SampleB=-0.0452)
⚠️ GoffiMatMul Warning: Result is exactly zero despite non-zero inputs (M=2048, N=256, K=4080, SampleA=0.0000, SampleB=0.0073)
⚠️ GoffiMatMul Warning: Result is exactly zero despite non-zero inputs (M=2048, N=256, K=4080, SampleA=0.0000, SampleB=0.0073)
⚠️ GoffiMatMul Warning: Result is exactly zero despite non-zero inputs (M=2048, N=256, K=256, SampleA=0.0000, SampleB=-0.0452)
2026/04/18 09:15:11 mlm_training.go:569: ⏳ MLM: Step 140 in progress...
⚠️ GoffiMatMul Warning: Result is exactly zero despite non-zero inputs (M=1984, N=256, K=4080, SampleA=0.0000, SampleB=0.0073)
⚠️ GoffiMatMul Warning: Result is exactly zero despite non-zero inputs (M=1984, N=256, K=256, SampleA=0.0000, SampleB=-0.0452)
⚠️ GoffiMatMul Warning: Result is exactly zero despite non-zero inputs (M=2048, N=256, K=4080, SampleA=0.0000, SampleB=0.0073)
⚠️ GoffiMatMul Warning: Result is exactly zero despite non-zero inputs (M=2048, N=256, K=256, SampleA=0.0000, SampleB=-0.0452)
⚠️ GoffiMatMul Warning: Result is exactly zero despite non-zero inputs (M=2048, N=256, K=4080, SampleA=0.0000, SampleB=0.0073)
⚠️ GoffiMatMul Warning: Result is exactly zero despite non-zero inputs (M=2048, N=256, K=256, SampleA=0.0000, SampleB=-0.0452)
⚠️ GoffiMatMul Warning: Result is exactly zero despite non-zero inputs (M=2048, N=256, K=4080, SampleA=0.0000, SampleB=0.0073)
⚠️ GoffiMatMul Warning: Result is exactly zero despite non-zero inputs (M=2048, N=256, K=256, SampleA=0.0000, SampleB=-0.0452)
⚠️ GoffiMatMul Warning: Result is exactly zero despite non-zero inputs (M=2048, N=256, K=4080, SampleA=0.0000, SampleB=0.0073)
⚠️ GoffiMatMul Warning: Result is exactly zero despite non-zero inputs (M=2048, N=256, K=256, SampleA=0.0000, SampleB=-0.0452)
⚠️ GoffiMatMul Warning: Result is exactly zero despite non-zero inputs (M=2048, N=256, K=4080, SampleA=0.0000, SampleB=0.0073)
⚠️ GoffiMatMul Warning: Result is exactly zero despite non-zero inputs (M=2048, N=256, K=256, SampleA=0.0000, SampleB=-0.0452)
⚠️ GoffiMatMul Warning: Result is exactly zero despite non-zero inputs (M=2048, N=256, K=4080, SampleA=0.0000, SampleB=0.0073)
⚠️ GoffiMatMul Warning: Result is exactly zero despite non-zero inputs (M=2048, N=256, K=256, SampleA=0.0000, SampleB=-0.0452)
⚠️ GoffiMatMul Warning: Result is exactly zero despite non-zero inputs (M=2048, N=256, K=4080, SampleA=0.0000, SampleB=0.0073)
⚠️ GoffiMatMul Warning: Result is exactly zero despite non-zero inputs (M=2048, N=256, K=256, SampleA=0.0000, SampleB=-0.0451)
⚠️ GoffiMatMul Warning: Result is exactly zero despite non-zero inputs (M=2048, N=256, K=4080, SampleA=0.0000, SampleB=0.0074)
⚠️ GoffiMatMul Warning: Result is exactly zero despite non-zero inputs (M=2048, N=256, K=256, SampleA=0.0000, SampleB=-0.0451)
2026/04/18 09:18:07 mlm_training.go:590: 🎓 [MLM] Step 150 | Loss: 7.2301 (smooth: 7.2536) | PPL: 1825.8 | LR: 0.004927 | 0.1 steps/s
2026/04/18 09:18:07 mlm_training.go:775: [Intent: social]    🔍 'twitter [___] <pad>' → Answer: '.' | Predicted: .(0.9%), ?(0.4%), the(0.3%) ✅
⚠️ GoffiMatMul Warning: Result is exactly zero despite non-zero inputs (M=2048, N=256, K=4080, SampleA=0.0000, SampleB=0.0074)
⚠️ GoffiMatMul Warning: Result is exactly zero despite non-zero inputs (M=2048, N=256, K=256, SampleA=0.0000, SampleB=-0.0451)
2026/04/18 09:18:27 mlm_training.go:569: ⏳ MLM: Step 150 in progress...
⚠️ GoffiMatMul Warning: Result is exactly zero despite non-zero inputs (M=2048, N=256, K=4080, SampleA=0.0000, SampleB=0.0074)
⚠️ GoffiMatMul Warning: Result is exactly zero despite non-zero inputs (M=2048, N=256, K=4080, SampleA=0.0000, SampleB=0.0074)
⚠️ GoffiMatMul Warning: Result is exactly zero despite non-zero inputs (M=2048, N=256, K=256, SampleA=0.0000, SampleB=-0.0451)
⚠️ GoffiMatMul Warning: Result is exactly zero despite non-zero inputs (M=2048, N=256, K=4080, SampleA=0.0000, SampleB=0.0074)
⚠️ GoffiMatMul Warning: Result is exactly zero despite non-zero inputs (M=2048, N=256, K=256, SampleA=0.0000, SampleB=-0.0451)
⚠️ GoffiMatMul Warning: Result is exactly zero despite non-zero inputs (M=2048, N=256, K=4080, SampleA=0.0000, SampleB=0.0074)
⚠️ GoffiMatMul Warning: Result is exactly zero despite non-zero inputs (M=2048, N=256, K=256, SampleA=0.0000, SampleB=-0.0451)
⚠️ GoffiMatMul Warning: Result is exactly zero despite non-zero inputs (M=2048, N=256, K=4080, SampleA=0.0000, SampleB=0.0074)
⚠️ GoffiMatMul Warning: Result is exactly zero despite non-zero inputs (M=2048, N=256, K=4080, SampleA=0.0000, SampleB=0.0074)
⚠️ GoffiMatMul Warning: Result is exactly zero despite non-zero inputs (M=2048, N=256, K=4080, SampleA=0.0000, SampleB=0.0074)
⚠️ GoffiMatMul Warning: Result is exactly zero despite non-zero inputs (M=2048, N=256, K=256, SampleA=0.0000, SampleB=-0.0451)
⚠️ GoffiMatMul Warning: Result is exactly zero despite non-zero inputs (M=2048, N=256, K=4080, SampleA=0.0000, SampleB=0.0074)
⚠️ GoffiMatMul Warning: Result is exactly zero despite non-zero inputs (M=2048, N=256, K=256, SampleA=0.0000, SampleB=-0.0451)
⚠️ GoffiMatMul Warning: Result is exactly zero despite non-zero inputs (M=2048, N=256, K=4080, SampleA=0.0000, SampleB=0.0074)
⚠️ GoffiMatMul Warning: Result is exactly zero despite non-zero inputs (M=2048, N=256, K=256, SampleA=0.0000, SampleB=-0.0451)
⚠️ GoffiMatMul Warning: Result is exactly zero despite non-zero inputs (M=2048, N=256, K=4080, SampleA=0.0000, SampleB=0.0074)
⚠️ GoffiMatMul Warning: Result is exactly zero despite non-zero inputs (M=2048, N=256, K=256, SampleA=0.0000, SampleB=-0.0451)
2026/04/18 09:21:38 mlm_training.go:569: ⏳ MLM: Step 160 in progress...
⚠️ GoffiMatMul Warning: Result is exactly zero despite non-zero inputs (M=2048, N=256, K=4080, SampleA=0.0000, SampleB=0.0074)
⚠️ GoffiMatMul Warning: Result is exactly zero despite non-zero inputs (M=2048, N=256, K=256, SampleA=0.0000, SampleB=-0.0451)
⚠️ GoffiMatMul Warning: Result is exactly zero despite non-zero inputs (M=2048, N=256, K=4080, SampleA=0.0000, SampleB=0.0074)
⚠️ GoffiMatMul Warning: Result is exactly zero despite non-zero inputs (M=2048, N=256, K=4080, SampleA=0.0000, SampleB=0.0074)
⚠️ GoffiMatMul Warning: Result is exactly zero despite non-zero inputs (M=2048, N=256, K=256, SampleA=0.0000, SampleB=-0.0451)
⚠️ GoffiMatMul Warning: Result is exactly zero despite non-zero inputs (M=2048, N=256, K=4080, SampleA=0.0000, SampleB=0.0074)
⚠️ GoffiMatMul Warning: Result is exactly zero despite non-zero inputs (M=2048, N=256, K=256, SampleA=0.0000, SampleB=-0.0451)
⚠️ GoffiMatMul Warning: Result is exactly zero despite non-zero inputs (M=2048, N=256, K=4080, SampleA=0.0000, SampleB=0.0074)
⚠️ GoffiMatMul Warning: Result is exactly zero despite non-zero inputs (M=2048, N=256, K=4080, SampleA=0.0000, SampleB=0.0074)
⚠️ GoffiMatMul Warning: Result is exactly zero despite non-zero inputs (M=2048, N=256, K=256, SampleA=0.0000, SampleB=-0.0451)
⚠️ GoffiMatMul Warning: Result is exactly zero despite non-zero inputs (M=2048, N=256, K=4080, SampleA=0.0000, SampleB=0.0074)
⚠️ GoffiMatMul Warning: Result is exactly zero despite non-zero inputs (M=2048, N=256, K=4080, SampleA=0.0000, SampleB=0.0074)
⚠️ GoffiMatMul Warning: Result is exactly zero despite non-zero inputs (M=2048, N=256, K=256, SampleA=0.0000, SampleB=-0.0451)
⚠️ GoffiMatMul Warning: Result is exactly zero despite non-zero inputs (M=2048, N=256, K=4080, SampleA=0.0000, SampleB=0.0074)
⚠️ GoffiMatMul Warning: Result is exactly zero despite non-zero inputs (M=2048, N=256, K=256, SampleA=0.0000, SampleB=-0.0451)
⚠️ GoffiMatMul Warning: Result is exactly zero despite non-zero inputs (M=2048, N=256, K=4080, SampleA=0.0000, SampleB=0.0074)
⚠️ GoffiMatMul Warning: Result is exactly zero despite non-zero inputs (M=2048, N=256, K=256, SampleA=0.0000, SampleB=-0.0451)
2026/04/18 09:24:52 mlm_training.go:569: ⏳ MLM: Step 170 in progress...
⚠️ GoffiMatMul Warning: Result is exactly zero despite non-zero inputs (M=2048, N=256, K=4080, SampleA=0.0000, SampleB=0.0074)
⚠️ GoffiMatMul Warning: Result is exactly zero despite non-zero inputs (M=2048, N=256, K=4080, SampleA=0.0000, SampleB=0.0074)
⚠️ GoffiMatMul Warning: Result is exactly zero despite non-zero inputs (M=2048, N=256, K=256, SampleA=0.0000, SampleB=-0.0451)
⚠️ GoffiMatMul Warning: Result is exactly zero despite non-zero inputs (M=2048, N=256, K=4080, SampleA=0.0000, SampleB=0.0074)
⚠️ GoffiMatMul Warning: Result is exactly zero despite non-zero inputs (M=2048, N=256, K=4080, SampleA=0.0000, SampleB=0.0074)
⚠️ GoffiMatMul Warning: Result is exactly zero despite non-zero inputs (M=2048, N=256, K=256, SampleA=0.0000, SampleB=-0.0451)
⚠️ GoffiMatMul Warning: Result is exactly zero despite non-zero inputs (M=2048, N=256, K=4080, SampleA=0.0000, SampleB=0.0074)
⚠️ GoffiMatMul Warning: Result is exactly zero despite non-zero inputs (M=2048, N=256, K=256, SampleA=0.0000, SampleB=-0.0451)
⚠️ GoffiMatMul Warning: Result is exactly zero despite non-zero inputs (M=2048, N=256, K=4080, SampleA=0.0000, SampleB=0.0074)
⚠️ GoffiMatMul Warning: Result is exactly zero despite non-zero inputs (M=2048, N=256, K=256, SampleA=0.0000, SampleB=-0.0451)
⚠️ GoffiMatMul Warning: Result is exactly zero despite non-zero inputs (M=2048, N=256, K=4080, SampleA=0.0000, SampleB=0.0075)
⚠️ GoffiMatMul Warning: Result is exactly zero despite non-zero inputs (M=2048, N=256, K=256, SampleA=0.0000, SampleB=-0.0450)
⚠️ GoffiMatMul Warning: Result is exactly zero despite non-zero inputs (M=480, N=256, K=4080, SampleA=0.0000, SampleB=0.0075)
⚠️ GoffiMatMul Warning: Result is exactly zero despite non-zero inputs (M=480, N=256, K=256, SampleA=0.0000, SampleB=-0.0450)
2026/04/18 09:27:31 mlm_training.go:635: 🎓 [MLM] Epoch 4/20 Complete | Avg Loss: 7.2442 | PPL: 1399.9 | Batches: 45
2026/04/18 09:27:31 mlm_training.go:420: 🎓 MLM: Starting epoch 5 with 2831 sentences (Batch Size: 64)
⚠️ GoffiMatMul Warning: Result is exactly zero despite non-zero inputs (M=2048, N=256, K=4080, SampleA=0.0000, SampleB=0.0075)
⚠️ GoffiMatMul Warning: Result is exactly zero despite non-zero inputs (M=2048, N=256, K=256, SampleA=0.0000, SampleB=-0.0450)
2026/04/18 09:27:50 mlm_training.go:569: ⏳ MLM: Step 180 in progress...
⚠️ GoffiMatMul Warning: Result is exactly zero despite non-zero inputs (M=2048, N=256, K=4080, SampleA=0.0000, SampleB=0.0075)
⚠️ GoffiMatMul Warning: Result is exactly zero despite non-zero inputs (M=2048, N=256, K=256, SampleA=0.0000, SampleB=-0.0450)
⚠️ GoffiMatMul Warning: Result is exactly zero despite non-zero inputs (M=2048, N=256, K=4080, SampleA=0.0000, SampleB=0.0075)
⚠️ GoffiMatMul Warning: Result is exactly zero despite non-zero inputs (M=2048, N=256, K=256, SampleA=0.0000, SampleB=-0.0450)
⚠️ GoffiMatMul Warning: Result is exactly zero despite non-zero inputs (M=2048, N=256, K=4080, SampleA=0.0000, SampleB=0.0075)
⚠️ GoffiMatMul Warning: Result is exactly zero despite non-zero inputs (M=2048, N=256, K=256, SampleA=0.0000, SampleB=-0.0450)
⚠️ GoffiMatMul Warning: Result is exactly zero despite non-zero inputs (M=2048, N=256, K=4080, SampleA=0.0000, SampleB=0.0075)
⚠️ GoffiMatMul Warning: Result is exactly zero despite non-zero inputs (M=2048, N=256, K=4080, SampleA=0.0000, SampleB=0.0075)
⚠️ GoffiMatMul Warning: Result is exactly zero despite non-zero inputs (M=2048, N=256, K=256, SampleA=0.0000, SampleB=-0.0450)
⚠️ GoffiMatMul Warning: Result is exactly zero despite non-zero inputs (M=2048, N=256, K=4080, SampleA=0.0000, SampleB=0.0075)
⚠️ GoffiMatMul Warning: Result is exactly zero despite non-zero inputs (M=2048, N=256, K=256, SampleA=0.0000, SampleB=-0.0450)
⚠️ GoffiMatMul Warning: Result is exactly zero despite non-zero inputs (M=2048, N=256, K=4080, SampleA=0.0000, SampleB=0.0075)
⚠️ GoffiMatMul Warning: Result is exactly zero despite non-zero inputs (M=2048, N=256, K=256, SampleA=0.0000, SampleB=-0.0450)
⚠️ GoffiMatMul Warning: Result is exactly zero despite non-zero inputs (M=2048, N=256, K=4080, SampleA=0.0000, SampleB=0.0075)
⚠️ GoffiMatMul Warning: Result is exactly zero despite non-zero inputs (M=2048, N=256, K=256, SampleA=0.0000, SampleB=-0.0450)
⚠️ GoffiMatMul Warning: Result is exactly zero despite non-zero inputs (M=2048, N=256, K=4080, SampleA=0.0000, SampleB=0.0075)
⚠️ GoffiMatMul Warning: Result is exactly zero despite non-zero inputs (M=2048, N=256, K=256, SampleA=0.0000, SampleB=-0.0450)
⚠️ GoffiMatMul Warning: Result is exactly zero despite non-zero inputs (M=2048, N=256, K=4080, SampleA=0.0000, SampleB=0.0075)
⚠️ GoffiMatMul Warning: Result is exactly zero despite non-zero inputs (M=2048, N=256, K=256, SampleA=0.0000, SampleB=-0.0450)
2026/04/18 09:31:03 mlm_training.go:569: ⏳ MLM: Step 190 in progress...
⚠️ GoffiMatMul Warning: Result is exactly zero despite non-zero inputs (M=1856, N=256, K=4080, SampleA=0.0000, SampleB=0.0075)
⚠️ GoffiMatMul Warning: Result is exactly zero despite non-zero inputs (M=2048, N=256, K=4080, SampleA=0.0000, SampleB=0.0075)
⚠️ GoffiMatMul Warning: Result is exactly zero despite non-zero inputs (M=2048, N=256, K=4080, SampleA=0.0000, SampleB=0.0075)
⚠️ GoffiMatMul Warning: Result is exactly zero despite non-zero inputs (M=2048, N=256, K=256, SampleA=0.0000, SampleB=-0.0450)
⚠️ GoffiMatMul Warning: Result is exactly zero despite non-zero inputs (M=2048, N=256, K=4080, SampleA=0.0000, SampleB=0.0075)
⚠️ GoffiMatMul Warning: Result is exactly zero despite non-zero inputs (M=2048, N=256, K=256, SampleA=0.0000, SampleB=-0.0450)
⚠️ GoffiMatMul Warning: Result is exactly zero despite non-zero inputs (M=2048, N=256, K=4080, SampleA=0.0000, SampleB=0.0075)
⚠️ GoffiMatMul Warning: Result is exactly zero despite non-zero inputs (M=2048, N=256, K=256, SampleA=0.0000, SampleB=-0.0450)
⚠️ GoffiMatMul Warning: Result is exactly zero despite non-zero inputs (M=2048, N=256, K=4080, SampleA=0.0000, SampleB=0.0075)
⚠️ GoffiMatMul Warning: Result is exactly zero despite non-zero inputs (M=2048, N=256, K=256, SampleA=0.0000, SampleB=-0.0450)
⚠️ GoffiMatMul Warning: Result is exactly zero despite non-zero inputs (M=2048, N=256, K=4080, SampleA=0.0000, SampleB=0.0075)
⚠️ GoffiMatMul Warning: Result is exactly zero despite non-zero inputs (M=2048, N=256, K=256, SampleA=0.0000, SampleB=-0.0450)
⚠️ GoffiMatMul Warning: Result is exactly zero despite non-zero inputs (M=2048, N=256, K=4080, SampleA=0.0000, SampleB=0.0075)
⚠️ GoffiMatMul Warning: Result is exactly zero despite non-zero inputs (M=2048, N=256, K=256, SampleA=0.0000, SampleB=-0.0450)
2026/04/18 09:33:57 mlm_training.go:590: 🎓 [MLM] Step 200 | Loss: 7.2035 (smooth: 7.2162) | PPL: 1779.4 | LR: 0.004762 | 0.1 steps/s
2026/04/18 09:33:57 mlm_training.go:775: [Intent: social]    🔍 'in [___] digital' → Answer: 'a' | Predicted: .(1.0%), ?(0.4%), can(0.4%) ❌
⚠️ GoffiMatMul Warning: Result is exactly zero despite non-zero inputs (M=2048, N=256, K=4080, SampleA=0.0000, SampleB=0.0075)
⚠️ GoffiMatMul Warning: Result is exactly zero despite non-zero inputs (M=2048, N=256, K=256, SampleA=0.0000, SampleB=-0.0450)
2026/04/18 09:34:16 mlm_training.go:569: ⏳ MLM: Step 200 in progress...
⚠️ GoffiMatMul Warning: Result is exactly zero despite non-zero inputs (M=2048, N=256, K=4080, SampleA=0.0000, SampleB=0.0075)
⚠️ GoffiMatMul Warning: Result is exactly zero despite non-zero inputs (M=2048, N=256, K=256, SampleA=0.0000, SampleB=-0.0450)
⚠️ GoffiMatMul Warning: Result is exactly zero despite non-zero inputs (M=2048, N=256, K=4080, SampleA=0.0000, SampleB=0.0075)
⚠️ GoffiMatMul Warning: Result is exactly zero despite non-zero inputs (M=2048, N=256, K=256, SampleA=0.0000, SampleB=-0.0450)
⚠️ GoffiMatMul Warning: Result is exactly zero despite non-zero inputs (M=2048, N=256, K=4080, SampleA=0.0000, SampleB=0.0075)
⚠️ GoffiMatMul Warning: Result is exactly zero despite non-zero inputs (M=2048, N=256, K=256, SampleA=0.0000, SampleB=-0.0450)
⚠️ GoffiMatMul Warning: Result is exactly zero despite non-zero inputs (M=2048, N=256, K=4080, SampleA=0.0000, SampleB=0.0075)
⚠️ GoffiMatMul Warning: Result is exactly zero despite non-zero inputs (M=2048, N=256, K=256, SampleA=0.0000, SampleB=-0.0450)
⚠️ GoffiMatMul Warning: Result is exactly zero despite non-zero inputs (M=2048, N=256, K=4080, SampleA=0.0000, SampleB=0.0075)
⚠️ GoffiMatMul Warning: Result is exactly zero despite non-zero inputs (M=2048, N=256, K=256, SampleA=0.0000, SampleB=-0.0450)
⚠️ GoffiMatMul Warning: Result is exactly zero despite non-zero inputs (M=2048, N=256, K=4080, SampleA=0.0000, SampleB=0.0075)
⚠️ GoffiMatMul Warning: Result is exactly zero despite non-zero inputs (M=2048, N=256, K=256, SampleA=0.0000, SampleB=-0.0450)
⚠️ GoffiMatMul Warning: Result is exactly zero despite non-zero inputs (M=2048, N=256, K=4080, SampleA=0.0000, SampleB=0.0075)
⚠️ GoffiMatMul Warning: Result is exactly zero despite non-zero inputs (M=2048, N=256, K=256, SampleA=0.0000, SampleB=-0.0450)
⚠️ GoffiMatMul Warning: Result is exactly zero despite non-zero inputs (M=2048, N=256, K=4080, SampleA=0.0000, SampleB=0.0075)
⚠️ GoffiMatMul Warning: Result is exactly zero despite non-zero inputs (M=2048, N=256, K=256, SampleA=0.0000, SampleB=-0.0450)
⚠️ GoffiMatMul Warning: Result is exactly zero despite non-zero inputs (M=2048, N=256, K=4080, SampleA=0.0000, SampleB=0.0075)
⚠️ GoffiMatMul Warning: Result is exactly zero despite non-zero inputs (M=2048, N=256, K=256, SampleA=0.0000, SampleB=-0.0450)
2026/04/18 09:37:34 mlm_training.go:569: ⏳ MLM: Step 210 in progress...
⚠️ GoffiMatMul Warning: Result is exactly zero despite non-zero inputs (M=2048, N=256, K=4080, SampleA=0.0000, SampleB=0.0075)
⚠️ GoffiMatMul Warning: Result is exactly zero despite non-zero inputs (M=2048, N=256, K=256, SampleA=0.0000, SampleB=-0.0450)
⚠️ GoffiMatMul Warning: Result is exactly zero despite non-zero inputs (M=2048, N=256, K=4080, SampleA=0.0000, SampleB=0.0075)
⚠️ GoffiMatMul Warning: Result is exactly zero despite non-zero inputs (M=2048, N=256, K=256, SampleA=0.0000, SampleB=-0.0450)
⚠️ GoffiMatMul Warning: Result is exactly zero despite non-zero inputs (M=2048, N=256, K=4080, SampleA=0.0000, SampleB=0.0075)
⚠️ GoffiMatMul Warning: Result is exactly zero despite non-zero inputs (M=2048, N=256, K=4080, SampleA=0.0000, SampleB=0.0075)
⚠️ GoffiMatMul Warning: Result is exactly zero despite non-zero inputs (M=2048, N=256, K=256, SampleA=0.0000, SampleB=-0.0450)
⚠️ GoffiMatMul Warning: Result is exactly zero despite non-zero inputs (M=2048, N=256, K=4080, SampleA=0.0000, SampleB=0.0075)
⚠️ GoffiMatMul Warning: Result is exactly zero despite non-zero inputs (M=2048, N=256, K=256, SampleA=0.0000, SampleB=-0.0450)
⚠️ GoffiMatMul Warning: Result is exactly zero despite non-zero inputs (M=2048, N=256, K=4080, SampleA=0.0000, SampleB=0.0075)
⚠️ GoffiMatMul Warning: Result is exactly zero despite non-zero inputs (M=2048, N=256, K=256, SampleA=0.0000, SampleB=-0.0450)
⚠️ GoffiMatMul Warning: Result is exactly zero despite non-zero inputs (M=2048, N=256, K=4080, SampleA=0.0000, SampleB=0.0075)
⚠️ GoffiMatMul Warning: Result is exactly zero despite non-zero inputs (M=2048, N=256, K=256, SampleA=0.0000, SampleB=-0.0449)
⚠️ GoffiMatMul Warning: Result is exactly zero despite non-zero inputs (M=2048, N=256, K=4080, SampleA=0.0000, SampleB=0.0075)
⚠️ GoffiMatMul Warning: Result is exactly zero despite non-zero inputs (M=2048, N=256, K=256, SampleA=0.0000, SampleB=-0.0449)
2026/04/18 09:40:57 mlm_training.go:569: ⏳ MLM: Step 220 in progress...
⚠️ GoffiMatMul Warning: Result is exactly zero despite non-zero inputs (M=2048, N=256, K=4080, SampleA=0.0000, SampleB=0.0075)
⚠️ GoffiMatMul Warning: Result is exactly zero despite non-zero inputs (M=2048, N=256, K=256, SampleA=0.0000, SampleB=-0.0449)
⚠️ GoffiMatMul Warning: Result is exactly zero despite non-zero inputs (M=2048, N=256, K=4080, SampleA=0.0000, SampleB=0.0075)
⚠️ GoffiMatMul Warning: Result is exactly zero despite non-zero inputs (M=450, N=256, K=4080, SampleA=0.0000, SampleB=0.0076)
⚠️ GoffiMatMul Warning: Result is exactly zero despite non-zero inputs (M=450, N=256, K=256, SampleA=0.0000, SampleB=-0.0449)
2026/04/18 09:42:02 mlm_training.go:635: 🎓 [MLM] Epoch 5/20 Complete | Avg Loss: 7.2512 | PPL: 1409.7 | Batches: 45
2026/04/18 09:42:02 mlm_training.go:420: 🎓 MLM: Starting epoch 6 with 2831 sentences (Batch Size: 64)
⚠️ GoffiMatMul Warning: Result is exactly zero despite non-zero inputs (M=2048, N=256, K=4080, SampleA=0.0000, SampleB=0.0076)
⚠️ GoffiMatMul Warning: Result is exactly zero despite non-zero inputs (M=2048, N=256, K=256, SampleA=0.0000, SampleB=-0.0449)
⚠️ GoffiMatMul Warning: Result is exactly zero despite non-zero inputs (M=2048, N=256, K=4080, SampleA=0.0000, SampleB=0.0076)
⚠️ GoffiMatMul Warning: Result is exactly zero despite non-zero inputs (M=2048, N=256, K=256, SampleA=0.0000, SampleB=-0.0449)
⚠️ GoffiMatMul Warning: Result is exactly zero despite non-zero inputs (M=2048, N=256, K=4080, SampleA=0.0000, SampleB=0.0076)
⚠️ GoffiMatMul Warning: Result is exactly zero despite non-zero inputs (M=2048, N=256, K=256, SampleA=0.0000, SampleB=-0.0449)
⚠️ GoffiMatMul Warning: Result is exactly zero despite non-zero inputs (M=2048, N=256, K=4080, SampleA=0.0000, SampleB=0.0076)
⚠️ GoffiMatMul Warning: Result is exactly zero despite non-zero inputs (M=2048, N=256, K=256, SampleA=0.0000, SampleB=-0.0449)
⚠️ GoffiMatMul Warning: Result is exactly zero despite non-zero inputs (M=2048, N=256, K=4080, SampleA=0.0000, SampleB=0.0076)
⚠️ GoffiMatMul Warning: Result is exactly zero despite non-zero inputs (M=2048, N=256, K=256, SampleA=0.0000, SampleB=-0.0449)
2026/04/18 09:44:01 mlm_training.go:569: ⏳ MLM: Step 230 in progress...
⚠️ GoffiMatMul Warning: Result is exactly zero despite non-zero inputs (M=2048, N=256, K=4080, SampleA=0.0000, SampleB=0.0076)
⚠️ GoffiMatMul Warning: Result is exactly zero despite non-zero inputs (M=2048, N=256, K=256, SampleA=0.0000, SampleB=-0.0449)
⚠️ GoffiMatMul Warning: Result is exactly zero despite non-zero inputs (M=2048, N=256, K=4080, SampleA=0.0000, SampleB=0.0076)
⚠️ GoffiMatMul Warning: Result is exactly zero despite non-zero inputs (M=2048, N=256, K=256, SampleA=0.0000, SampleB=-0.0449)
⚠️ GoffiMatMul Warning: Result is exactly zero despite non-zero inputs (M=2048, N=256, K=4080, SampleA=0.0000, SampleB=0.0076)
⚠️ GoffiMatMul Warning: Result is exactly zero despite non-zero inputs (M=2048, N=256, K=256, SampleA=0.0000, SampleB=-0.0449)
⚠️ GoffiMatMul Warning: Result is exactly zero despite non-zero inputs (M=2048, N=256, K=4080, SampleA=0.0000, SampleB=0.0076)
⚠️ GoffiMatMul Warning: Result is exactly zero despite non-zero inputs (M=2048, N=256, K=256, SampleA=0.0000, SampleB=-0.0449)
⚠️ GoffiMatMul Warning: Result is exactly zero despite non-zero inputs (M=2048, N=256, K=4080, SampleA=0.0000, SampleB=0.0076)
⚠️ GoffiMatMul Warning: Result is exactly zero despite non-zero inputs (M=2048, N=256, K=4080, SampleA=0.0000, SampleB=0.0076)
⚠️ GoffiMatMul Warning: Result is exactly zero despite non-zero inputs (M=2048, N=256, K=256, SampleA=0.0000, SampleB=-0.0449)
⚠️ GoffiMatMul Warning: Result is exactly zero despite non-zero inputs (M=2048, N=256, K=4080, SampleA=0.0000, SampleB=0.0076)
⚠️ GoffiMatMul Warning: Result is exactly zero despite non-zero inputs (M=2048, N=256, K=256, SampleA=0.0000, SampleB=-0.0449)
⚠️ GoffiMatMul Warning: Result is exactly zero despite non-zero inputs (M=2048, N=256, K=4080, SampleA=0.0000, SampleB=0.0076)
⚠️ GoffiMatMul Warning: Result is exactly zero despite non-zero inputs (M=2048, N=256, K=256, SampleA=0.0000, SampleB=-0.0449)
⚠️ GoffiMatMul Warning: Result is exactly zero despite non-zero inputs (M=2048, N=256, K=4080, SampleA=0.0000, SampleB=0.0076)
⚠️ GoffiMatMul Warning: Result is exactly zero despite non-zero inputs (M=2048, N=256, K=256, SampleA=0.0000, SampleB=-0.0449)
⚠️ GoffiMatMul Warning: Result is exactly zero despite non-zero inputs (M=2048, N=256, K=4080, SampleA=0.0000, SampleB=0.0076)
⚠️ GoffiMatMul Warning: Result is exactly zero despite non-zero inputs (M=2048, N=256, K=256, SampleA=0.0000, SampleB=-0.0449)
2026/04/18 09:47:21 mlm_training.go:569: ⏳ MLM: Step 240 in progress...
⚠️ GoffiMatMul Warning: Result is exactly zero despite non-zero inputs (M=2048, N=256, K=4080, SampleA=0.0000, SampleB=0.0076)
⚠️ GoffiMatMul Warning: Result is exactly zero despite non-zero inputs (M=2048, N=256, K=4080, SampleA=0.0000, SampleB=0.0076)
⚠️ GoffiMatMul Warning: Result is exactly zero despite non-zero inputs (M=2048, N=256, K=256, SampleA=0.0000, SampleB=-0.0449)
⚠️ GoffiMatMul Warning: Result is exactly zero despite non-zero inputs (M=2048, N=256, K=4080, SampleA=0.0000, SampleB=0.0076)
⚠️ GoffiMatMul Warning: Result is exactly zero despite non-zero inputs (M=2048, N=256, K=256, SampleA=0.0000, SampleB=-0.0449)
⚠️ GoffiMatMul Warning: Result is exactly zero despite non-zero inputs (M=2048, N=256, K=4080, SampleA=0.0000, SampleB=0.0077)
⚠️ GoffiMatMul Warning: Result is exactly zero despite non-zero inputs (M=2048, N=256, K=256, SampleA=0.0000, SampleB=-0.0449)
⚠️ GoffiMatMul Warning: Result is exactly zero despite non-zero inputs (M=2048, N=256, K=4080, SampleA=0.0000, SampleB=0.0077)
⚠️ GoffiMatMul Warning: Result is exactly zero despite non-zero inputs (M=2048, N=256, K=256, SampleA=0.0000, SampleB=-0.0449)
⚠️ GoffiMatMul Warning: Result is exactly zero despite non-zero inputs (M=2048, N=256, K=4080, SampleA=0.0000, SampleB=0.0077)
⚠️ GoffiMatMul Warning: Result is exactly zero despite non-zero inputs (M=2048, N=256, K=256, SampleA=0.0000, SampleB=-0.0449)
⚠️ GoffiMatMul Warning: Result is exactly zero despite non-zero inputs (M=2048, N=256, K=4080, SampleA=0.0000, SampleB=0.0077)
⚠️ GoffiMatMul Warning: Result is exactly zero despite non-zero inputs (M=2048, N=256, K=4080, SampleA=0.0000, SampleB=0.0077)
⚠️ GoffiMatMul Warning: Result is exactly zero despite non-zero inputs (M=2048, N=256, K=256, SampleA=0.0000, SampleB=-0.0448)
⚠️ GoffiMatMul Warning: Result is exactly zero despite non-zero inputs (M=2048, N=256, K=4080, SampleA=0.0000, SampleB=0.0077)
⚠️ GoffiMatMul Warning: Result is exactly zero despite non-zero inputs (M=2048, N=256, K=256, SampleA=0.0000, SampleB=-0.0448)
2026/04/18 09:50:19 mlm_training.go:590: 🎓 [MLM] Step 250 | Loss: 7.3405 (smooth: 7.2195) | PPL: 1738.0 | LR: 0.004507 | 0.1 steps/s
2026/04/18 09:50:19 mlm_training.go:775: [Intent: social]    🔍 'it [___] puts' → Answer: 'really' | Predicted: .(0.9%), ?(0.5%), can(0.3%) ❌
⚠️ GoffiMatMul Warning: Result is exactly zero despite non-zero inputs (M=2048, N=256, K=4080, SampleA=0.0000, SampleB=0.0077)
⚠️ GoffiMatMul Warning: Result is exactly zero despite non-zero inputs (M=2048, N=256, K=256, SampleA=0.0000, SampleB=-0.0448)
2026/04/18 09:50:39 mlm_training.go:569: ⏳ MLM: Step 250 in progress...
⚠️ GoffiMatMul Warning: Result is exactly zero despite non-zero inputs (M=2048, N=256, K=4080, SampleA=0.0000, SampleB=0.0077)
⚠️ GoffiMatMul Warning: Result is exactly zero despite non-zero inputs (M=2048, N=256, K=256, SampleA=0.0000, SampleB=-0.0448)
⚠️ GoffiMatMul Warning: Result is exactly zero despite non-zero inputs (M=2048, N=256, K=4080, SampleA=0.0000, SampleB=0.0077)
⚠️ GoffiMatMul Warning: Result is exactly zero despite non-zero inputs (M=2048, N=256, K=256, SampleA=0.0000, SampleB=-0.0448)
⚠️ GoffiMatMul Warning: Result is exactly zero despite non-zero inputs (M=2048, N=256, K=4080, SampleA=0.0000, SampleB=0.0077)
⚠️ GoffiMatMul Warning: Result is exactly zero despite non-zero inputs (M=2048, N=256, K=256, SampleA=0.0000, SampleB=-0.0448)
⚠️ GoffiMatMul Warning: Result is exactly zero despite non-zero inputs (M=2048, N=256, K=4080, SampleA=0.0000, SampleB=0.0077)
⚠️ GoffiMatMul Warning: Result is exactly zero despite non-zero inputs (M=2048, N=256, K=4080, SampleA=0.0000, SampleB=0.0077)
⚠️ GoffiMatMul Warning: Result is exactly zero despite non-zero inputs (M=2048, N=256, K=256, SampleA=0.0000, SampleB=-0.0448)
⚠️ GoffiMatMul Warning: Result is exactly zero despite non-zero inputs (M=2048, N=256, K=4080, SampleA=0.0000, SampleB=0.0077)
⚠️ GoffiMatMul Warning: Result is exactly zero despite non-zero inputs (M=2048, N=256, K=256, SampleA=0.0000, SampleB=-0.0448)
⚠️ GoffiMatMul Warning: Result is exactly zero despite non-zero inputs (M=2048, N=256, K=4080, SampleA=0.0000, SampleB=0.0077)
⚠️ GoffiMatMul Warning: Result is exactly zero despite non-zero inputs (M=2048, N=256, K=256, SampleA=0.0000, SampleB=-0.0448)
⚠️ GoffiMatMul Warning: Result is exactly zero despite non-zero inputs (M=2048, N=256, K=4080, SampleA=0.0000, SampleB=0.0077)
⚠️ GoffiMatMul Warning: Result is exactly zero despite non-zero inputs (M=2048, N=256, K=256, SampleA=0.0000, SampleB=-0.0448)
⚠️ GoffiMatMul Warning: Result is exactly zero despite non-zero inputs (M=2048, N=256, K=4080, SampleA=0.0000, SampleB=0.0077)
⚠️ GoffiMatMul Warning: Result is exactly zero despite non-zero inputs (M=2048, N=256, K=256, SampleA=0.0000, SampleB=-0.0448)
⚠️ GoffiMatMul Warning: Result is exactly zero despite non-zero inputs (M=2048, N=256, K=4080, SampleA=0.0000, SampleB=0.0077)
⚠️ GoffiMatMul Warning: Result is exactly zero despite non-zero inputs (M=2048, N=256, K=256, SampleA=0.0000, SampleB=-0.0448)
2026/04/18 09:53:57 mlm_training.go:569: ⏳ MLM: Step 260 in progress...
⚠️ GoffiMatMul Warning: Result is exactly zero despite non-zero inputs (M=2048, N=256, K=4080, SampleA=0.0000, SampleB=0.0077)
⚠️ GoffiMatMul Warning: Result is exactly zero despite non-zero inputs (M=2048, N=256, K=256, SampleA=0.0000, SampleB=-0.0448)
⚠️ GoffiMatMul Warning: Result is exactly zero despite non-zero inputs (M=2048, N=256, K=4080, SampleA=0.0000, SampleB=0.0077)
⚠️ GoffiMatMul Warning: Result is exactly zero despite non-zero inputs (M=2048, N=256, K=256, SampleA=0.0000, SampleB=-0.0448)
⚠️ GoffiMatMul Warning: Result is exactly zero despite non-zero inputs (M=2048, N=256, K=4080, SampleA=0.0000, SampleB=0.0077)
⚠️ GoffiMatMul Warning: Result is exactly zero despite non-zero inputs (M=2048, N=256, K=256, SampleA=0.0000, SampleB=-0.0448)
⚠️ GoffiMatMul Warning: Result is exactly zero despite non-zero inputs (M=2048, N=256, K=4080, SampleA=0.0000, SampleB=0.0077)
⚠️ GoffiMatMul Warning: Result is exactly zero despite non-zero inputs (M=2048, N=256, K=256, SampleA=0.0000, SampleB=-0.0448)
⚠️ GoffiMatMul Warning: Result is exactly zero despite non-zero inputs (M=2048, N=256, K=4080, SampleA=0.0000, SampleB=0.0077)
⚠️ GoffiMatMul Warning: Result is exactly zero despite non-zero inputs (M=2048, N=256, K=256, SampleA=0.0000, SampleB=-0.0448)
⚠️ GoffiMatMul Warning: Result is exactly zero despite non-zero inputs (M=2048, N=256, K=4080, SampleA=0.0000, SampleB=0.0077)
⚠️ GoffiMatMul Warning: Result is exactly zero despite non-zero inputs (M=2048, N=256, K=256, SampleA=0.0000, SampleB=-0.0448)
⚠️ GoffiMatMul Warning: Result is exactly zero despite non-zero inputs (M=2048, N=256, K=4080, SampleA=0.0000, SampleB=0.0077)
⚠️ GoffiMatMul Warning: Result is exactly zero despite non-zero inputs (M=2048, N=256, K=256, SampleA=0.0000, SampleB=-0.0448)
⚠️ GoffiMatMul Warning: Result is exactly zero despite non-zero inputs (M=2048, N=256, K=4080, SampleA=0.0000, SampleB=0.0077)
⚠️ GoffiMatMul Warning: Result is exactly zero despite non-zero inputs (M=2048, N=256, K=256, SampleA=0.0000, SampleB=-0.0448)
⚠️ GoffiMatMul Warning: Result is exactly zero despite non-zero inputs (M=405, N=256, K=4080, SampleA=0.0000, SampleB=0.0077)
⚠️ GoffiMatMul Warning: Result is exactly zero despite non-zero inputs (M=405, N=256, K=256, SampleA=0.0000, SampleB=-0.0448)
2026/04/18 09:56:36 mlm_training.go:635: 🎓 [MLM] Epoch 6/20 Complete | Avg Loss: 7.1873 | PPL: 1322.6 | Batches: 45
2026/04/18 09:56:36 mlm_training.go:420: 🎓 MLM: Starting epoch 7 with 2831 sentences (Batch Size: 64)
⚠️ GoffiMatMul Warning: Result is exactly zero despite non-zero inputs (M=2048, N=256, K=4080, SampleA=0.0000, SampleB=0.0077)
⚠️ GoffiMatMul Warning: Result is exactly zero despite non-zero inputs (M=2048, N=256, K=256, SampleA=0.0000, SampleB=-0.0448)
2026/04/18 09:56:55 mlm_training.go:569: ⏳ MLM: Step 270 in progress...
⚠️ GoffiMatMul Warning: Result is exactly zero despite non-zero inputs (M=2048, N=256, K=4080, SampleA=0.0000, SampleB=0.0077)
⚠️ GoffiMatMul Warning: Result is exactly zero despite non-zero inputs (M=2048, N=256, K=256, SampleA=0.0000, SampleB=-0.0448)
⚠️ GoffiMatMul Warning: Result is exactly zero despite non-zero inputs (M=2048, N=256, K=4080, SampleA=0.0000, SampleB=0.0078)
⚠️ GoffiMatMul Warning: Result is exactly zero despite non-zero inputs (M=2048, N=256, K=256, SampleA=0.0000, SampleB=-0.0448)
⚠️ GoffiMatMul Warning: Result is exactly zero despite non-zero inputs (M=2048, N=256, K=4080, SampleA=0.0000, SampleB=0.0078)
⚠️ GoffiMatMul Warning: Result is exactly zero despite non-zero inputs (M=2048, N=256, K=256, SampleA=0.0000, SampleB=-0.0447)
⚠️ GoffiMatMul Warning: Result is exactly zero despite non-zero inputs (M=2048, N=256, K=4080, SampleA=0.0000, SampleB=0.0078)
⚠️ GoffiMatMul Warning: Result is exactly zero despite non-zero inputs (M=2048, N=256, K=256, SampleA=0.0000, SampleB=-0.0447)
⚠️ GoffiMatMul Warning: Result is exactly zero despite non-zero inputs (M=2048, N=256, K=4080, SampleA=0.0000, SampleB=0.0078)
⚠️ GoffiMatMul Warning: Result is exactly zero despite non-zero inputs (M=2048, N=256, K=256, SampleA=0.0000, SampleB=-0.0447)
⚠️ GoffiMatMul Warning: Result is exactly zero despite non-zero inputs (M=2048, N=256, K=4080, SampleA=0.0000, SampleB=0.0078)
⚠️ GoffiMatMul Warning: Result is exactly zero despite non-zero inputs (M=2048, N=256, K=256, SampleA=0.0000, SampleB=-0.0447)
⚠️ GoffiMatMul Warning: Result is exactly zero despite non-zero inputs (M=2048, N=256, K=4080, SampleA=0.0000, SampleB=0.0078)
⚠️ GoffiMatMul Warning: Result is exactly zero despite non-zero inputs (M=2048, N=256, K=4080, SampleA=0.0000, SampleB=0.0078)
⚠️ GoffiMatMul Warning: Result is exactly zero despite non-zero inputs (M=2048, N=256, K=256, SampleA=0.0000, SampleB=-0.0447)
⚠️ GoffiMatMul Warning: Result is exactly zero despite non-zero inputs (M=1920, N=256, K=4080, SampleA=0.0000, SampleB=0.0078)
⚠️ GoffiMatMul Warning: Result is exactly zero despite non-zero inputs (M=1920, N=256, K=256, SampleA=0.0000, SampleB=-0.0447)
⚠️ GoffiMatMul Warning: Result is exactly zero despite non-zero inputs (M=2048, N=256, K=4080, SampleA=0.0000, SampleB=0.0078)
⚠️ GoffiMatMul Warning: Result is exactly zero despite non-zero inputs (M=2048, N=256, K=256, SampleA=0.0000, SampleB=-0.0447)
2026/04/18 10:00:09 mlm_training.go:569: ⏳ MLM: Step 280 in progress...
⚠️ GoffiMatMul Warning: Result is exactly zero despite non-zero inputs (M=2048, N=256, K=4080, SampleA=0.0000, SampleB=0.0078)
⚠️ GoffiMatMul Warning: Result is exactly zero despite non-zero inputs (M=2048, N=256, K=256, SampleA=0.0000, SampleB=-0.0447)
⚠️ GoffiMatMul Warning: Result is exactly zero despite non-zero inputs (M=2048, N=256, K=4080, SampleA=0.0000, SampleB=0.0078)
⚠️ GoffiMatMul Warning: Result is exactly zero despite non-zero inputs (M=2048, N=256, K=256, SampleA=0.0000, SampleB=-0.0447)
⚠️ GoffiMatMul Warning: Result is exactly zero despite non-zero inputs (M=2048, N=256, K=4080, SampleA=0.0000, SampleB=0.0078)
⚠️ GoffiMatMul Warning: Result is exactly zero despite non-zero inputs (M=2048, N=256, K=256, SampleA=0.0000, SampleB=-0.0447)
⚠️ GoffiMatMul Warning: Result is exactly zero despite non-zero inputs (M=2048, N=256, K=4080, SampleA=0.0000, SampleB=0.0078)
⚠️ GoffiMatMul Warning: Result is exactly zero despite non-zero inputs (M=2048, N=256, K=256, SampleA=0.0000, SampleB=-0.0447)
⚠️ GoffiMatMul Warning: Result is exactly zero despite non-zero inputs (M=2048, N=256, K=4080, SampleA=0.0000, SampleB=0.0078)
⚠️ GoffiMatMul Warning: Result is exactly zero despite non-zero inputs (M=2048, N=256, K=256, SampleA=0.0000, SampleB=-0.0446)
⚠️ GoffiMatMul Warning: Result is exactly zero despite non-zero inputs (M=2048, N=256, K=4080, SampleA=0.0000, SampleB=0.0078)
⚠️ GoffiMatMul Warning: Result is exactly zero despite non-zero inputs (M=2048, N=256, K=256, SampleA=0.0000, SampleB=-0.0446)
⚠️ GoffiMatMul Warning: Result is exactly zero despite non-zero inputs (M=2048, N=256, K=4080, SampleA=0.0000, SampleB=0.0078)
⚠️ GoffiMatMul Warning: Result is exactly zero despite non-zero inputs (M=2048, N=256, K=4080, SampleA=0.0000, SampleB=0.0078)
⚠️ GoffiMatMul Warning: Result is exactly zero despite non-zero inputs (M=2048, N=256, K=256, SampleA=0.0000, SampleB=-0.0446)
⚠️ GoffiMatMul Warning: Result is exactly zero despite non-zero inputs (M=2048, N=256, K=4080, SampleA=0.0000, SampleB=0.0078)
⚠️ GoffiMatMul Warning: Result is exactly zero despite non-zero inputs (M=2048, N=256, K=256, SampleA=0.0000, SampleB=-0.0446)
⚠️ GoffiMatMul Warning: Result is exactly zero despite non-zero inputs (M=2048, N=256, K=4080, SampleA=0.0000, SampleB=0.0078)
⚠️ GoffiMatMul Warning: Result is exactly zero despite non-zero inputs (M=2048, N=256, K=256, SampleA=0.0000, SampleB=-0.0446)
2026/04/18 10:03:33 mlm_training.go:569: ⏳ MLM: Step 290 in progress...
⚠️ GoffiMatMul Warning: Result is exactly zero despite non-zero inputs (M=2048, N=256, K=4080, SampleA=0.0000, SampleB=0.0078)
⚠️ GoffiMatMul Warning: Result is exactly zero despite non-zero inputs (M=2048, N=256, K=256, SampleA=0.0000, SampleB=-0.0446)
⚠️ GoffiMatMul Warning: Result is exactly zero despite non-zero inputs (M=2048, N=256, K=4080, SampleA=0.0000, SampleB=0.0078)
⚠️ GoffiMatMul Warning: Result is exactly zero despite non-zero inputs (M=2048, N=256, K=256, SampleA=0.0000, SampleB=-0.0446)
⚠️ GoffiMatMul Warning: Result is exactly zero despite non-zero inputs (M=2048, N=256, K=4080, SampleA=0.0000, SampleB=0.0078)
⚠️ GoffiMatMul Warning: Result is exactly zero despite non-zero inputs (M=2048, N=256, K=256, SampleA=0.0000, SampleB=-0.0446)
⚠️ GoffiMatMul Warning: Result is exactly zero despite non-zero inputs (M=2048, N=256, K=4080, SampleA=0.0000, SampleB=0.0078)
⚠️ GoffiMatMul Warning: Result is exactly zero despite non-zero inputs (M=2048, N=256, K=256, SampleA=0.0000, SampleB=-0.0446)
⚠️ GoffiMatMul Warning: Result is exactly zero despite non-zero inputs (M=2048, N=256, K=4080, SampleA=0.0000, SampleB=0.0078)
⚠️ GoffiMatMul Warning: Result is exactly zero despite non-zero inputs (M=2048, N=256, K=4080, SampleA=0.0000, SampleB=0.0078)
⚠️ GoffiMatMul Warning: Result is exactly zero despite non-zero inputs (M=2048, N=256, K=256, SampleA=0.0000, SampleB=-0.0446)
⚠️ GoffiMatMul Warning: Result is exactly zero despite non-zero inputs (M=2048, N=256, K=4080, SampleA=0.0000, SampleB=0.0078)
⚠️ GoffiMatMul Warning: Result is exactly zero despite non-zero inputs (M=2048, N=256, K=256, SampleA=0.0000, SampleB=-0.0446)
⚠️ GoffiMatMul Warning: Result is exactly zero despite non-zero inputs (M=2048, N=256, K=4080, SampleA=0.0000, SampleB=0.0078)
⚠️ GoffiMatMul Warning: Result is exactly zero despite non-zero inputs (M=2048, N=256, K=256, SampleA=0.0000, SampleB=-0.0446)
⚠️ GoffiMatMul Warning: Result is exactly zero despite non-zero inputs (M=2048, N=256, K=4080, SampleA=0.0000, SampleB=0.0078)
⚠️ GoffiMatMul Warning: Result is exactly zero despite non-zero inputs (M=2048, N=256, K=256, SampleA=0.0000, SampleB=-0.0445)
2026/04/18 10:06:15 mlm_training.go:590: 🎓 [MLM] Step 300 | Loss: 7.2842 (smooth: 7.2022) | PPL: 1698.4 | LR: 0.004174 | 0.1 steps/s
2026/04/18 10:06:15 mlm_training.go:775: [Intent: social]    🔍 '] [___] ' → Answer: 'i' | Predicted: .(0.9%), ?(0.5%), can(0.4%) ❌
⚠️ GoffiMatMul Warning: Result is exactly zero despite non-zero inputs (M=2048, N=256, K=4080, SampleA=0.0000, SampleB=0.0078)
⚠️ GoffiMatMul Warning: Result is exactly zero despite non-zero inputs (M=2048, N=256, K=256, SampleA=0.0000, SampleB=-0.0445)
2026/04/18 10:06:31 mlm_training.go:569: ⏳ MLM: Step 300 in progress...
⚠️ GoffiMatMul Warning: Result is exactly zero despite non-zero inputs (M=2048, N=256, K=4080, SampleA=0.0000, SampleB=0.0078)
⚠️ GoffiMatMul Warning: Result is exactly zero despite non-zero inputs (M=2048, N=256, K=256, SampleA=0.0000, SampleB=-0.0445)
⚠️ GoffiMatMul Warning: Result is exactly zero despite non-zero inputs (M=2048, N=256, K=4080, SampleA=0.0000, SampleB=0.0078)
⚠️ GoffiMatMul Warning: Result is exactly zero despite non-zero inputs (M=2048, N=256, K=256, SampleA=0.0000, SampleB=-0.0445)
⚠️ GoffiMatMul Warning: Result is exactly zero despite non-zero inputs (M=2048, N=256, K=4080, SampleA=0.0000, SampleB=0.0078)
⚠️ GoffiMatMul Warning: Result is exactly zero despite non-zero inputs (M=2048, N=256, K=256, SampleA=0.0000, SampleB=-0.0445)
⚠️ GoffiMatMul Warning: Result is exactly zero despite non-zero inputs (M=2048, N=256, K=4080, SampleA=0.0000, SampleB=0.0078)
⚠️ GoffiMatMul Warning: Result is exactly zero despite non-zero inputs (M=2048, N=256, K=256, SampleA=0.0000, SampleB=-0.0445)
⚠️ GoffiMatMul Warning: Result is exactly zero despite non-zero inputs (M=2048, N=256, K=4080, SampleA=0.0000, SampleB=0.0078)
⚠️ GoffiMatMul Warning: Result is exactly zero despite non-zero inputs (M=2048, N=256, K=256, SampleA=0.0000, SampleB=-0.0445)
⚠️ GoffiMatMul Warning: Result is exactly zero despite non-zero inputs (M=2048, N=256, K=4080, SampleA=0.0000, SampleB=0.0078)
⚠️ GoffiMatMul Warning: Result is exactly zero despite non-zero inputs (M=2048, N=256, K=256, SampleA=0.0000, SampleB=-0.0445)
⚠️ GoffiMatMul Warning: Result is exactly zero despite non-zero inputs (M=2048, N=256, K=4080, SampleA=0.0000, SampleB=0.0078)
⚠️ GoffiMatMul Warning: Result is exactly zero despite non-zero inputs (M=2048, N=256, K=256, SampleA=0.0000, SampleB=-0.0445)
⚠️ GoffiMatMul Warning: Result is exactly zero despite non-zero inputs (M=2048, N=256, K=4080, SampleA=0.0000, SampleB=0.0078)
⚠️ GoffiMatMul Warning: Result is exactly zero despite non-zero inputs (M=2048, N=256, K=256, SampleA=0.0000, SampleB=-0.0445)
⚠️ GoffiMatMul Warning: Result is exactly zero despite non-zero inputs (M=2048, N=256, K=4080, SampleA=0.0000, SampleB=0.0078)
⚠️ GoffiMatMul Warning: Result is exactly zero despite non-zero inputs (M=2048, N=256, K=256, SampleA=0.0000, SampleB=-0.0445)
⚠️ GoffiMatMul Warning: Result is exactly zero despite non-zero inputs (M=2048, N=256, K=4080, SampleA=0.0000, SampleB=0.0078)
⚠️ GoffiMatMul Warning: Result is exactly zero despite non-zero inputs (M=2048, N=256, K=256, SampleA=0.0000, SampleB=-0.0445)
2026/04/18 10:09:10 mlm_training.go:569: ⏳ MLM: Step 310 in progress...
⚠️ GoffiMatMul Warning: Result is exactly zero despite non-zero inputs (M=2048, N=256, K=4080, SampleA=0.0000, SampleB=0.0079)
⚠️ GoffiMatMul Warning: Result is exactly zero despite non-zero inputs (M=2048, N=256, K=256, SampleA=0.0000, SampleB=-0.0445)
⚠️ GoffiMatMul Warning: Result is exactly zero despite non-zero inputs (M=2048, N=256, K=4080, SampleA=0.0000, SampleB=0.0079)
⚠️ GoffiMatMul Warning: Result is exactly zero despite non-zero inputs (M=2048, N=256, K=256, SampleA=0.0000, SampleB=-0.0445)
⚠️ GoffiMatMul Warning: Result is exactly zero despite non-zero inputs (M=2048, N=256, K=4080, SampleA=0.0000, SampleB=0.0079)
⚠️ GoffiMatMul Warning: Result is exactly zero despite non-zero inputs (M=345, N=256, K=4080, SampleA=0.0000, SampleB=0.0079)
⚠️ GoffiMatMul Warning: Result is exactly zero despite non-zero inputs (M=345, N=256, K=256, SampleA=0.0000, SampleB=-0.0444)
2026/04/18 10:10:01 mlm_training.go:635: 🎓 [MLM] Epoch 7/20 Complete | Avg Loss: 7.1878 | PPL: 1323.1 | Batches: 45
2026/04/18 10:10:01 mlm_training.go:420: 🎓 MLM: Starting epoch 8 with 2831 sentences (Batch Size: 64)
⚠️ GoffiMatMul Warning: Result is exactly zero despite non-zero inputs (M=2048, N=256, K=4080, SampleA=0.0000, SampleB=0.0079)
⚠️ GoffiMatMul Warning: Result is exactly zero despite non-zero inputs (M=2048, N=256, K=256, SampleA=0.0000, SampleB=-0.0444)
⚠️ GoffiMatMul Warning: Result is exactly zero despite non-zero inputs (M=2048, N=256, K=4080, SampleA=0.0000, SampleB=0.0079)
⚠️ GoffiMatMul Warning: Result is exactly zero despite non-zero inputs (M=2048, N=256, K=256, SampleA=0.0000, SampleB=-0.0444)
⚠️ GoffiMatMul Warning: Result is exactly zero despite non-zero inputs (M=2048, N=256, K=4080, SampleA=0.0000, SampleB=0.0079)
⚠️ GoffiMatMul Warning: Result is exactly zero despite non-zero inputs (M=2048, N=256, K=256, SampleA=0.0000, SampleB=-0.0444)
⚠️ GoffiMatMul Warning: Result is exactly zero despite non-zero inputs (M=2048, N=256, K=4080, SampleA=0.0000, SampleB=0.0079)
⚠️ GoffiMatMul Warning: Result is exactly zero despite non-zero inputs (M=2048, N=256, K=256, SampleA=0.0000, SampleB=-0.0444)
⚠️ GoffiMatMul Warning: Result is exactly zero despite non-zero inputs (M=2048, N=256, K=4080, SampleA=0.0000, SampleB=0.0079)
⚠️ GoffiMatMul Warning: Result is exactly zero despite non-zero inputs (M=2048, N=256, K=256, SampleA=0.0000, SampleB=-0.0444)
⚠️ GoffiMatMul Warning: Result is exactly zero despite non-zero inputs (M=2048, N=256, K=4080, SampleA=0.0000, SampleB=0.0079)
2026/04/18 10:11:40 mlm_training.go:569: ⏳ MLM: Step 320 in progress...
⚠️ GoffiMatMul Warning: Result is exactly zero despite non-zero inputs (M=2048, N=256, K=4080, SampleA=0.0000, SampleB=0.0079)
⚠️ GoffiMatMul Warning: Result is exactly zero despite non-zero inputs (M=2048, N=256, K=256, SampleA=0.0000, SampleB=-0.0444)
⚠️ GoffiMatMul Warning: Result is exactly zero despite non-zero inputs (M=2048, N=256, K=4080, SampleA=0.0000, SampleB=0.0079)
⚠️ GoffiMatMul Warning: Result is exactly zero despite non-zero inputs (M=2048, N=256, K=256, SampleA=0.0000, SampleB=-0.0444)
⚠️ GoffiMatMul Warning: Result is exactly zero despite non-zero inputs (M=2048, N=256, K=4080, SampleA=0.0000, SampleB=0.0079)
⚠️ GoffiMatMul Warning: Result is exactly zero despite non-zero inputs (M=2048, N=256, K=256, SampleA=0.0000, SampleB=-0.0443)
⚠️ GoffiMatMul Warning: Result is exactly zero despite non-zero inputs (M=2048, N=256, K=4080, SampleA=0.0000, SampleB=0.0079)
⚠️ GoffiMatMul Warning: Result is exactly zero despite non-zero inputs (M=2048, N=256, K=256, SampleA=0.0000, SampleB=-0.0443)
⚠️ GoffiMatMul Warning: Result is exactly zero despite non-zero inputs (M=2048, N=256, K=4080, SampleA=0.0000, SampleB=0.0079)
⚠️ GoffiMatMul Warning: Result is exactly zero despite non-zero inputs (M=2048, N=256, K=256, SampleA=0.0000, SampleB=-0.0443)
⚠️ GoffiMatMul Warning: Result is exactly zero despite non-zero inputs (M=2048, N=256, K=4080, SampleA=0.0000, SampleB=0.0079)
⚠️ GoffiMatMul Warning: Result is exactly zero despite non-zero inputs (M=2048, N=256, K=256, SampleA=0.0000, SampleB=-0.0443)
⚠️ GoffiMatMul Warning: Result is exactly zero despite non-zero inputs (M=2048, N=256, K=4080, SampleA=0.0000, SampleB=0.0079)
⚠️ GoffiMatMul Warning: Result is exactly zero despite non-zero inputs (M=2048, N=256, K=256, SampleA=0.0000, SampleB=-0.0443)
⚠️ GoffiMatMul Warning: Result is exactly zero despite non-zero inputs (M=2048, N=256, K=4080, SampleA=0.0000, SampleB=0.0079)
⚠️ GoffiMatMul Warning: Result is exactly zero despite non-zero inputs (M=2048, N=256, K=256, SampleA=0.0000, SampleB=-0.0442)
⚠️ GoffiMatMul Warning: Result is exactly zero despite non-zero inputs (M=2048, N=256, K=4080, SampleA=0.0000, SampleB=0.0079)
⚠️ GoffiMatMul Warning: Result is exactly zero despite non-zero inputs (M=2048, N=256, K=256, SampleA=0.0000, SampleB=-0.0442)
⚠️ GoffiMatMul Warning: Result is exactly zero despite non-zero inputs (M=2048, N=256, K=4080, SampleA=0.0000, SampleB=0.0079)
⚠️ GoffiMatMul Warning: Result is exactly zero despite non-zero inputs (M=2048, N=256, K=256, SampleA=0.0000, SampleB=-0.0442)
2026/04/18 10:14:21 mlm_training.go:569: ⏳ MLM: Step 330 in progress...
⚠️ GoffiMatMul Warning: Result is exactly zero despite non-zero inputs (M=2048, N=256, K=4080, SampleA=0.0000, SampleB=0.0080)
⚠️ GoffiMatMul Warning: Result is exactly zero despite non-zero inputs (M=2048, N=256, K=256, SampleA=0.0000, SampleB=-0.0442)
⚠️ GoffiMatMul Warning: Result is exactly zero despite non-zero inputs (M=2048, N=256, K=4080, SampleA=0.0000, SampleB=0.0080)
⚠️ GoffiMatMul Warning: Result is exactly zero despite non-zero inputs (M=2048, N=256, K=256, SampleA=0.0000, SampleB=-0.0441)
⚠️ GoffiMatMul Warning: Result is exactly zero despite non-zero inputs (M=2048, N=256, K=4080, SampleA=0.0000, SampleB=0.0080)
⚠️ GoffiMatMul Warning: Result is exactly zero despite non-zero inputs (M=2048, N=256, K=256, SampleA=0.0000, SampleB=-0.0441)
⚠️ GoffiMatMul Warning: Result is exactly zero despite non-zero inputs (M=2048, N=256, K=4080, SampleA=0.0000, SampleB=0.0080)
⚠️ GoffiMatMul Warning: Result is exactly zero despite non-zero inputs (M=2048, N=256, K=256, SampleA=0.0000, SampleB=-0.0441)
⚠️ GoffiMatMul Warning: Result is exactly zero despite non-zero inputs (M=2048, N=256, K=4080, SampleA=0.0000, SampleB=0.0080)
⚠️ GoffiMatMul Warning: Result is exactly zero despite non-zero inputs (M=2048, N=256, K=256, SampleA=0.0000, SampleB=-0.0441)
⚠️ GoffiMatMul Warning: Result is exactly zero despite non-zero inputs (M=2048, N=256, K=4080, SampleA=0.0000, SampleB=0.0080)
⚠️ GoffiMatMul Warning: Result is exactly zero despite non-zero inputs (M=2048, N=256, K=256, SampleA=0.0000, SampleB=-0.0440)
⚠️ GoffiMatMul Warning: Result is exactly zero despite non-zero inputs (M=2048, N=256, K=4080, SampleA=0.0000, SampleB=0.0080)
⚠️ GoffiMatMul Warning: Result is exactly zero despite non-zero inputs (M=2048, N=256, K=256, SampleA=0.0000, SampleB=-0.0440)
⚠️ GoffiMatMul Warning: Result is exactly zero despite non-zero inputs (M=2048, N=256, K=4080, SampleA=0.0000, SampleB=0.0080)
⚠️ GoffiMatMul Warning: Result is exactly zero despite non-zero inputs (M=2048, N=256, K=256, SampleA=0.0000, SampleB=-0.0440)
⚠️ GoffiMatMul Warning: Result is exactly zero despite non-zero inputs (M=2048, N=256, K=4080, SampleA=0.0000, SampleB=0.0080)
⚠️ GoffiMatMul Warning: Result is exactly zero despite non-zero inputs (M=2048, N=256, K=256, SampleA=0.0000, SampleB=-0.0440)
⚠️ GoffiMatMul Warning: Result is exactly zero despite non-zero inputs (M=2048, N=256, K=4080, SampleA=0.0000, SampleB=0.0080)
⚠️ GoffiMatMul Warning: Result is exactly zero despite non-zero inputs (M=2048, N=256, K=256, SampleA=0.0000, SampleB=-0.0440)
2026/04/18 10:17:12 mlm_training.go:569: ⏳ MLM: Step 340 in progress...
⚠️ GoffiMatMul Warning: Result is exactly zero despite non-zero inputs (M=2048, N=256, K=4080, SampleA=0.0000, SampleB=0.0080)
⚠️ GoffiMatMul Warning: Result is exactly zero despite non-zero inputs (M=2048, N=256, K=4080, SampleA=0.0000, SampleB=0.0080)
⚠️ GoffiMatMul Warning: Result is exactly zero despite non-zero inputs (M=2048, N=256, K=256, SampleA=0.0000, SampleB=-0.0439)
⚠️ GoffiMatMul Warning: Result is exactly zero despite non-zero inputs (M=2048, N=256, K=4080, SampleA=0.0000, SampleB=0.0080)
⚠️ GoffiMatMul Warning: Result is exactly zero despite non-zero inputs (M=2048, N=256, K=256, SampleA=0.0000, SampleB=-0.0439)
⚠️ GoffiMatMul Warning: Result is exactly zero despite non-zero inputs (M=2048, N=256, K=4080, SampleA=0.0000, SampleB=0.0080)
⚠️ GoffiMatMul Warning: Result is exactly zero despite non-zero inputs (M=2048, N=256, K=256, SampleA=0.0000, SampleB=-0.0439)
⚠️ GoffiMatMul Warning: Result is exactly zero despite non-zero inputs (M=2048, N=256, K=4080, SampleA=0.0000, SampleB=0.0081)
⚠️ GoffiMatMul Warning: Result is exactly zero despite non-zero inputs (M=2048, N=256, K=256, SampleA=0.0000, SampleB=-0.0439)
⚠️ GoffiMatMul Warning: Result is exactly zero despite non-zero inputs (M=1856, N=256, K=4080, SampleA=0.0000, SampleB=0.0081)
⚠️ GoffiMatMul Warning: Result is exactly zero despite non-zero inputs (M=1856, N=256, K=256, SampleA=0.0000, SampleB=-0.0439)
⚠️ GoffiMatMul Warning: Result is exactly zero despite non-zero inputs (M=2048, N=256, K=4080, SampleA=0.0000, SampleB=0.0081)
⚠️ GoffiMatMul Warning: Result is exactly zero despite non-zero inputs (M=2048, N=256, K=256, SampleA=0.0000, SampleB=-0.0438)
⚠️ GoffiMatMul Warning: Result is exactly zero despite non-zero inputs (M=2048, N=256, K=4080, SampleA=0.0000, SampleB=0.0081)
⚠️ GoffiMatMul Warning: Result is exactly zero despite non-zero inputs (M=2048, N=256, K=256, SampleA=0.0000, SampleB=-0.0438)
⚠️ GoffiMatMul Warning: Result is exactly zero despite non-zero inputs (M=2048, N=256, K=4080, SampleA=0.0000, SampleB=0.0081)
⚠️ GoffiMatMul Warning: Result is exactly zero despite non-zero inputs (M=2048, N=256, K=256, SampleA=0.0000, SampleB=-0.0438)
2026/04/18 10:19:36 mlm_training.go:590: 🎓 [MLM] Step 350 | Loss: 7.3061 (smooth: 7.1830) | PPL: 1660.3 | LR: 0.003776 | 0.1 steps/s
2026/04/18 10:19:36 mlm_training.go:775: [Intent: social]    🔍 'want [___] watch' → Answer: 'to' | Predicted: .(0.9%), ?(0.5%), can(0.4%) ❌
⚠️ GoffiMatMul Warning: Result is exactly zero despite non-zero inputs (M=2048, N=256, K=4080, SampleA=0.0000, SampleB=0.0081)
⚠️ GoffiMatMul Warning: Result is exactly zero despite non-zero inputs (M=2048, N=256, K=256, SampleA=0.0000, SampleB=-0.0438)
2026/04/18 10:19:54 mlm_training.go:569: ⏳ MLM: Step 350 in progress...
⚠️ GoffiMatMul Warning: Result is exactly zero despite non-zero inputs (M=2048, N=256, K=4080, SampleA=0.0000, SampleB=0.0081)
⚠️ GoffiMatMul Warning: Result is exactly zero despite non-zero inputs (M=2048, N=256, K=256, SampleA=0.0000, SampleB=-0.0438)
⚠️ GoffiMatMul Warning: Result is exactly zero despite non-zero inputs (M=2048, N=256, K=4080, SampleA=0.0000, SampleB=0.0081)
⚠️ GoffiMatMul Warning: Result is exactly zero despite non-zero inputs (M=2048, N=256, K=256, SampleA=0.0000, SampleB=-0.0438)
⚠️ GoffiMatMul Warning: Result is exactly zero despite non-zero inputs (M=2048, N=256, K=4080, SampleA=0.0000, SampleB=0.0081)
⚠️ GoffiMatMul Warning: Result is exactly zero despite non-zero inputs (M=2048, N=256, K=256, SampleA=0.0000, SampleB=-0.0438)
⚠️ GoffiMatMul Warning: Result is exactly zero despite non-zero inputs (M=2048, N=256, K=4080, SampleA=0.0000, SampleB=0.0081)
⚠️ GoffiMatMul Warning: Result is exactly zero despite non-zero inputs (M=2048, N=256, K=256, SampleA=0.0000, SampleB=-0.0438)
⚠️ GoffiMatMul Warning: Result is exactly zero despite non-zero inputs (M=2048, N=256, K=4080, SampleA=0.0000, SampleB=0.0081)
⚠️ GoffiMatMul Warning: Result is exactly zero despite non-zero inputs (M=2048, N=256, K=256, SampleA=0.0000, SampleB=-0.0438)
⚠️ GoffiMatMul Warning: Result is exactly zero despite non-zero inputs (M=2048, N=256, K=4080, SampleA=0.0000, SampleB=0.0081)
⚠️ GoffiMatMul Warning: Result is exactly zero despite non-zero inputs (M=2048, N=256, K=256, SampleA=0.0000, SampleB=-0.0437)
⚠️ GoffiMatMul Warning: Result is exactly zero despite non-zero inputs (M=2048, N=256, K=4080, SampleA=0.0000, SampleB=0.0081)
⚠️ GoffiMatMul Warning: Result is exactly zero despite non-zero inputs (M=2048, N=256, K=256, SampleA=0.0000, SampleB=-0.0437)
⚠️ GoffiMatMul Warning: Result is exactly zero despite non-zero inputs (M=2048, N=256, K=4080, SampleA=0.0000, SampleB=0.0081)
⚠️ GoffiMatMul Warning: Result is exactly zero despite non-zero inputs (M=2048, N=256, K=256, SampleA=0.0000, SampleB=-0.0437)
2026/04/18 10:22:13 mlm_training.go:635: 🎓 [MLM] Epoch 8/20 Complete | Avg Loss: 7.1800 | PPL: 1312.9 | Batches: 45
2026/04/18 10:22:13 mlm_training.go:420: 🎓 MLM: Starting epoch 9 with 2831 sentences (Batch Size: 64)
⚠️ GoffiMatMul Warning: Result is exactly zero despite non-zero inputs (M=2048, N=256, K=4080, SampleA=0.0000, SampleB=0.0081)
⚠️ GoffiMatMul Warning: Result is exactly zero despite non-zero inputs (M=2048, N=256, K=256, SampleA=0.0000, SampleB=-0.0437)
2026/04/18 10:22:30 mlm_training.go:569: ⏳ MLM: Step 360 in progress...
⚠️ GoffiMatMul Warning: Result is exactly zero despite non-zero inputs (M=2048, N=256, K=4080, SampleA=0.0000, SampleB=0.0081)
⚠️ GoffiMatMul Warning: Result is exactly zero despite non-zero inputs (M=2048, N=256, K=4080, SampleA=0.0000, SampleB=0.0081)
⚠️ GoffiMatMul Warning: Result is exactly zero despite non-zero inputs (M=2048, N=256, K=256, SampleA=0.0000, SampleB=-0.0437)
⚠️ GoffiMatMul Warning: Result is exactly zero despite non-zero inputs (M=2048, N=256, K=4080, SampleA=0.0000, SampleB=0.0081)
⚠️ GoffiMatMul Warning: Result is exactly zero despite non-zero inputs (M=2048, N=256, K=256, SampleA=0.0000, SampleB=-0.0437)
⚠️ GoffiMatMul Warning: Result is exactly zero despite non-zero inputs (M=2048, N=256, K=4080, SampleA=0.0000, SampleB=0.0081)
⚠️ GoffiMatMul Warning: Result is exactly zero despite non-zero inputs (M=2048, N=256, K=256, SampleA=0.0000, SampleB=-0.0437)
⚠️ GoffiMatMul Warning: Result is exactly zero despite non-zero inputs (M=2048, N=256, K=4080, SampleA=0.0000, SampleB=0.0082)
⚠️ GoffiMatMul Warning: Result is exactly zero despite non-zero inputs (M=2048, N=256, K=256, SampleA=0.0000, SampleB=-0.0437)
⚠️ GoffiMatMul Warning: Result is exactly zero despite non-zero inputs (M=2048, N=256, K=4080, SampleA=0.0000, SampleB=0.0082)
⚠️ GoffiMatMul Warning: Result is exactly zero despite non-zero inputs (M=2048, N=256, K=256, SampleA=0.0000, SampleB=-0.0436)
⚠️ GoffiMatMul Warning: Result is exactly zero despite non-zero inputs (M=2048, N=256, K=4080, SampleA=0.0000, SampleB=0.0082)
⚠️ GoffiMatMul Warning: Result is exactly zero despite non-zero inputs (M=2048, N=256, K=256, SampleA=0.0000, SampleB=-0.0436)
⚠️ GoffiMatMul Warning: Result is exactly zero despite non-zero inputs (M=2048, N=256, K=4080, SampleA=0.0000, SampleB=0.0082)
⚠️ GoffiMatMul Warning: Result is exactly zero despite non-zero inputs (M=2048, N=256, K=256, SampleA=0.0000, SampleB=-0.0436)
⚠️ GoffiMatMul Warning: Result is exactly zero despite non-zero inputs (M=2048, N=256, K=4080, SampleA=0.0000, SampleB=0.0082)
⚠️ GoffiMatMul Warning: Result is exactly zero despite non-zero inputs (M=2048, N=256, K=256, SampleA=0.0000, SampleB=-0.0436)
⚠️ GoffiMatMul Warning: Result is exactly zero despite non-zero inputs (M=2048, N=256, K=4080, SampleA=0.0000, SampleB=0.0082)
2026/04/18 10:25:09 mlm_training.go:569: ⏳ MLM: Step 370 in progress...
⚠️ GoffiMatMul Warning: Result is exactly zero despite non-zero inputs (M=2048, N=256, K=4080, SampleA=0.0000, SampleB=0.0082)
⚠️ GoffiMatMul Warning: Result is exactly zero despite non-zero inputs (M=2048, N=256, K=256, SampleA=0.0000, SampleB=-0.0436)
⚠️ GoffiMatMul Warning: Result is exactly zero despite non-zero inputs (M=2048, N=256, K=4080, SampleA=0.0000, SampleB=0.0082)
⚠️ GoffiMatMul Warning: Result is exactly zero despite non-zero inputs (M=2048, N=256, K=256, SampleA=0.0000, SampleB=-0.0436)
⚠️ GoffiMatMul Warning: Result is exactly zero despite non-zero inputs (M=2048, N=256, K=4080, SampleA=0.0000, SampleB=0.0082)
⚠️ GoffiMatMul Warning: Result is exactly zero despite non-zero inputs (M=2048, N=256, K=256, SampleA=0.0000, SampleB=-0.0435)
⚠️ GoffiMatMul Warning: Result is exactly zero despite non-zero inputs (M=2048, N=256, K=4080, SampleA=0.0000, SampleB=0.0082)
⚠️ GoffiMatMul Warning: Result is exactly zero despite non-zero inputs (M=2048, N=256, K=256, SampleA=0.0000, SampleB=-0.0435)
⚠️ GoffiMatMul Warning: Result is exactly zero despite non-zero inputs (M=2048, N=256, K=4080, SampleA=0.0000, SampleB=0.0082)
⚠️ GoffiMatMul Warning: Result is exactly zero despite non-zero inputs (M=2048, N=256, K=256, SampleA=0.0000, SampleB=-0.0435)
⚠️ GoffiMatMul Warning: Result is exactly zero despite non-zero inputs (M=2048, N=256, K=4080, SampleA=0.0000, SampleB=0.0082)
⚠️ GoffiMatMul Warning: Result is exactly zero despite non-zero inputs (M=2048, N=256, K=256, SampleA=0.0000, SampleB=-0.0434)
⚠️ GoffiMatMul Warning: Result is exactly zero despite non-zero inputs (M=2048, N=256, K=4080, SampleA=0.0000, SampleB=0.0082)
⚠️ GoffiMatMul Warning: Result is exactly zero despite non-zero inputs (M=2048, N=256, K=256, SampleA=0.0000, SampleB=-0.0434)
⚠️ GoffiMatMul Warning: Result is exactly zero despite non-zero inputs (M=2048, N=256, K=4080, SampleA=0.0000, SampleB=0.0083)
⚠️ GoffiMatMul Warning: Result is exactly zero despite non-zero inputs (M=2048, N=256, K=256, SampleA=0.0000, SampleB=-0.0433)
⚠️ GoffiMatMul Warning: Result is exactly zero despite non-zero inputs (M=2048, N=256, K=4080, SampleA=0.0000, SampleB=0.0083)
⚠️ GoffiMatMul Warning: Result is exactly zero despite non-zero inputs (M=2048, N=256, K=256, SampleA=0.0000, SampleB=-0.0433)
2026/04/18 10:27:47 mlm_training.go:569: ⏳ MLM: Step 380 in progress...
⚠️ GoffiMatMul Warning: Result is exactly zero despite non-zero inputs (M=2048, N=256, K=4080, SampleA=0.0000, SampleB=0.0083)
⚠️ GoffiMatMul Warning: Result is exactly zero despite non-zero inputs (M=2048, N=256, K=256, SampleA=0.0000, SampleB=-0.0433)
⚠️ GoffiMatMul Warning: Result is exactly zero despite non-zero inputs (M=2048, N=256, K=4080, SampleA=0.0000, SampleB=0.0083)
⚠️ GoffiMatMul Warning: Result is exactly zero despite non-zero inputs (M=2048, N=256, K=256, SampleA=0.0000, SampleB=-0.0432)
⚠️ GoffiMatMul Warning: Result is exactly zero despite non-zero inputs (M=2048, N=256, K=4080, SampleA=0.0000, SampleB=0.0083)
⚠️ GoffiMatMul Warning: Result is exactly zero despite non-zero inputs (M=2048, N=256, K=4080, SampleA=0.0000, SampleB=0.0083)
⚠️ GoffiMatMul Warning: Result is exactly zero despite non-zero inputs (M=2048, N=256, K=4080, SampleA=0.0000, SampleB=0.0083)
⚠️ GoffiMatMul Warning: Result is exactly zero despite non-zero inputs (M=2048, N=256, K=4080, SampleA=0.0000, SampleB=0.0083)
⚠️ GoffiMatMul Warning: Result is exactly zero despite non-zero inputs (M=2048, N=256, K=256, SampleA=0.0000, SampleB=-0.0432)
⚠️ GoffiMatMul Warning: Result is exactly zero despite non-zero inputs (M=2048, N=256, K=4080, SampleA=0.0000, SampleB=0.0083)
⚠️ GoffiMatMul Warning: Result is exactly zero despite non-zero inputs (M=2048, N=256, K=256, SampleA=0.0000, SampleB=-0.0431)
⚠️ GoffiMatMul Warning: Result is exactly zero despite non-zero inputs (M=2048, N=256, K=4080, SampleA=0.0000, SampleB=0.0083)
⚠️ GoffiMatMul Warning: Result is exactly zero despite non-zero inputs (M=2048, N=256, K=256, SampleA=0.0000, SampleB=-0.0431)
⚠️ GoffiMatMul Warning: Result is exactly zero despite non-zero inputs (M=2048, N=256, K=4080, SampleA=0.0000, SampleB=0.0083)
⚠️ GoffiMatMul Warning: Result is exactly zero despite non-zero inputs (M=2048, N=256, K=256, SampleA=0.0000, SampleB=-0.0431)
⚠️ GoffiMatMul Warning: Result is exactly zero despite non-zero inputs (M=2048, N=256, K=4080, SampleA=0.0000, SampleB=0.0083)
⚠️ GoffiMatMul Warning: Result is exactly zero despite non-zero inputs (M=2048, N=256, K=256, SampleA=0.0000, SampleB=-0.0431)
2026/04/18 10:30:27 mlm_training.go:569: ⏳ MLM: Step 390 in progress...
⚠️ GoffiMatMul Warning: Result is exactly zero despite non-zero inputs (M=2048, N=256, K=4080, SampleA=0.0000, SampleB=0.0083)
⚠️ GoffiMatMul Warning: Result is exactly zero despite non-zero inputs (M=2048, N=256, K=256, SampleA=0.0000, SampleB=-0.0431)
⚠️ GoffiMatMul Warning: Result is exactly zero despite non-zero inputs (M=2048, N=256, K=4080, SampleA=0.0000, SampleB=0.0083)
⚠️ GoffiMatMul Warning: Result is exactly zero despite non-zero inputs (M=2048, N=256, K=256, SampleA=0.0000, SampleB=-0.0431)
⚠️ GoffiMatMul Warning: Result is exactly zero despite non-zero inputs (M=2048, N=256, K=4080, SampleA=0.0000, SampleB=0.0083)
⚠️ GoffiMatMul Warning: Result is exactly zero despite non-zero inputs (M=2048, N=256, K=256, SampleA=0.0000, SampleB=-0.0431)
⚠️ GoffiMatMul Warning: Result is exactly zero despite non-zero inputs (M=2048, N=256, K=4080, SampleA=0.0000, SampleB=0.0083)
⚠️ GoffiMatMul Warning: Result is exactly zero despite non-zero inputs (M=2048, N=256, K=256, SampleA=0.0000, SampleB=-0.0431)
⚠️ GoffiMatMul Warning: Result is exactly zero despite non-zero inputs (M=2048, N=256, K=4080, SampleA=0.0000, SampleB=0.0083)
⚠️ GoffiMatMul Warning: Result is exactly zero despite non-zero inputs (M=2048, N=256, K=256, SampleA=0.0000, SampleB=-0.0430)
⚠️ GoffiMatMul Warning: Result is exactly zero despite non-zero inputs (M=2048, N=256, K=4080, SampleA=0.0000, SampleB=0.0083)
⚠️ GoffiMatMul Warning: Result is exactly zero despite non-zero inputs (M=2048, N=256, K=256, SampleA=0.0000, SampleB=-0.0430)
⚠️ GoffiMatMul Warning: Result is exactly zero despite non-zero inputs (M=2048, N=256, K=4080, SampleA=0.0000, SampleB=0.0083)
⚠️ GoffiMatMul Warning: Result is exactly zero despite non-zero inputs (M=2048, N=256, K=256, SampleA=0.0000, SampleB=-0.0430)
⚠️ GoffiMatMul Warning: Result is exactly zero despite non-zero inputs (M=2048, N=256, K=4080, SampleA=0.0000, SampleB=0.0084)
⚠️ GoffiMatMul Warning: Result is exactly zero despite non-zero inputs (M=2048, N=256, K=256, SampleA=0.0000, SampleB=-0.0430)
2026/04/18 10:33:07 mlm_training.go:590: 🎓 [MLM] Step 400 | Loss: 6.8617 (smooth: 7.1112) | PPL: 1616.8 | LR: 0.003327 | 0.1 steps/s
2026/04/18 10:33:08 mlm_training.go:775: [Intent: social]    🔍 'help [___] that' → Answer: 'with' | Predicted: .(0.9%), ?(0.5%), can(0.4%) ❌
⚠️ GoffiMatMul Warning: Result is exactly zero despite non-zero inputs (M=2048, N=256, K=4080, SampleA=0.0000, SampleB=0.0084)
2026/04/18 10:33:29 mlm_training.go:569: ⏳ MLM: Step 400 in progress...
⚠️ GoffiMatMul Warning: Result is exactly zero despite non-zero inputs (M=2048, N=256, K=4080, SampleA=0.0000, SampleB=0.0084)
⚠️ GoffiMatMul Warning: Result is exactly zero despite non-zero inputs (M=2048, N=256, K=256, SampleA=0.0000, SampleB=-0.0430)
⚠️ GoffiMatMul Warning: Result is exactly zero despite non-zero inputs (M=2048, N=256, K=4080, SampleA=0.0000, SampleB=0.0084)
⚠️ GoffiMatMul Warning: Result is exactly zero despite non-zero inputs (M=2048, N=256, K=256, SampleA=0.0000, SampleB=-0.0430)
⚠️ GoffiMatMul Warning: Result is exactly zero despite non-zero inputs (M=2048, N=256, K=4080, SampleA=0.0000, SampleB=0.0084)
⚠️ GoffiMatMul Warning: Result is exactly zero despite non-zero inputs (M=2048, N=256, K=256, SampleA=0.0000, SampleB=-0.0430)
⚠️ GoffiMatMul Warning: Result is exactly zero despite non-zero inputs (M=390, N=256, K=4080, SampleA=0.0000, SampleB=0.0084)
⚠️ GoffiMatMul Warning: Result is exactly zero despite non-zero inputs (M=390, N=256, K=256, SampleA=0.0000, SampleB=-0.0430)
2026/04/18 10:34:37 mlm_training.go:635: 🎓 [MLM] Epoch 9/20 Complete | Avg Loss: 7.1002 | PPL: 1212.2 | Batches: 45
2026/04/18 10:34:37 mlm_training.go:420: 🎓 MLM: Starting epoch 10 with 2831 sentences (Batch Size: 64)
⚠️ GoffiMatMul Warning: Result is exactly zero despite non-zero inputs (M=2048, N=256, K=4080, SampleA=0.0000, SampleB=0.0084)
⚠️ GoffiMatMul Warning: Result is exactly zero despite non-zero inputs (M=2048, N=256, K=4080, SampleA=0.0000, SampleB=0.0084)
⚠️ GoffiMatMul Warning: Result is exactly zero despite non-zero inputs (M=2048, N=256, K=256, SampleA=0.0000, SampleB=-0.0430)
⚠️ GoffiMatMul Warning: Result is exactly zero despite non-zero inputs (M=1856, N=256, K=4080, SampleA=0.0000, SampleB=0.0084)
⚠️ GoffiMatMul Warning: Result is exactly zero despite non-zero inputs (M=2048, N=256, K=4080, SampleA=0.0000, SampleB=0.0084)
⚠️ GoffiMatMul Warning: Result is exactly zero despite non-zero inputs (M=2048, N=256, K=256, SampleA=0.0000, SampleB=-0.0429)
⚠️ GoffiMatMul Warning: Result is exactly zero despite non-zero inputs (M=2048, N=256, K=4080, SampleA=0.0000, SampleB=0.0084)
⚠️ GoffiMatMul Warning: Result is exactly zero despite non-zero inputs (M=2048, N=256, K=256, SampleA=0.0000, SampleB=-0.0429)
2026/04/18 10:36:40 mlm_training.go:569: ⏳ MLM: Step 410 in progress...
⚠️ GoffiMatMul Warning: Result is exactly zero despite non-zero inputs (M=2048, N=256, K=4080, SampleA=0.0000, SampleB=0.0084)
⚠️ GoffiMatMul Warning: Result is exactly zero despite non-zero inputs (M=2048, N=256, K=256, SampleA=0.0000, SampleB=-0.0429)
⚠️ GoffiMatMul Warning: Result is exactly zero despite non-zero inputs (M=2048, N=256, K=4080, SampleA=0.0000, SampleB=0.0084)
⚠️ GoffiMatMul Warning: Result is exactly zero despite non-zero inputs (M=2048, N=256, K=256, SampleA=0.0000, SampleB=-0.0429)
⚠️ GoffiMatMul Warning: Result is exactly zero despite non-zero inputs (M=2048, N=256, K=4080, SampleA=0.0000, SampleB=0.0084)
⚠️ GoffiMatMul Warning: Result is exactly zero despite non-zero inputs (M=2048, N=256, K=4080, SampleA=0.0000, SampleB=0.0084)
⚠️ GoffiMatMul Warning: Result is exactly zero despite non-zero inputs (M=2048, N=256, K=256, SampleA=0.0000, SampleB=-0.0429)
⚠️ GoffiMatMul Warning: Result is exactly zero despite non-zero inputs (M=2048, N=256, K=4080, SampleA=0.0000, SampleB=0.0084)
⚠️ GoffiMatMul Warning: Result is exactly zero despite non-zero inputs (M=2048, N=256, K=256, SampleA=0.0000, SampleB=-0.0429)
⚠️ GoffiMatMul Warning: Result is exactly zero despite non-zero inputs (M=2048, N=256, K=4080, SampleA=0.0000, SampleB=0.0084)
⚠️ GoffiMatMul Warning: Result is exactly zero despite non-zero inputs (M=2048, N=256, K=256, SampleA=0.0000, SampleB=-0.0429)
⚠️ GoffiMatMul Warning: Result is exactly zero despite non-zero inputs (M=2048, N=256, K=4080, SampleA=0.0000, SampleB=0.0084)
⚠️ GoffiMatMul Warning: Result is exactly zero despite non-zero inputs (M=2048, N=256, K=256, SampleA=0.0000, SampleB=-0.0429)
⚠️ GoffiMatMul Warning: Result is exactly zero despite non-zero inputs (M=2048, N=256, K=4080, SampleA=0.0000, SampleB=0.0084)
⚠️ GoffiMatMul Warning: Result is exactly zero despite non-zero inputs (M=2048, N=256, K=256, SampleA=0.0000, SampleB=-0.0428)
⚠️ GoffiMatMul Warning: Result is exactly zero despite non-zero inputs (M=2048, N=256, K=4080, SampleA=0.0000, SampleB=0.0084)
⚠️ GoffiMatMul Warning: Result is exactly zero despite non-zero inputs (M=2048, N=256, K=256, SampleA=0.0000, SampleB=-0.0428)
2026/04/18 10:40:11 mlm_training.go:569: ⏳ MLM: Step 420 in progress...
⚠️ GoffiMatMul Warning: Result is exactly zero despite non-zero inputs (M=2048, N=256, K=4080, SampleA=0.0000, SampleB=0.0084)
⚠️ GoffiMatMul Warning: Result is exactly zero despite non-zero inputs (M=2048, N=256, K=256, SampleA=0.0000, SampleB=-0.0428)
⚠️ GoffiMatMul Warning: Result is exactly zero despite non-zero inputs (M=2048, N=256, K=4080, SampleA=0.0000, SampleB=0.0084)
⚠️ GoffiMatMul Warning: Result is exactly zero despite non-zero inputs (M=2048, N=256, K=256, SampleA=0.0000, SampleB=-0.0428)
⚠️ GoffiMatMul Warning: Result is exactly zero despite non-zero inputs (M=2048, N=256, K=4080, SampleA=0.0000, SampleB=0.0084)
⚠️ GoffiMatMul Warning: Result is exactly zero despite non-zero inputs (M=2048, N=256, K=256, SampleA=0.0000, SampleB=-0.0428)
⚠️ GoffiMatMul Warning: Result is exactly zero despite non-zero inputs (M=2048, N=256, K=4080, SampleA=0.0000, SampleB=0.0085)
⚠️ GoffiMatMul Warning: Result is exactly zero despite non-zero inputs (M=2048, N=256, K=256, SampleA=0.0000, SampleB=-0.0428)
⚠️ GoffiMatMul Warning: Result is exactly zero despite non-zero inputs (M=2048, N=256, K=4080, SampleA=0.0000, SampleB=0.0085)
⚠️ GoffiMatMul Warning: Result is exactly zero despite non-zero inputs (M=2048, N=256, K=256, SampleA=0.0000, SampleB=-0.0428)
⚠️ GoffiMatMul Warning: Result is exactly zero despite non-zero inputs (M=2048, N=256, K=4080, SampleA=0.0000, SampleB=0.0085)
⚠️ GoffiMatMul Warning: Result is exactly zero despite non-zero inputs (M=2048, N=256, K=256, SampleA=0.0000, SampleB=-0.0428)
⚠️ GoffiMatMul Warning: Result is exactly zero despite non-zero inputs (M=2048, N=256, K=4080, SampleA=0.0000, SampleB=0.0085)
⚠️ GoffiMatMul Warning: Result is exactly zero despite non-zero inputs (M=2048, N=256, K=256, SampleA=0.0000, SampleB=-0.0427)
⚠️ GoffiMatMul Warning: Result is exactly zero despite non-zero inputs (M=2048, N=256, K=4080, SampleA=0.0000, SampleB=0.0085)
⚠️ GoffiMatMul Warning: Result is exactly zero despite non-zero inputs (M=2048, N=256, K=256, SampleA=0.0000, SampleB=-0.0427)
⚠️ GoffiMatMul Warning: Result is exactly zero despite non-zero inputs (M=2048, N=256, K=4080, SampleA=0.0000, SampleB=0.0085)
2026/04/18 10:43:39 mlm_training.go:569: ⏳ MLM: Step 430 in progress...
⚠️ GoffiMatMul Warning: Result is exactly zero despite non-zero inputs (M=2048, N=256, K=4080, SampleA=0.0000, SampleB=0.0085)
⚠️ GoffiMatMul Warning: Result is exactly zero despite non-zero inputs (M=2048, N=256, K=256, SampleA=0.0000, SampleB=-0.0427)
⚠️ GoffiMatMul Warning: Result is exactly zero despite non-zero inputs (M=2048, N=256, K=4080, SampleA=0.0000, SampleB=0.0085)
⚠️ GoffiMatMul Warning: Result is exactly zero despite non-zero inputs (M=2048, N=256, K=256, SampleA=0.0000, SampleB=-0.0427)
⚠️ GoffiMatMul Warning: Result is exactly zero despite non-zero inputs (M=2048, N=256, K=4080, SampleA=0.0000, SampleB=0.0085)
⚠️ GoffiMatMul Warning: Result is exactly zero despite non-zero inputs (M=2048, N=256, K=256, SampleA=0.0000, SampleB=-0.0427)
⚠️ GoffiMatMul Warning: Result is exactly zero despite non-zero inputs (M=2048, N=256, K=4080, SampleA=0.0000, SampleB=0.0085)
⚠️ GoffiMatMul Warning: Result is exactly zero despite non-zero inputs (M=2048, N=256, K=256, SampleA=0.0000, SampleB=-0.0427)
⚠️ GoffiMatMul Warning: Result is exactly zero despite non-zero inputs (M=2048, N=256, K=4080, SampleA=0.0000, SampleB=0.0085)
⚠️ GoffiMatMul Warning: Result is exactly zero despite non-zero inputs (M=2048, N=256, K=4080, SampleA=0.0000, SampleB=0.0085)
⚠️ GoffiMatMul Warning: Result is exactly zero despite non-zero inputs (M=2048, N=256, K=256, SampleA=0.0000, SampleB=-0.0427)
⚠️ GoffiMatMul Warning: Result is exactly zero despite non-zero inputs (M=2048, N=256, K=4080, SampleA=0.0000, SampleB=0.0085)
⚠️ GoffiMatMul Warning: Result is exactly zero despite non-zero inputs (M=2048, N=256, K=256, SampleA=0.0000, SampleB=-0.0427)
⚠️ GoffiMatMul Warning: Result is exactly zero despite non-zero inputs (M=2048, N=256, K=4080, SampleA=0.0000, SampleB=0.0085)
⚠️ GoffiMatMul Warning: Result is exactly zero despite non-zero inputs (M=2048, N=256, K=256, SampleA=0.0000, SampleB=-0.0427)
⚠️ GoffiMatMul Warning: Result is exactly zero despite non-zero inputs (M=2048, N=256, K=4080, SampleA=0.0000, SampleB=0.0085)
⚠️ GoffiMatMul Warning: Result is exactly zero despite non-zero inputs (M=2048, N=256, K=256, SampleA=0.0000, SampleB=-0.0427)
⚠️ GoffiMatMul Warning: Result is exactly zero despite non-zero inputs (M=2048, N=256, K=4080, SampleA=0.0000, SampleB=0.0085)
⚠️ GoffiMatMul Warning: Result is exactly zero despite non-zero inputs (M=2048, N=256, K=256, SampleA=0.0000, SampleB=-0.0427)
2026/04/18 10:47:06 mlm_training.go:569: ⏳ MLM: Step 440 in progress...
⚠️ GoffiMatMul Warning: Result is exactly zero despite non-zero inputs (M=2048, N=256, K=4080, SampleA=0.0000, SampleB=0.0085)
⚠️ GoffiMatMul Warning: Result is exactly zero despite non-zero inputs (M=2048, N=256, K=256, SampleA=0.0000, SampleB=-0.0427)
⚠️ GoffiMatMul Warning: Result is exactly zero despite non-zero inputs (M=2048, N=256, K=4080, SampleA=0.0000, SampleB=0.0085)
⚠️ GoffiMatMul Warning: Result is exactly zero despite non-zero inputs (M=1728, N=256, K=4080, SampleA=0.0000, SampleB=0.0085)
⚠️ GoffiMatMul Warning: Result is exactly zero despite non-zero inputs (M=1728, N=256, K=256, SampleA=0.0000, SampleB=-0.0426)
⚠️ GoffiMatMul Warning: Result is exactly zero despite non-zero inputs (M=2048, N=256, K=4080, SampleA=0.0000, SampleB=0.0085)
⚠️ GoffiMatMul Warning: Result is exactly zero despite non-zero inputs (M=2048, N=256, K=4080, SampleA=0.0000, SampleB=0.0085)
⚠️ GoffiMatMul Warning: Result is exactly zero despite non-zero inputs (M=2048, N=256, K=256, SampleA=0.0000, SampleB=-0.0426)
⚠️ GoffiMatMul Warning: Result is exactly zero despite non-zero inputs (M=2048, N=256, K=4080, SampleA=0.0000, SampleB=0.0085)
⚠️ GoffiMatMul Warning: Result is exactly zero despite non-zero inputs (M=2048, N=256, K=256, SampleA=0.0000, SampleB=-0.0426)
⚠️ GoffiMatMul Warning: Result is exactly zero despite non-zero inputs (M=2048, N=256, K=4080, SampleA=0.0000, SampleB=0.0085)
⚠️ GoffiMatMul Warning: Result is exactly zero despite non-zero inputs (M=2048, N=256, K=256, SampleA=0.0000, SampleB=-0.0426)
⚠️ GoffiMatMul Warning: Result is exactly zero despite non-zero inputs (M=2048, N=256, K=4080, SampleA=0.0000, SampleB=0.0085)
⚠️ GoffiMatMul Warning: Result is exactly zero despite non-zero inputs (M=480, N=256, K=4080, SampleA=0.0000, SampleB=0.0086)
2026/04/18 10:49:56 mlm_training.go:590: 🎓 [MLM] Step 450 | Loss: 6.7446 (smooth: 7.0614) | PPL: 1571.8 | LR: 0.002846 | 0.1 steps/s
2026/04/18 10:49:56 mlm_training.go:775: [Intent: social]    🔍 '[ [___] :' → Answer: 'intent' | Predicted: .(1.0%), ?(0.5%), can(0.4%) ❌
2026/04/18 10:49:56 mlm_training.go:635: 🎓 [MLM] Epoch 10/20 Complete | Avg Loss: 7.0848 | PPL: 1193.7 | Batches: 45
2026/04/18 10:49:56 mlm_training.go:420: 🎓 MLM: Starting epoch 11 with 2831 sentences (Batch Size: 64)
⚠️ GoffiMatMul Warning: Result is exactly zero despite non-zero inputs (M=2048, N=256, K=4080, SampleA=0.0000, SampleB=0.0086)
2026/04/18 10:50:15 mlm_training.go:569: ⏳ MLM: Step 450 in progress...
⚠️ GoffiMatMul Warning: Result is exactly zero despite non-zero inputs (M=2048, N=256, K=4080, SampleA=0.0000, SampleB=0.0086)
⚠️ GoffiMatMul Warning: Result is exactly zero despite non-zero inputs (M=2048, N=256, K=256, SampleA=0.0000, SampleB=-0.0425)
⚠️ GoffiMatMul Warning: Result is exactly zero despite non-zero inputs (M=2048, N=256, K=4080, SampleA=0.0000, SampleB=0.0086)
⚠️ GoffiMatMul Warning: Result is exactly zero despite non-zero inputs (M=2048, N=256, K=256, SampleA=0.0000, SampleB=-0.0425)
⚠️ GoffiMatMul Warning: Result is exactly zero despite non-zero inputs (M=2048, N=256, K=4080, SampleA=0.0000, SampleB=0.0086)
⚠️ GoffiMatMul Warning: Result is exactly zero despite non-zero inputs (M=2048, N=256, K=256, SampleA=0.0000, SampleB=-0.0425)
⚠️ GoffiMatMul Warning: Result is exactly zero despite non-zero inputs (M=2048, N=256, K=4080, SampleA=0.0000, SampleB=0.0086)
⚠️ GoffiMatMul Warning: Result is exactly zero despite non-zero inputs (M=2048, N=256, K=256, SampleA=0.0000, SampleB=-0.0425)
⚠️ GoffiMatMul Warning: Result is exactly zero despite non-zero inputs (M=2048, N=256, K=4080, SampleA=0.0000, SampleB=0.0086)
⚠️ GoffiMatMul Warning: Result is exactly zero despite non-zero inputs (M=2048, N=256, K=256, SampleA=0.0000, SampleB=-0.0425)
⚠️ GoffiMatMul Warning: Result is exactly zero despite non-zero inputs (M=2048, N=256, K=4080, SampleA=0.0000, SampleB=0.0086)
⚠️ GoffiMatMul Warning: Result is exactly zero despite non-zero inputs (M=2048, N=256, K=256, SampleA=0.0000, SampleB=-0.0425)
⚠️ GoffiMatMul Warning: Result is exactly zero despite non-zero inputs (M=2048, N=256, K=4080, SampleA=0.0000, SampleB=0.0086)
⚠️ GoffiMatMul Warning: Result is exactly zero despite non-zero inputs (M=2048, N=256, K=256, SampleA=0.0000, SampleB=-0.0424)
⚠️ GoffiMatMul Warning: Result is exactly zero despite non-zero inputs (M=2048, N=256, K=4080, SampleA=0.0000, SampleB=0.0086)
⚠️ GoffiMatMul Warning: Result is exactly zero despite non-zero inputs (M=2048, N=256, K=256, SampleA=0.0000, SampleB=-0.0424)
⚠️ GoffiMatMul Warning: Result is exactly zero despite non-zero inputs (M=2048, N=256, K=4080, SampleA=0.0000, SampleB=0.0086)
⚠️ GoffiMatMul Warning: Result is exactly zero despite non-zero inputs (M=2048, N=256, K=256, SampleA=0.0000, SampleB=-0.0424)
2026/04/18 10:53:38 mlm_training.go:569: ⏳ MLM: Step 460 in progress...
⚠️ GoffiMatMul Warning: Result is exactly zero despite non-zero inputs (M=2048, N=256, K=4080, SampleA=0.0000, SampleB=0.0086)
⚠️ GoffiMatMul Warning: Result is exactly zero despite non-zero inputs (M=2048, N=256, K=256, SampleA=0.0000, SampleB=-0.0424)
⚠️ GoffiMatMul Warning: Result is exactly zero despite non-zero inputs (M=2048, N=256, K=4080, SampleA=0.0000, SampleB=0.0086)
⚠️ GoffiMatMul Warning: Result is exactly zero despite non-zero inputs (M=2048, N=256, K=256, SampleA=0.0000, SampleB=-0.0424)
⚠️ GoffiMatMul Warning: Result is exactly zero despite non-zero inputs (M=2048, N=256, K=4080, SampleA=0.0000, SampleB=0.0086)
⚠️ GoffiMatMul Warning: Result is exactly zero despite non-zero inputs (M=2048, N=256, K=256, SampleA=0.0000, SampleB=-0.0424)
⚠️ GoffiMatMul Warning: Result is exactly zero despite non-zero inputs (M=1984, N=256, K=4080, SampleA=0.0000, SampleB=0.0087)
⚠️ GoffiMatMul Warning: Result is exactly zero despite non-zero inputs (M=2048, N=256, K=4080, SampleA=0.0000, SampleB=0.0087)
⚠️ GoffiMatMul Warning: Result is exactly zero despite non-zero inputs (M=2048, N=256, K=4080, SampleA=0.0000, SampleB=0.0087)
⚠️ GoffiMatMul Warning: Result is exactly zero despite non-zero inputs (M=2048, N=256, K=256, SampleA=0.0000, SampleB=-0.0424)
⚠️ GoffiMatMul Warning: Result is exactly zero despite non-zero inputs (M=2048, N=256, K=4080, SampleA=0.0000, SampleB=0.0087)
⚠️ GoffiMatMul Warning: Result is exactly zero despite non-zero inputs (M=2048, N=256, K=256, SampleA=0.0000, SampleB=-0.0423)
⚠️ GoffiMatMul Warning: Result is exactly zero despite non-zero inputs (M=2048, N=256, K=4080, SampleA=0.0000, SampleB=0.0087)
⚠️ GoffiMatMul Warning: Result is exactly zero despite non-zero inputs (M=2048, N=256, K=4080, SampleA=0.0000, SampleB=0.0087)
⚠️ GoffiMatMul Warning: Result is exactly zero despite non-zero inputs (M=2048, N=256, K=256, SampleA=0.0000, SampleB=-0.0423)
⚠️ GoffiMatMul Warning: Result is exactly zero despite non-zero inputs (M=2048, N=256, K=4080, SampleA=0.0000, SampleB=0.0087)
2026/04/18 10:57:00 mlm_training.go:569: ⏳ MLM: Step 470 in progress...
⚠️ GoffiMatMul Warning: Result is exactly zero despite non-zero inputs (M=2048, N=256, K=4080, SampleA=0.0000, SampleB=0.0087)
⚠️ GoffiMatMul Warning: Result is exactly zero despite non-zero inputs (M=2048, N=256, K=256, SampleA=0.0000, SampleB=-0.0423)
⚠️ GoffiMatMul Warning: Result is exactly zero despite non-zero inputs (M=2048, N=256, K=4080, SampleA=0.0000, SampleB=0.0087)
⚠️ GoffiMatMul Warning: Result is exactly zero despite non-zero inputs (M=2048, N=256, K=256, SampleA=0.0000, SampleB=-0.0423)
⚠️ GoffiMatMul Warning: Result is exactly zero despite non-zero inputs (M=2048, N=256, K=4080, SampleA=0.0000, SampleB=0.0087)
⚠️ GoffiMatMul Warning: Result is exactly zero despite non-zero inputs (M=2048, N=256, K=256, SampleA=0.0000, SampleB=-0.0423)
⚠️ GoffiMatMul Warning: Result is exactly zero despite non-zero inputs (M=2048, N=256, K=4080, SampleA=0.0000, SampleB=0.0087)
⚠️ GoffiMatMul Warning: Result is exactly zero despite non-zero inputs (M=2048, N=256, K=256, SampleA=0.0000, SampleB=-0.0423)
⚠️ GoffiMatMul Warning: Result is exactly zero despite non-zero inputs (M=2048, N=256, K=4080, SampleA=0.0000, SampleB=0.0087)
⚠️ GoffiMatMul Warning: Result is exactly zero despite non-zero inputs (M=2048, N=256, K=256, SampleA=0.0000, SampleB=-0.0423)
⚠️ GoffiMatMul Warning: Result is exactly zero despite non-zero inputs (M=2048, N=256, K=4080, SampleA=0.0000, SampleB=0.0087)
⚠️ GoffiMatMul Warning: Result is exactly zero despite non-zero inputs (M=2048, N=256, K=4080, SampleA=0.0000, SampleB=0.0087)
⚠️ GoffiMatMul Warning: Result is exactly zero despite non-zero inputs (M=2048, N=256, K=256, SampleA=0.0000, SampleB=-0.0422)
⚠️ GoffiMatMul Warning: Result is exactly zero despite non-zero inputs (M=2048, N=256, K=4080, SampleA=0.0000, SampleB=0.0087)
⚠️ GoffiMatMul Warning: Result is exactly zero despite non-zero inputs (M=2048, N=256, K=256, SampleA=0.0000, SampleB=-0.0422)
⚠️ GoffiMatMul Warning: Result is exactly zero despite non-zero inputs (M=2048, N=256, K=4080, SampleA=0.0000, SampleB=0.0087)
⚠️ GoffiMatMul Warning: Result is exactly zero despite non-zero inputs (M=2048, N=256, K=256, SampleA=0.0000, SampleB=-0.0422)
⚠️ GoffiMatMul Warning: Result is exactly zero despite non-zero inputs (M=2048, N=256, K=4080, SampleA=0.0000, SampleB=0.0087)
⚠️ GoffiMatMul Warning: Result is exactly zero despite non-zero inputs (M=2048, N=256, K=256, SampleA=0.0000, SampleB=-0.0422)
2026/04/18 11:00:23 mlm_training.go:569: ⏳ MLM: Step 480 in progress...
⚠️ GoffiMatMul Warning: Result is exactly zero despite non-zero inputs (M=2048, N=256, K=4080, SampleA=0.0000, SampleB=0.0087)
⚠️ GoffiMatMul Warning: Result is exactly zero despite non-zero inputs (M=2048, N=256, K=256, SampleA=0.0000, SampleB=-0.0422)
⚠️ GoffiMatMul Warning: Result is exactly zero despite non-zero inputs (M=2048, N=256, K=4080, SampleA=0.0000, SampleB=0.0087)
⚠️ GoffiMatMul Warning: Result is exactly zero despite non-zero inputs (M=2048, N=256, K=256, SampleA=0.0000, SampleB=-0.0422)
⚠️ GoffiMatMul Warning: Result is exactly zero despite non-zero inputs (M=2048, N=256, K=4080, SampleA=0.0000, SampleB=0.0087)
⚠️ GoffiMatMul Warning: Result is exactly zero despite non-zero inputs (M=2048, N=256, K=256, SampleA=0.0000, SampleB=-0.0422)
⚠️ GoffiMatMul Warning: Result is exactly zero despite non-zero inputs (M=2048, N=256, K=4080, SampleA=0.0000, SampleB=0.0087)
⚠️ GoffiMatMul Warning: Result is exactly zero despite non-zero inputs (M=2048, N=256, K=256, SampleA=0.0000, SampleB=-0.0422)
⚠️ GoffiMatMul Warning: Result is exactly zero despite non-zero inputs (M=2048, N=256, K=4080, SampleA=0.0000, SampleB=0.0087)
⚠️ GoffiMatMul Warning: Result is exactly zero despite non-zero inputs (M=2048, N=256, K=256, SampleA=0.0000, SampleB=-0.0422)
⚠️ GoffiMatMul Warning: Result is exactly zero despite non-zero inputs (M=2048, N=256, K=4080, SampleA=0.0000, SampleB=0.0088)
⚠️ GoffiMatMul Warning: Result is exactly zero despite non-zero inputs (M=2048, N=256, K=256, SampleA=0.0000, SampleB=-0.0422)
⚠️ GoffiMatMul Warning: Result is exactly zero despite non-zero inputs (M=2048, N=256, K=4080, SampleA=0.0000, SampleB=0.0088)
⚠️ GoffiMatMul Warning: Result is exactly zero despite non-zero inputs (M=2048, N=256, K=256, SampleA=0.0000, SampleB=-0.0422)
⚠️ GoffiMatMul Warning: Result is exactly zero despite non-zero inputs (M=2048, N=256, K=4080, SampleA=0.0000, SampleB=0.0088)
⚠️ GoffiMatMul Warning: Result is exactly zero despite non-zero inputs (M=2048, N=256, K=256, SampleA=0.0000, SampleB=-0.0421)
⚠️ GoffiMatMul Warning: Result is exactly zero despite non-zero inputs (M=2048, N=256, K=4080, SampleA=0.0000, SampleB=0.0088)
⚠️ GoffiMatMul Warning: Result is exactly zero despite non-zero inputs (M=2048, N=256, K=256, SampleA=0.0000, SampleB=-0.0421)
2026/04/18 11:03:46 mlm_training.go:569: ⏳ MLM: Step 490 in progress...
⚠️ GoffiMatMul Warning: Result is exactly zero despite non-zero inputs (M=2048, N=256, K=4080, SampleA=0.0000, SampleB=0.0088)
⚠️ GoffiMatMul Warning: Result is exactly zero despite non-zero inputs (M=2048, N=256, K=256, SampleA=0.0000, SampleB=-0.0421)
⚠️ GoffiMatMul Warning: Result is exactly zero despite non-zero inputs (M=2048, N=256, K=4080, SampleA=0.0000, SampleB=0.0088)
⚠️ GoffiMatMul Warning: Result is exactly zero despite non-zero inputs (M=2048, N=256, K=256, SampleA=0.0000, SampleB=-0.0421)
⚠️ GoffiMatMul Warning: Result is exactly zero despite non-zero inputs (M=2048, N=256, K=4080, SampleA=0.0000, SampleB=0.0088)
⚠️ GoffiMatMul Warning: Result is exactly zero despite non-zero inputs (M=480, N=256, K=4080, SampleA=0.0000, SampleB=0.0088)
2026/04/18 11:04:55 mlm_training.go:635: 🎓 [MLM] Epoch 11/20 Complete | Avg Loss: 7.0335 | PPL: 1134.0 | Batches: 45
2026/04/18 11:04:55 mlm_training.go:420: 🎓 MLM: Starting epoch 12 with 2831 sentences (Batch Size: 64)
⚠️ GoffiMatMul Warning: Result is exactly zero despite non-zero inputs (M=2048, N=256, K=4080, SampleA=0.0000, SampleB=0.0088)
⚠️ GoffiMatMul Warning: Result is exactly zero despite non-zero inputs (M=2048, N=256, K=256, SampleA=0.0000, SampleB=-0.0421)
⚠️ GoffiMatMul Warning: Result is exactly zero despite non-zero inputs (M=2048, N=256, K=4080, SampleA=0.0000, SampleB=0.0088)
⚠️ GoffiMatMul Warning: Result is exactly zero despite non-zero inputs (M=2048, N=256, K=256, SampleA=0.0000, SampleB=-0.0420)
⚠️ GoffiMatMul Warning: Result is exactly zero despite non-zero inputs (M=2048, N=256, K=4080, SampleA=0.0000, SampleB=0.0088)
⚠️ GoffiMatMul Warning: Result is exactly zero despite non-zero inputs (M=2048, N=256, K=4080, SampleA=0.0000, SampleB=0.0088)
⚠️ GoffiMatMul Warning: Result is exactly zero despite non-zero inputs (M=2048, N=256, K=256, SampleA=0.0000, SampleB=-0.0420)
2026/04/18 11:06:37 mlm_training.go:590: 🎓 [MLM] Step 500 | Loss: 7.3074 (smooth: 7.0528) | PPL: 1530.2 | LR: 0.002351 | 0.1 steps/s
2026/04/18 11:06:38 mlm_training.go:775: [Intent: social]    🔍 'has [___] and' → Answer: 'antioxidants' | Predicted: .(1.1%), ?(0.6%), can(0.3%) ❌
2026/04/18 11:06:38 mlm_training.go:599: 💾 [MLM CHECKPOINT] Saving progress at Step 500...
2026/04/18 11:06:46 intent_moe.go:1200: ✅ [CHECKPOINT] Saved model to data/models/gob_models/moe_social_model.gob (Size: 135.23 MB)
⚠️ GoffiMatMul Warning: Result is exactly zero despite non-zero inputs (M=2048, N=256, K=4080, SampleA=0.0000, SampleB=0.0088)
2026/04/18 11:07:05 mlm_training.go:569: ⏳ MLM: Step 500 in progress...
⚠️ GoffiMatMul Warning: Result is exactly zero despite non-zero inputs (M=2048, N=256, K=4080, SampleA=0.0000, SampleB=0.0088)
⚠️ GoffiMatMul Warning: Result is exactly zero despite non-zero inputs (M=2048, N=256, K=256, SampleA=0.0000, SampleB=-0.0420)
⚠️ GoffiMatMul Warning: Result is exactly zero despite non-zero inputs (M=2048, N=256, K=4080, SampleA=0.0000, SampleB=0.0088)
⚠️ GoffiMatMul Warning: Result is exactly zero despite non-zero inputs (M=2048, N=256, K=256, SampleA=0.0000, SampleB=-0.0420)
⚠️ GoffiMatMul Warning: Result is exactly zero despite non-zero inputs (M=2048, N=256, K=4080, SampleA=0.0000, SampleB=0.0088)
⚠️ GoffiMatMul Warning: Result is exactly zero despite non-zero inputs (M=2048, N=256, K=256, SampleA=0.0000, SampleB=-0.0420)
⚠️ GoffiMatMul Warning: Result is exactly zero despite non-zero inputs (M=2048, N=256, K=4080, SampleA=0.0000, SampleB=0.0089)
⚠️ GoffiMatMul Warning: Result is exactly zero despite non-zero inputs (M=2048, N=256, K=256, SampleA=0.0000, SampleB=-0.0420)
⚠️ GoffiMatMul Warning: Result is exactly zero despite non-zero inputs (M=2048, N=256, K=4080, SampleA=0.0000, SampleB=0.0089)
⚠️ GoffiMatMul Warning: Result is exactly zero despite non-zero inputs (M=2048, N=256, K=256, SampleA=0.0000, SampleB=-0.0420)
⚠️ GoffiMatMul Warning: Result is exactly zero despite non-zero inputs (M=2048, N=256, K=4080, SampleA=0.0000, SampleB=0.0089)
⚠️ GoffiMatMul Warning: Result is exactly zero despite non-zero inputs (M=2048, N=256, K=256, SampleA=0.0000, SampleB=-0.0420)
⚠️ GoffiMatMul Warning: Result is exactly zero despite non-zero inputs (M=2048, N=256, K=4080, SampleA=0.0000, SampleB=0.0089)
⚠️ GoffiMatMul Warning: Result is exactly zero despite non-zero inputs (M=2048, N=256, K=256, SampleA=0.0000, SampleB=-0.0420)
⚠️ GoffiMatMul Warning: Result is exactly zero despite non-zero inputs (M=2048, N=256, K=4080, SampleA=0.0000, SampleB=0.0089)
⚠️ GoffiMatMul Warning: Result is exactly zero despite non-zero inputs (M=2048, N=256, K=256, SampleA=0.0000, SampleB=-0.0420)
⚠️ GoffiMatMul Warning: Result is exactly zero despite non-zero inputs (M=2048, N=256, K=4080, SampleA=0.0000, SampleB=0.0089)
⚠️ GoffiMatMul Warning: Result is exactly zero despite non-zero inputs (M=2048, N=256, K=256, SampleA=0.0000, SampleB=-0.0419)
2026/04/18 11:10:30 mlm_training.go:569: ⏳ MLM: Step 510 in progress...
⚠️ GoffiMatMul Warning: Result is exactly zero despite non-zero inputs (M=2048, N=256, K=4080, SampleA=0.0000, SampleB=0.0089)
⚠️ GoffiMatMul Warning: Result is exactly zero despite non-zero inputs (M=2048, N=256, K=256, SampleA=0.0000, SampleB=-0.0419)
⚠️ GoffiMatMul Warning: Result is exactly zero despite non-zero inputs (M=2048, N=256, K=4080, SampleA=0.0000, SampleB=0.0089)
⚠️ GoffiMatMul Warning: Result is exactly zero despite non-zero inputs (M=2048, N=256, K=256, SampleA=0.0000, SampleB=-0.0419)
⚠️ GoffiMatMul Warning: Result is exactly zero despite non-zero inputs (M=2048, N=256, K=4080, SampleA=0.0000, SampleB=0.0089)
⚠️ GoffiMatMul Warning: Result is exactly zero despite non-zero inputs (M=2048, N=256, K=256, SampleA=0.0000, SampleB=-0.0419)
⚠️ GoffiMatMul Warning: Result is exactly zero despite non-zero inputs (M=2048, N=256, K=4080, SampleA=0.0000, SampleB=0.0089)
⚠️ GoffiMatMul Warning: Result is exactly zero despite non-zero inputs (M=2048, N=256, K=256, SampleA=0.0000, SampleB=-0.0419)
⚠️ GoffiMatMul Warning: Result is exactly zero despite non-zero inputs (M=2048, N=256, K=4080, SampleA=0.0000, SampleB=0.0089)
⚠️ GoffiMatMul Warning: Result is exactly zero despite non-zero inputs (M=2048, N=256, K=256, SampleA=0.0000, SampleB=-0.0419)
⚠️ GoffiMatMul Warning: Result is exactly zero despite non-zero inputs (M=2048, N=256, K=4080, SampleA=0.0000, SampleB=0.0089)
⚠️ GoffiMatMul Warning: Result is exactly zero despite non-zero inputs (M=2048, N=256, K=4080, SampleA=0.0000, SampleB=0.0089)
⚠️ GoffiMatMul Warning: Result is exactly zero despite non-zero inputs (M=2048, N=256, K=256, SampleA=0.0000, SampleB=-0.0419)
⚠️ GoffiMatMul Warning: Result is exactly zero despite non-zero inputs (M=2048, N=256, K=4080, SampleA=0.0000, SampleB=0.0089)
⚠️ GoffiMatMul Warning: Result is exactly zero despite non-zero inputs (M=2048, N=256, K=256, SampleA=0.0000, SampleB=-0.0419)
⚠️ GoffiMatMul Warning: Result is exactly zero despite non-zero inputs (M=2048, N=256, K=4080, SampleA=0.0000, SampleB=0.0089)
⚠️ GoffiMatMul Warning: Result is exactly zero despite non-zero inputs (M=2048, N=256, K=256, SampleA=0.0000, SampleB=-0.0418)
⚠️ GoffiMatMul Warning: Result is exactly zero despite non-zero inputs (M=2048, N=256, K=4080, SampleA=0.0000, SampleB=0.0089)
⚠️ GoffiMatMul Warning: Result is exactly zero despite non-zero inputs (M=2048, N=256, K=256, SampleA=0.0000, SampleB=-0.0418)
2026/04/18 11:13:53 mlm_training.go:569: ⏳ MLM: Step 520 in progress...
⚠️ GoffiMatMul Warning: Result is exactly zero despite non-zero inputs (M=2048, N=256, K=4080, SampleA=0.0000, SampleB=0.0089)
⚠️ GoffiMatMul Warning: Result is exactly zero despite non-zero inputs (M=2048, N=256, K=256, SampleA=0.0000, SampleB=-0.0418)
⚠️ GoffiMatMul Warning: Result is exactly zero despite non-zero inputs (M=2048, N=256, K=4080, SampleA=0.0000, SampleB=0.0090)
⚠️ GoffiMatMul Warning: Result is exactly zero despite non-zero inputs (M=2048, N=256, K=4080, SampleA=0.0000, SampleB=0.0090)
⚠️ GoffiMatMul Warning: Result is exactly zero despite non-zero inputs (M=2048, N=256, K=256, SampleA=0.0000, SampleB=-0.0417)
⚠️ GoffiMatMul Warning: Result is exactly zero despite non-zero inputs (M=2048, N=256, K=4080, SampleA=0.0000, SampleB=0.0090)
⚠️ GoffiMatMul Warning: Result is exactly zero despite non-zero inputs (M=2048, N=256, K=256, SampleA=0.0000, SampleB=-0.0417)
⚠️ GoffiMatMul Warning: Result is exactly zero despite non-zero inputs (M=2048, N=256, K=4080, SampleA=0.0000, SampleB=0.0090)
⚠️ GoffiMatMul Warning: Result is exactly zero despite non-zero inputs (M=2048, N=256, K=4080, SampleA=0.0000, SampleB=0.0090)
⚠️ GoffiMatMul Warning: Result is exactly zero despite non-zero inputs (M=2048, N=256, K=256, SampleA=0.0000, SampleB=-0.0417)
⚠️ GoffiMatMul Warning: Result is exactly zero despite non-zero inputs (M=2048, N=256, K=4080, SampleA=0.0000, SampleB=0.0090)
⚠️ GoffiMatMul Warning: Result is exactly zero despite non-zero inputs (M=2048, N=256, K=256, SampleA=0.0000, SampleB=-0.0417)
⚠️ GoffiMatMul Warning: Result is exactly zero despite non-zero inputs (M=2048, N=256, K=4080, SampleA=0.0000, SampleB=0.0090)
⚠️ GoffiMatMul Warning: Result is exactly zero despite non-zero inputs (M=2048, N=256, K=256, SampleA=0.0000, SampleB=-0.0417)
⚠️ GoffiMatMul Warning: Result is exactly zero despite non-zero inputs (M=2048, N=256, K=4080, SampleA=0.0000, SampleB=0.0090)
⚠️ GoffiMatMul Warning: Result is exactly zero despite non-zero inputs (M=2048, N=256, K=256, SampleA=0.0000, SampleB=-0.0417)
2026/04/18 11:17:16 mlm_training.go:569: ⏳ MLM: Step 530 in progress...
⚠️ GoffiMatMul Warning: Result is exactly zero despite non-zero inputs (M=2048, N=256, K=4080, SampleA=0.0000, SampleB=0.0090)
⚠️ GoffiMatMul Warning: Result is exactly zero despite non-zero inputs (M=2048, N=256, K=4080, SampleA=0.0000, SampleB=0.0090)
⚠️ GoffiMatMul Warning: Result is exactly zero despite non-zero inputs (M=2048, N=256, K=256, SampleA=0.0000, SampleB=-0.0416)
⚠️ GoffiMatMul Warning: Result is exactly zero despite non-zero inputs (M=2048, N=256, K=4080, SampleA=0.0000, SampleB=0.0090)
⚠️ GoffiMatMul Warning: Result is exactly zero despite non-zero inputs (M=2048, N=256, K=256, SampleA=0.0000, SampleB=-0.0416)
⚠️ GoffiMatMul Warning: Result is exactly zero despite non-zero inputs (M=2048, N=256, K=4080, SampleA=0.0000, SampleB=0.0090)
⚠️ GoffiMatMul Warning: Result is exactly zero despite non-zero inputs (M=2048, N=256, K=256, SampleA=0.0000, SampleB=-0.0416)
⚠️ GoffiMatMul Warning: Result is exactly zero despite non-zero inputs (M=2048, N=256, K=4080, SampleA=0.0000, SampleB=0.0090)
⚠️ GoffiMatMul Warning: Result is exactly zero despite non-zero inputs (M=2048, N=256, K=256, SampleA=0.0000, SampleB=-0.0416)
⚠️ GoffiMatMul Warning: Result is exactly zero despite non-zero inputs (M=2048, N=256, K=4080, SampleA=0.0000, SampleB=0.0090)
⚠️ GoffiMatMul Warning: Result is exactly zero despite non-zero inputs (M=2048, N=256, K=4080, SampleA=0.0000, SampleB=0.0090)
⚠️ GoffiMatMul Warning: Result is exactly zero despite non-zero inputs (M=2048, N=256, K=256, SampleA=0.0000, SampleB=-0.0416)
⚠️ GoffiMatMul Warning: Result is exactly zero despite non-zero inputs (M=2048, N=256, K=4080, SampleA=0.0000, SampleB=0.0091)
⚠️ GoffiMatMul Warning: Result is exactly zero despite non-zero inputs (M=2048, N=256, K=256, SampleA=0.0000, SampleB=-0.0415)
2026/04/18 11:20:04 mlm_training.go:635: 🎓 [MLM] Epoch 12/20 Complete | Avg Loss: 7.0580 | PPL: 1162.1 | Batches: 45
2026/04/18 11:20:04 mlm_training.go:420: 🎓 MLM: Starting epoch 13 with 2831 sentences (Batch Size: 64)
⚠️ GoffiMatMul Warning: Result is exactly zero despite non-zero inputs (M=2048, N=256, K=4080, SampleA=0.0000, SampleB=0.0091)
⚠️ GoffiMatMul Warning: Result is exactly zero despite non-zero inputs (M=2048, N=256, K=256, SampleA=0.0000, SampleB=-0.0415)
2026/04/18 11:20:24 mlm_training.go:569: ⏳ MLM: Step 540 in progress...
⚠️ GoffiMatMul Warning: Result is exactly zero despite non-zero inputs (M=2048, N=256, K=4080, SampleA=0.0000, SampleB=0.0091)
⚠️ GoffiMatMul Warning: Result is exactly zero despite non-zero inputs (M=2048, N=256, K=256, SampleA=0.0000, SampleB=-0.0415)
⚠️ GoffiMatMul Warning: Result is exactly zero despite non-zero inputs (M=2048, N=256, K=4080, SampleA=0.0000, SampleB=0.0091)
⚠️ GoffiMatMul Warning: Result is exactly zero despite non-zero inputs (M=2048, N=256, K=256, SampleA=0.0000, SampleB=-0.0415)
⚠️ GoffiMatMul Warning: Result is exactly zero despite non-zero inputs (M=2048, N=256, K=4080, SampleA=0.0000, SampleB=0.0091)
⚠️ GoffiMatMul Warning: Result is exactly zero despite non-zero inputs (M=2048, N=256, K=256, SampleA=0.0000, SampleB=-0.0415)
⚠️ GoffiMatMul Warning: Result is exactly zero despite non-zero inputs (M=2048, N=256, K=4080, SampleA=0.0000, SampleB=0.0091)
⚠️ GoffiMatMul Warning: Result is exactly zero despite non-zero inputs (M=2048, N=256, K=256, SampleA=0.0000, SampleB=-0.0415)
⚠️ GoffiMatMul Warning: Result is exactly zero despite non-zero inputs (M=2048, N=256, K=4080, SampleA=0.0000, SampleB=0.0091)
⚠️ GoffiMatMul Warning: Result is exactly zero despite non-zero inputs (M=2048, N=256, K=256, SampleA=0.0000, SampleB=-0.0415)
⚠️ GoffiMatMul Warning: Result is exactly zero despite non-zero inputs (M=2048, N=256, K=4080, SampleA=0.0000, SampleB=0.0091)
⚠️ GoffiMatMul Warning: Result is exactly zero despite non-zero inputs (M=2048, N=256, K=4080, SampleA=0.0000, SampleB=0.0091)
⚠️ GoffiMatMul Warning: Result is exactly zero despite non-zero inputs (M=2048, N=256, K=256, SampleA=0.0000, SampleB=-0.0414)
⚠️ GoffiMatMul Warning: Result is exactly zero despite non-zero inputs (M=2048, N=256, K=4080, SampleA=0.0000, SampleB=0.0091)
⚠️ GoffiMatMul Warning: Result is exactly zero despite non-zero inputs (M=2048, N=256, K=256, SampleA=0.0000, SampleB=-0.0414)
2026/04/18 11:23:33 mlm_training.go:590: 🎓 [MLM] Step 550 | Loss: 6.9619 (smooth: 7.0203) | PPL: 1489.1 | LR: 0.001863 | 0.1 steps/s
2026/04/18 11:23:33 mlm_training.go:775: [Intent: social]    🔍 'what's [___] ?' → Answer: 'up' | Predicted: .(1.2%), ?(0.5%), the(0.3%) ❌
⚠️ GoffiMatMul Warning: Result is exactly zero despite non-zero inputs (M=2048, N=256, K=4080, SampleA=0.0000, SampleB=0.0091)
⚠️ GoffiMatMul Warning: Result is exactly zero despite non-zero inputs (M=2048, N=256, K=256, SampleA=0.0000, SampleB=-0.0414)
2026/04/18 11:23:53 mlm_training.go:569: ⏳ MLM: Step 550 in progress...
⚠️ GoffiMatMul Warning: Result is exactly zero despite non-zero inputs (M=2048, N=256, K=4080, SampleA=0.0000, SampleB=0.0091)
⚠️ GoffiMatMul Warning: Result is exactly zero despite non-zero inputs (M=2048, N=256, K=256, SampleA=0.0000, SampleB=-0.0414)
⚠️ GoffiMatMul Warning: Result is exactly zero despite non-zero inputs (M=2048, N=256, K=4080, SampleA=0.0000, SampleB=0.0091)
⚠️ GoffiMatMul Warning: Result is exactly zero despite non-zero inputs (M=2048, N=256, K=256, SampleA=0.0000, SampleB=-0.0414)
⚠️ GoffiMatMul Warning: Result is exactly zero despite non-zero inputs (M=2048, N=256, K=4080, SampleA=0.0000, SampleB=0.0091)
⚠️ GoffiMatMul Warning: Result is exactly zero despite non-zero inputs (M=2048, N=256, K=256, SampleA=0.0000, SampleB=-0.0414)
⚠️ GoffiMatMul Warning: Result is exactly zero despite non-zero inputs (M=2048, N=256, K=4080, SampleA=0.0000, SampleB=0.0091)
⚠️ GoffiMatMul Warning: Result is exactly zero despite non-zero inputs (M=2048, N=256, K=256, SampleA=0.0000, SampleB=-0.0414)
⚠️ GoffiMatMul Warning: Result is exactly zero despite non-zero inputs (M=2048, N=256, K=4080, SampleA=0.0000, SampleB=0.0091)
⚠️ GoffiMatMul Warning: Result is exactly zero despite non-zero inputs (M=2048, N=256, K=256, SampleA=0.0000, SampleB=-0.0414)
⚠️ GoffiMatMul Warning: Result is exactly zero despite non-zero inputs (M=2048, N=256, K=4080, SampleA=0.0000, SampleB=0.0091)
⚠️ GoffiMatMul Warning: Result is exactly zero despite non-zero inputs (M=2048, N=256, K=256, SampleA=0.0000, SampleB=-0.0414)
⚠️ GoffiMatMul Warning: Result is exactly zero despite non-zero inputs (M=2048, N=256, K=4080, SampleA=0.0000, SampleB=0.0091)
⚠️ GoffiMatMul Warning: Result is exactly zero despite non-zero inputs (M=2048, N=256, K=256, SampleA=0.0000, SampleB=-0.0414)
⚠️ GoffiMatMul Warning: Result is exactly zero despite non-zero inputs (M=2048, N=256, K=4080, SampleA=0.0000, SampleB=0.0091)
⚠️ GoffiMatMul Warning: Result is exactly zero despite non-zero inputs (M=2048, N=256, K=256, SampleA=0.0000, SampleB=-0.0414)
⚠️ GoffiMatMul Warning: Result is exactly zero despite non-zero inputs (M=2048, N=256, K=4080, SampleA=0.0000, SampleB=0.0091)
⚠️ GoffiMatMul Warning: Result is exactly zero despite non-zero inputs (M=2048, N=256, K=256, SampleA=0.0000, SampleB=-0.0414)
⚠️ GoffiMatMul Warning: Result is exactly zero despite non-zero inputs (M=2048, N=256, K=4080, SampleA=0.0000, SampleB=0.0091)
⚠️ GoffiMatMul Warning: Result is exactly zero despite non-zero inputs (M=2048, N=256, K=256, SampleA=0.0000, SampleB=-0.0414)
2026/04/18 11:27:13 mlm_training.go:569: ⏳ MLM: Step 560 in progress...
⚠️ GoffiMatMul Warning: Result is exactly zero despite non-zero inputs (M=2048, N=256, K=4080, SampleA=0.0000, SampleB=0.0091)
⚠️ GoffiMatMul Warning: Result is exactly zero despite non-zero inputs (M=2048, N=256, K=4080, SampleA=0.0000, SampleB=0.0091)
⚠️ GoffiMatMul Warning: Result is exactly zero despite non-zero inputs (M=2048, N=256, K=4080, SampleA=0.0000, SampleB=0.0091)
⚠️ GoffiMatMul Warning: Result is exactly zero despite non-zero inputs (M=2048, N=256, K=256, SampleA=0.0000, SampleB=-0.0413)
⚠️ GoffiMatMul Warning: Result is exactly zero despite non-zero inputs (M=2048, N=256, K=4080, SampleA=0.0000, SampleB=0.0091)
⚠️ GoffiMatMul Warning: Result is exactly zero despite non-zero inputs (M=2048, N=256, K=256, SampleA=0.0000, SampleB=-0.0413)
⚠️ GoffiMatMul Warning: Result is exactly zero despite non-zero inputs (M=2048, N=256, K=4080, SampleA=0.0000, SampleB=0.0091)
⚠️ GoffiMatMul Warning: Result is exactly zero despite non-zero inputs (M=2048, N=256, K=256, SampleA=0.0000, SampleB=-0.0413)
⚠️ GoffiMatMul Warning: Result is exactly zero despite non-zero inputs (M=2048, N=256, K=4080, SampleA=0.0000, SampleB=0.0091)
⚠️ GoffiMatMul Warning: Result is exactly zero despite non-zero inputs (M=2048, N=256, K=256, SampleA=0.0000, SampleB=-0.0413)
⚠️ GoffiMatMul Warning: Result is exactly zero despite non-zero inputs (M=2048, N=256, K=4080, SampleA=0.0000, SampleB=0.0091)
⚠️ GoffiMatMul Warning: Result is exactly zero despite non-zero inputs (M=2048, N=256, K=256, SampleA=0.0000, SampleB=-0.0413)
⚠️ GoffiMatMul Warning: Result is exactly zero despite non-zero inputs (M=2048, N=256, K=4080, SampleA=0.0000, SampleB=0.0092)
⚠️ GoffiMatMul Warning: Result is exactly zero despite non-zero inputs (M=2048, N=256, K=4080, SampleA=0.0000, SampleB=0.0092)
2026/04/18 11:30:37 mlm_training.go:569: ⏳ MLM: Step 570 in progress...
⚠️ GoffiMatMul Warning: Result is exactly zero despite non-zero inputs (M=2048, N=256, K=4080, SampleA=0.0000, SampleB=0.0092)
⚠️ GoffiMatMul Warning: Result is exactly zero despite non-zero inputs (M=2048, N=256, K=256, SampleA=0.0000, SampleB=-0.0413)
⚠️ GoffiMatMul Warning: Result is exactly zero despite non-zero inputs (M=2048, N=256, K=4080, SampleA=0.0000, SampleB=0.0092)
⚠️ GoffiMatMul Warning: Result is exactly zero despite non-zero inputs (M=2048, N=256, K=256, SampleA=0.0000, SampleB=-0.0413)
⚠️ GoffiMatMul Warning: Result is exactly zero despite non-zero inputs (M=2048, N=256, K=4080, SampleA=0.0000, SampleB=0.0092)
⚠️ GoffiMatMul Warning: Result is exactly zero despite non-zero inputs (M=2048, N=256, K=256, SampleA=0.0000, SampleB=-0.0413)
⚠️ GoffiMatMul Warning: Result is exactly zero despite non-zero inputs (M=2048, N=256, K=4080, SampleA=0.0000, SampleB=0.0092)
⚠️ GoffiMatMul Warning: Result is exactly zero despite non-zero inputs (M=2048, N=256, K=4080, SampleA=0.0000, SampleB=0.0092)
⚠️ GoffiMatMul Warning: Result is exactly zero despite non-zero inputs (M=2048, N=256, K=256, SampleA=0.0000, SampleB=-0.0413)
⚠️ GoffiMatMul Warning: Result is exactly zero despite non-zero inputs (M=2048, N=256, K=4080, SampleA=0.0000, SampleB=0.0092)
⚠️ GoffiMatMul Warning: Result is exactly zero despite non-zero inputs (M=2048, N=256, K=4080, SampleA=0.0000, SampleB=0.0092)
⚠️ GoffiMatMul Warning: Result is exactly zero despite non-zero inputs (M=2048, N=256, K=256, SampleA=0.0000, SampleB=-0.0412)
⚠️ GoffiMatMul Warning: Result is exactly zero despite non-zero inputs (M=2048, N=256, K=4080, SampleA=0.0000, SampleB=0.0092)
⚠️ GoffiMatMul Warning: Result is exactly zero despite non-zero inputs (M=2048, N=256, K=256, SampleA=0.0000, SampleB=-0.0412)
2026/04/18 11:33:59 mlm_training.go:569: ⏳ MLM: Step 580 in progress...
⚠️ GoffiMatMul Warning: Result is exactly zero despite non-zero inputs (M=2048, N=256, K=4080, SampleA=0.0000, SampleB=0.0092)
⚠️ GoffiMatMul Warning: Result is exactly zero despite non-zero inputs (M=2048, N=256, K=256, SampleA=0.0000, SampleB=-0.0412)
⚠️ GoffiMatMul Warning: Result is exactly zero despite non-zero inputs (M=2048, N=256, K=4080, SampleA=0.0000, SampleB=0.0092)
⚠️ GoffiMatMul Warning: Result is exactly zero despite non-zero inputs (M=2048, N=256, K=256, SampleA=0.0000, SampleB=-0.0412)
⚠️ GoffiMatMul Warning: Result is exactly zero despite non-zero inputs (M=2048, N=256, K=4080, SampleA=0.0000, SampleB=0.0092)
⚠️ GoffiMatMul Warning: Result is exactly zero despite non-zero inputs (M=2048, N=256, K=256, SampleA=0.0000, SampleB=-0.0412)
⚠️ GoffiMatMul Warning: Result is exactly zero despite non-zero inputs (M=285, N=256, K=4080, SampleA=0.0000, SampleB=0.0092)
⚠️ GoffiMatMul Warning: Result is exactly zero despite non-zero inputs (M=285, N=256, K=256, SampleA=0.0000, SampleB=-0.0412)
2026/04/18 11:35:05 mlm_training.go:635: 🎓 [MLM] Epoch 13/20 Complete | Avg Loss: 7.0099 | PPL: 1107.6 | Batches: 45
2026/04/18 11:35:05 mlm_training.go:420: 🎓 MLM: Starting epoch 14 with 2831 sentences (Batch Size: 64)
⚠️ GoffiMatMul Warning: Result is exactly zero despite non-zero inputs (M=2048, N=256, K=4080, SampleA=0.0000, SampleB=0.0092)
⚠️ GoffiMatMul Warning: Result is exactly zero despite non-zero inputs (M=2048, N=256, K=256, SampleA=0.0000, SampleB=-0.0412)
⚠️ GoffiMatMul Warning: Result is exactly zero despite non-zero inputs (M=2048, N=256, K=4080, SampleA=0.0000, SampleB=0.0092)
⚠️ GoffiMatMul Warning: Result is exactly zero despite non-zero inputs (M=2048, N=256, K=256, SampleA=0.0000, SampleB=-0.0412)
⚠️ GoffiMatMul Warning: Result is exactly zero despite non-zero inputs (M=2048, N=256, K=4080, SampleA=0.0000, SampleB=0.0092)
⚠️ GoffiMatMul Warning: Result is exactly zero despite non-zero inputs (M=2048, N=256, K=256, SampleA=0.0000, SampleB=-0.0412)
⚠️ GoffiMatMul Warning: Result is exactly zero despite non-zero inputs (M=2048, N=256, K=4080, SampleA=0.0000, SampleB=0.0092)
⚠️ GoffiMatMul Warning: Result is exactly zero despite non-zero inputs (M=2048, N=256, K=256, SampleA=0.0000, SampleB=-0.0412)
⚠️ GoffiMatMul Warning: Result is exactly zero despite non-zero inputs (M=2048, N=256, K=4080, SampleA=0.0000, SampleB=0.0092)
⚠️ GoffiMatMul Warning: Result is exactly zero despite non-zero inputs (M=2048, N=256, K=256, SampleA=0.0000, SampleB=-0.0412)
⚠️ GoffiMatMul Warning: Result is exactly zero despite non-zero inputs (M=2048, N=256, K=4080, SampleA=0.0000, SampleB=0.0092)
⚠️ GoffiMatMul Warning: Result is exactly zero despite non-zero inputs (M=2048, N=256, K=256, SampleA=0.0000, SampleB=-0.0411)
2026/04/18 11:37:10 mlm_training.go:569: ⏳ MLM: Step 590 in progress...
⚠️ GoffiMatMul Warning: Result is exactly zero despite non-zero inputs (M=2048, N=256, K=4080, SampleA=0.0000, SampleB=0.0092)
⚠️ GoffiMatMul Warning: Result is exactly zero despite non-zero inputs (M=2048, N=256, K=256, SampleA=0.0000, SampleB=-0.0411)
⚠️ GoffiMatMul Warning: Result is exactly zero despite non-zero inputs (M=2048, N=256, K=4080, SampleA=0.0000, SampleB=0.0092)
⚠️ GoffiMatMul Warning: Result is exactly zero despite non-zero inputs (M=2048, N=256, K=256, SampleA=0.0000, SampleB=-0.0411)
⚠️ GoffiMatMul Warning: Result is exactly zero despite non-zero inputs (M=2048, N=256, K=4080, SampleA=0.0000, SampleB=0.0092)
⚠️ GoffiMatMul Warning: Result is exactly zero despite non-zero inputs (M=2048, N=256, K=256, SampleA=0.0000, SampleB=-0.0411)
⚠️ GoffiMatMul Warning: Result is exactly zero despite non-zero inputs (M=2048, N=256, K=4080, SampleA=0.0000, SampleB=0.0092)
⚠️ GoffiMatMul Warning: Result is exactly zero despite non-zero inputs (M=2048, N=256, K=256, SampleA=0.0000, SampleB=-0.0411)
⚠️ GoffiMatMul Warning: Result is exactly zero despite non-zero inputs (M=2048, N=256, K=4080, SampleA=0.0000, SampleB=0.0092)
⚠️ GoffiMatMul Warning: Result is exactly zero despite non-zero inputs (M=2048, N=256, K=256, SampleA=0.0000, SampleB=-0.0411)
⚠️ GoffiMatMul Warning: Result is exactly zero despite non-zero inputs (M=2048, N=256, K=4080, SampleA=0.0000, SampleB=0.0093)
⚠️ GoffiMatMul Warning: Result is exactly zero despite non-zero inputs (M=2048, N=256, K=256, SampleA=0.0000, SampleB=-0.0411)
⚠️ GoffiMatMul Warning: Result is exactly zero despite non-zero inputs (M=2048, N=256, K=4080, SampleA=0.0000, SampleB=0.0093)
⚠️ GoffiMatMul Warning: Result is exactly zero despite non-zero inputs (M=2048, N=256, K=256, SampleA=0.0000, SampleB=-0.0411)
⚠️ GoffiMatMul Warning: Result is exactly zero despite non-zero inputs (M=2048, N=256, K=4080, SampleA=0.0000, SampleB=0.0093)
2026/04/18 11:40:14 mlm_training.go:590: 🎓 [MLM] Step 600 | Loss: 7.0576 (smooth: 7.0473) | PPL: 1455.1 | LR: 0.001399 | 0.1 steps/s
2026/04/18 11:40:14 mlm_training.go:775: [Intent: social]    🔍 'i'm [___] very' → Answer: 'feeling' | Predicted: .(1.1%), ?(0.5%), the(0.3%) ❌
⚠️ GoffiMatMul Warning: Result is exactly zero despite non-zero inputs (M=2048, N=256, K=4080, SampleA=0.0000, SampleB=0.0093)
⚠️ GoffiMatMul Warning: Result is exactly zero despite non-zero inputs (M=2048, N=256, K=256, SampleA=0.0000, SampleB=-0.0411)
2026/04/18 11:40:36 mlm_training.go:569: ⏳ MLM: Step 600 in progress...
⚠️ GoffiMatMul Warning: Result is exactly zero despite non-zero inputs (M=2048, N=256, K=4080, SampleA=0.0000, SampleB=0.0093)
⚠️ GoffiMatMul Warning: Result is exactly zero despite non-zero inputs (M=2048, N=256, K=256, SampleA=0.0000, SampleB=-0.0411)
⚠️ GoffiMatMul Warning: Result is exactly zero despite non-zero inputs (M=2048, N=256, K=4080, SampleA=0.0000, SampleB=0.0093)
⚠️ GoffiMatMul Warning: Result is exactly zero despite non-zero inputs (M=2048, N=256, K=256, SampleA=0.0000, SampleB=-0.0411)
⚠️ GoffiMatMul Warning: Result is exactly zero despite non-zero inputs (M=2048, N=256, K=4080, SampleA=0.0000, SampleB=0.0093)
⚠️ GoffiMatMul Warning: Result is exactly zero despite non-zero inputs (M=2048, N=256, K=256, SampleA=0.0000, SampleB=-0.0411)
⚠️ GoffiMatMul Warning: Result is exactly zero despite non-zero inputs (M=2048, N=256, K=4080, SampleA=0.0000, SampleB=0.0093)
⚠️ GoffiMatMul Warning: Result is exactly zero despite non-zero inputs (M=2048, N=256, K=4080, SampleA=0.0000, SampleB=0.0093)
⚠️ GoffiMatMul Warning: Result is exactly zero despite non-zero inputs (M=2048, N=256, K=256, SampleA=0.0000, SampleB=-0.0411)
⚠️ GoffiMatMul Warning: Result is exactly zero despite non-zero inputs (M=2048, N=256, K=4080, SampleA=0.0000, SampleB=0.0093)
⚠️ GoffiMatMul Warning: Result is exactly zero despite non-zero inputs (M=2048, N=256, K=256, SampleA=0.0000, SampleB=-0.0411)
⚠️ GoffiMatMul Warning: Result is exactly zero despite non-zero inputs (M=2048, N=256, K=4080, SampleA=0.0000, SampleB=0.0093)
⚠️ GoffiMatMul Warning: Result is exactly zero despite non-zero inputs (M=2048, N=256, K=256, SampleA=0.0000, SampleB=-0.0411)
⚠️ GoffiMatMul Warning: Result is exactly zero despite non-zero inputs (M=2048, N=256, K=4080, SampleA=0.0000, SampleB=0.0093)
⚠️ GoffiMatMul Warning: Result is exactly zero despite non-zero inputs (M=2048, N=256, K=256, SampleA=0.0000, SampleB=-0.0411)
⚠️ GoffiMatMul Warning: Result is exactly zero despite non-zero inputs (M=2048, N=256, K=4080, SampleA=0.0000, SampleB=0.0093)
⚠️ GoffiMatMul Warning: Result is exactly zero despite non-zero inputs (M=2048, N=256, K=256, SampleA=0.0000, SampleB=-0.0411)
2026/04/18 11:43:57 mlm_training.go:569: ⏳ MLM: Step 610 in progress...
⚠️ GoffiMatMul Warning: Result is exactly zero despite non-zero inputs (M=2048, N=256, K=4080, SampleA=0.0000, SampleB=0.0093)
⚠️ GoffiMatMul Warning: Result is exactly zero despite non-zero inputs (M=2048, N=256, K=256, SampleA=0.0000, SampleB=-0.0411)
⚠️ GoffiMatMul Warning: Result is exactly zero despite non-zero inputs (M=2048, N=256, K=4080, SampleA=0.0000, SampleB=0.0093)
⚠️ GoffiMatMul Warning: Result is exactly zero despite non-zero inputs (M=2048, N=256, K=256, SampleA=0.0000, SampleB=-0.0410)
⚠️ GoffiMatMul Warning: Result is exactly zero despite non-zero inputs (M=2048, N=256, K=4080, SampleA=0.0000, SampleB=0.0093)
⚠️ GoffiMatMul Warning: Result is exactly zero despite non-zero inputs (M=2048, N=256, K=4080, SampleA=0.0000, SampleB=0.0093)
⚠️ GoffiMatMul Warning: Result is exactly zero despite non-zero inputs (M=2048, N=256, K=4080, SampleA=0.0000, SampleB=0.0093)
⚠️ GoffiMatMul Warning: Result is exactly zero despite non-zero inputs (M=2048, N=256, K=256, SampleA=0.0000, SampleB=-0.0410)
⚠️ GoffiMatMul Warning: Result is exactly zero despite non-zero inputs (M=2048, N=256, K=4080, SampleA=0.0000, SampleB=0.0093)
⚠️ GoffiMatMul Warning: Result is exactly zero despite non-zero inputs (M=2048, N=256, K=256, SampleA=0.0000, SampleB=-0.0410)
⚠️ GoffiMatMul Warning: Result is exactly zero despite non-zero inputs (M=2048, N=256, K=4080, SampleA=0.0000, SampleB=0.0093)
⚠️ GoffiMatMul Warning: Result is exactly zero despite non-zero inputs (M=2048, N=256, K=256, SampleA=0.0000, SampleB=-0.0410)
⚠️ GoffiMatMul Warning: Result is exactly zero despite non-zero inputs (M=2048, N=256, K=4080, SampleA=0.0000, SampleB=0.0093)
⚠️ GoffiMatMul Warning: Result is exactly zero despite non-zero inputs (M=2048, N=256, K=256, SampleA=0.0000, SampleB=-0.0410)
⚠️ GoffiMatMul Warning: Result is exactly zero despite non-zero inputs (M=2048, N=256, K=4080, SampleA=0.0000, SampleB=0.0093)
⚠️ GoffiMatMul Warning: Result is exactly zero despite non-zero inputs (M=2048, N=256, K=256, SampleA=0.0000, SampleB=-0.0410)
2026/04/18 11:47:23 mlm_training.go:569: ⏳ MLM: Step 620 in progress...
⚠️ GoffiMatMul Warning: Result is exactly zero despite non-zero inputs (M=2048, N=256, K=4080, SampleA=0.0000, SampleB=0.0093)
⚠️ GoffiMatMul Warning: Result is exactly zero despite non-zero inputs (M=2048, N=256, K=256, SampleA=0.0000, SampleB=-0.0410)
⚠️ GoffiMatMul Warning: Result is exactly zero despite non-zero inputs (M=2048, N=256, K=4080, SampleA=0.0000, SampleB=0.0093)
⚠️ GoffiMatMul Warning: Result is exactly zero despite non-zero inputs (M=2048, N=256, K=256, SampleA=0.0000, SampleB=-0.0410)
⚠️ GoffiMatMul Warning: Result is exactly zero despite non-zero inputs (M=2048, N=256, K=4080, SampleA=0.0000, SampleB=0.0093)
⚠️ GoffiMatMul Warning: Result is exactly zero despite non-zero inputs (M=2048, N=256, K=256, SampleA=0.0000, SampleB=-0.0410)
⚠️ GoffiMatMul Warning: Result is exactly zero despite non-zero inputs (M=2048, N=256, K=4080, SampleA=0.0000, SampleB=0.0093)
⚠️ GoffiMatMul Warning: Result is exactly zero despite non-zero inputs (M=2048, N=256, K=256, SampleA=0.0000, SampleB=-0.0410)
⚠️ GoffiMatMul Warning: Result is exactly zero despite non-zero inputs (M=2048, N=256, K=4080, SampleA=0.0000, SampleB=0.0093)
⚠️ GoffiMatMul Warning: Result is exactly zero despite non-zero inputs (M=2048, N=256, K=256, SampleA=0.0000, SampleB=-0.0410)
⚠️ GoffiMatMul Warning: Result is exactly zero despite non-zero inputs (M=2048, N=256, K=4080, SampleA=0.0000, SampleB=0.0093)
⚠️ GoffiMatMul Warning: Result is exactly zero despite non-zero inputs (M=2048, N=256, K=256, SampleA=0.0000, SampleB=-0.0410)
⚠️ GoffiMatMul Warning: Result is exactly zero despite non-zero inputs (M=2048, N=256, K=4080, SampleA=0.0000, SampleB=0.0093)
⚠️ GoffiMatMul Warning: Result is exactly zero despite non-zero inputs (M=2048, N=256, K=256, SampleA=0.0000, SampleB=-0.0410)
⚠️ GoffiMatMul Warning: Result is exactly zero despite non-zero inputs (M=2048, N=256, K=4080, SampleA=0.0000, SampleB=0.0093)
⚠️ GoffiMatMul Warning: Result is exactly zero despite non-zero inputs (M=2048, N=256, K=256, SampleA=0.0000, SampleB=-0.0410)
⚠️ GoffiMatMul Warning: Result is exactly zero despite non-zero inputs (M=480, N=256, K=4080, SampleA=0.0000, SampleB=0.0093)
⚠️ GoffiMatMul Warning: Result is exactly zero despite non-zero inputs (M=480, N=256, K=256, SampleA=0.0000, SampleB=-0.0410)
2026/04/18 11:50:08 mlm_training.go:635: 🎓 [MLM] Epoch 14/20 Complete | Avg Loss: 7.0260 | PPL: 1125.5 | Batches: 45
2026/04/18 11:50:08 mlm_training.go:420: 🎓 MLM: Starting epoch 15 with 2831 sentences (Batch Size: 64)
⚠️ GoffiMatMul Warning: Result is exactly zero despite non-zero inputs (M=2048, N=256, K=4080, SampleA=0.0000, SampleB=0.0093)
⚠️ GoffiMatMul Warning: Result is exactly zero despite non-zero inputs (M=2048, N=256, K=256, SampleA=0.0000, SampleB=-0.0410)
2026/04/18 11:50:29 mlm_training.go:569: ⏳ MLM: Step 630 in progress...
⚠️ GoffiMatMul Warning: Result is exactly zero despite non-zero inputs (M=2048, N=256, K=4080, SampleA=0.0000, SampleB=0.0093)
⚠️ GoffiMatMul Warning: Result is exactly zero despite non-zero inputs (M=2048, N=256, K=256, SampleA=0.0000, SampleB=-0.0410)
⚠️ GoffiMatMul Warning: Result is exactly zero despite non-zero inputs (M=2048, N=256, K=4080, SampleA=0.0000, SampleB=0.0093)
⚠️ GoffiMatMul Warning: Result is exactly zero despite non-zero inputs (M=2048, N=256, K=256, SampleA=0.0000, SampleB=-0.0410)
⚠️ GoffiMatMul Warning: Result is exactly zero despite non-zero inputs (M=2048, N=256, K=4080, SampleA=0.0000, SampleB=0.0093)
⚠️ GoffiMatMul Warning: Result is exactly zero despite non-zero inputs (M=2048, N=256, K=256, SampleA=0.0000, SampleB=-0.0410)
⚠️ GoffiMatMul Warning: Result is exactly zero despite non-zero inputs (M=2048, N=256, K=4080, SampleA=0.0000, SampleB=0.0093)
⚠️ GoffiMatMul Warning: Result is exactly zero despite non-zero inputs (M=2048, N=256, K=256, SampleA=0.0000, SampleB=-0.0410)
⚠️ GoffiMatMul Warning: Result is exactly zero despite non-zero inputs (M=2048, N=256, K=4080, SampleA=0.0000, SampleB=0.0093)
⚠️ GoffiMatMul Warning: Result is exactly zero despite non-zero inputs (M=2048, N=256, K=256, SampleA=0.0000, SampleB=-0.0409)
⚠️ GoffiMatMul Warning: Result is exactly zero despite non-zero inputs (M=2048, N=256, K=4080, SampleA=0.0000, SampleB=0.0093)
⚠️ GoffiMatMul Warning: Result is exactly zero despite non-zero inputs (M=2048, N=256, K=256, SampleA=0.0000, SampleB=-0.0409)
⚠️ GoffiMatMul Warning: Result is exactly zero despite non-zero inputs (M=2048, N=256, K=4080, SampleA=0.0000, SampleB=0.0093)
⚠️ GoffiMatMul Warning: Result is exactly zero despite non-zero inputs (M=2048, N=256, K=256, SampleA=0.0000, SampleB=-0.0409)
⚠️ GoffiMatMul Warning: Result is exactly zero despite non-zero inputs (M=2048, N=256, K=4080, SampleA=0.0000, SampleB=0.0093)
⚠️ GoffiMatMul Warning: Result is exactly zero despite non-zero inputs (M=2048, N=256, K=256, SampleA=0.0000, SampleB=-0.0409)
⚠️ GoffiMatMul Warning: Result is exactly zero despite non-zero inputs (M=2048, N=256, K=4080, SampleA=0.0000, SampleB=0.0093)
⚠️ GoffiMatMul Warning: Result is exactly zero despite non-zero inputs (M=2048, N=256, K=256, SampleA=0.0000, SampleB=-0.0409)
2026/04/18 11:53:53 mlm_training.go:569: ⏳ MLM: Step 640 in progress...
⚠️ GoffiMatMul Warning: Result is exactly zero despite non-zero inputs (M=2048, N=256, K=4080, SampleA=0.0000, SampleB=0.0093)
⚠️ GoffiMatMul Warning: Result is exactly zero despite non-zero inputs (M=2048, N=256, K=256, SampleA=0.0000, SampleB=-0.0409)
⚠️ GoffiMatMul Warning: Result is exactly zero despite non-zero inputs (M=2048, N=256, K=4080, SampleA=0.0000, SampleB=0.0093)
⚠️ GoffiMatMul Warning: Result is exactly zero despite non-zero inputs (M=2048, N=256, K=256, SampleA=0.0000, SampleB=-0.0409)
⚠️ GoffiMatMul Warning: Result is exactly zero despite non-zero inputs (M=2048, N=256, K=4080, SampleA=0.0000, SampleB=0.0093)
⚠️ GoffiMatMul Warning: Result is exactly zero despite non-zero inputs (M=2048, N=256, K=256, SampleA=0.0000, SampleB=-0.0409)
⚠️ GoffiMatMul Warning: Result is exactly zero despite non-zero inputs (M=2048, N=256, K=4080, SampleA=0.0000, SampleB=0.0093)
⚠️ GoffiMatMul Warning: Result is exactly zero despite non-zero inputs (M=2048, N=256, K=256, SampleA=0.0000, SampleB=-0.0409)
⚠️ GoffiMatMul Warning: Result is exactly zero despite non-zero inputs (M=2048, N=256, K=4080, SampleA=0.0000, SampleB=0.0093)
⚠️ GoffiMatMul Warning: Result is exactly zero despite non-zero inputs (M=2048, N=256, K=256, SampleA=0.0000, SampleB=-0.0409)
⚠️ GoffiMatMul Warning: Result is exactly zero despite non-zero inputs (M=2048, N=256, K=4080, SampleA=0.0000, SampleB=0.0094)
⚠️ GoffiMatMul Warning: Result is exactly zero despite non-zero inputs (M=2048, N=256, K=256, SampleA=0.0000, SampleB=-0.0409)
⚠️ GoffiMatMul Warning: Result is exactly zero despite non-zero inputs (M=2048, N=256, K=4080, SampleA=0.0000, SampleB=0.0094)
⚠️ GoffiMatMul Warning: Result is exactly zero despite non-zero inputs (M=2048, N=256, K=256, SampleA=0.0000, SampleB=-0.0409)
⚠️ GoffiMatMul Warning: Result is exactly zero despite non-zero inputs (M=2048, N=256, K=4080, SampleA=0.0000, SampleB=0.0094)
⚠️ GoffiMatMul Warning: Result is exactly zero despite non-zero inputs (M=2048, N=256, K=256, SampleA=0.0000, SampleB=-0.0409)
⚠️ GoffiMatMul Warning: Result is exactly zero despite non-zero inputs (M=2048, N=256, K=4080, SampleA=0.0000, SampleB=0.0094)
⚠️ GoffiMatMul Warning: Result is exactly zero despite non-zero inputs (M=2048, N=256, K=256, SampleA=0.0000, SampleB=-0.0409)
2026/04/18 11:56:53 mlm_training.go:590: 🎓 [MLM] Step 650 | Loss: 6.9640 (smooth: 6.9708) | PPL: 1416.1 | LR: 0.000978 | 0.1 steps/s
2026/04/18 11:56:53 mlm_training.go:775: [Intent: social]    🔍 'pretty [___] .' → Answer: 'good' | Predicted: .(1.2%), ?(0.6%), the(0.3%) ❌
⚠️ GoffiMatMul Warning: Result is exactly zero despite non-zero inputs (M=2048, N=256, K=4080, SampleA=0.0000, SampleB=0.0094)
⚠️ GoffiMatMul Warning: Result is exactly zero despite non-zero inputs (M=2048, N=256, K=256, SampleA=0.0000, SampleB=-0.0409)
2026/04/18 11:57:13 mlm_training.go:569: ⏳ MLM: Step 650 in progress...
⚠️ GoffiMatMul Warning: Result is exactly zero despite non-zero inputs (M=2048, N=256, K=4080, SampleA=0.0000, SampleB=0.0094)
⚠️ GoffiMatMul Warning: Result is exactly zero despite non-zero inputs (M=2048, N=256, K=4080, SampleA=0.0000, SampleB=0.0094)
⚠️ GoffiMatMul Warning: Result is exactly zero despite non-zero inputs (M=2048, N=256, K=256, SampleA=0.0000, SampleB=-0.0409)
⚠️ GoffiMatMul Warning: Result is exactly zero despite non-zero inputs (M=2048, N=256, K=4080, SampleA=0.0000, SampleB=0.0094)
⚠️ GoffiMatMul Warning: Result is exactly zero despite non-zero inputs (M=2048, N=256, K=256, SampleA=0.0000, SampleB=-0.0409)
⚠️ GoffiMatMul Warning: Result is exactly zero despite non-zero inputs (M=2048, N=256, K=4080, SampleA=0.0000, SampleB=0.0094)
⚠️ GoffiMatMul Warning: Result is exactly zero despite non-zero inputs (M=2048, N=256, K=4080, SampleA=0.0000, SampleB=0.0094)
⚠️ GoffiMatMul Warning: Result is exactly zero despite non-zero inputs (M=2048, N=256, K=256, SampleA=0.0000, SampleB=-0.0409)
⚠️ GoffiMatMul Warning: Result is exactly zero despite non-zero inputs (M=2048, N=256, K=4080, SampleA=0.0000, SampleB=0.0094)
⚠️ GoffiMatMul Warning: Result is exactly zero despite non-zero inputs (M=2048, N=256, K=256, SampleA=0.0000, SampleB=-0.0409)
⚠️ GoffiMatMul Warning: Result is exactly zero despite non-zero inputs (M=2048, N=256, K=4080, SampleA=0.0000, SampleB=0.0094)
⚠️ GoffiMatMul Warning: Result is exactly zero despite non-zero inputs (M=2048, N=256, K=256, SampleA=0.0000, SampleB=-0.0409)
⚠️ GoffiMatMul Warning: Result is exactly zero despite non-zero inputs (M=2048, N=256, K=4080, SampleA=0.0000, SampleB=0.0094)
⚠️ GoffiMatMul Warning: Result is exactly zero despite non-zero inputs (M=2048, N=256, K=256, SampleA=0.0000, SampleB=-0.0409)
⚠️ GoffiMatMul Warning: Result is exactly zero despite non-zero inputs (M=2048, N=256, K=4080, SampleA=0.0000, SampleB=0.0094)
⚠️ GoffiMatMul Warning: Result is exactly zero despite non-zero inputs (M=2048, N=256, K=256, SampleA=0.0000, SampleB=-0.0409)
⚠️ GoffiMatMul Warning: Result is exactly zero despite non-zero inputs (M=2048, N=256, K=4080, SampleA=0.0000, SampleB=0.0094)
⚠️ GoffiMatMul Warning: Result is exactly zero despite non-zero inputs (M=2048, N=256, K=256, SampleA=0.0000, SampleB=-0.0409)
2026/04/18 12:00:36 mlm_training.go:569: ⏳ MLM: Step 660 in progress...
⚠️ GoffiMatMul Warning: Result is exactly zero despite non-zero inputs (M=2048, N=256, K=4080, SampleA=0.0000, SampleB=0.0094)
⚠️ GoffiMatMul Warning: Result is exactly zero despite non-zero inputs (M=2048, N=256, K=256, SampleA=0.0000, SampleB=-0.0409)
⚠️ GoffiMatMul Warning: Result is exactly zero despite non-zero inputs (M=2048, N=256, K=4080, SampleA=0.0000, SampleB=0.0094)
⚠️ GoffiMatMul Warning: Result is exactly zero despite non-zero inputs (M=2048, N=256, K=256, SampleA=0.0000, SampleB=-0.0409)
⚠️ GoffiMatMul Warning: Result is exactly zero despite non-zero inputs (M=2048, N=256, K=4080, SampleA=0.0000, SampleB=0.0094)
⚠️ GoffiMatMul Warning: Result is exactly zero despite non-zero inputs (M=2048, N=256, K=4080, SampleA=0.0000, SampleB=0.0094)
⚠️ GoffiMatMul Warning: Result is exactly zero despite non-zero inputs (M=2048, N=256, K=4080, SampleA=0.0000, SampleB=0.0094)
⚠️ GoffiMatMul Warning: Result is exactly zero despite non-zero inputs (M=2048, N=256, K=256, SampleA=0.0000, SampleB=-0.0409)
⚠️ GoffiMatMul Warning: Result is exactly zero despite non-zero inputs (M=2048, N=256, K=4080, SampleA=0.0000, SampleB=0.0094)
⚠️ GoffiMatMul Warning: Result is exactly zero despite non-zero inputs (M=2048, N=256, K=256, SampleA=0.0000, SampleB=-0.0409)
⚠️ GoffiMatMul Warning: Result is exactly zero despite non-zero inputs (M=2048, N=256, K=4080, SampleA=0.0000, SampleB=0.0094)
⚠️ GoffiMatMul Warning: Result is exactly zero despite non-zero inputs (M=2048, N=256, K=256, SampleA=0.0000, SampleB=-0.0409)
⚠️ GoffiMatMul Warning: Result is exactly zero despite non-zero inputs (M=2048, N=256, K=4080, SampleA=0.0000, SampleB=0.0094)
⚠️ GoffiMatMul Warning: Result is exactly zero despite non-zero inputs (M=2048, N=256, K=256, SampleA=0.0000, SampleB=-0.0408)
⚠️ GoffiMatMul Warning: Result is exactly zero despite non-zero inputs (M=2048, N=256, K=4080, SampleA=0.0000, SampleB=0.0094)
⚠️ GoffiMatMul Warning: Result is exactly zero despite non-zero inputs (M=2048, N=256, K=256, SampleA=0.0000, SampleB=-0.0408)
⚠️ GoffiMatMul Warning: Result is exactly zero despite non-zero inputs (M=2048, N=256, K=4080, SampleA=0.0000, SampleB=0.0094)
⚠️ GoffiMatMul Warning: Result is exactly zero despite non-zero inputs (M=2048, N=256, K=256, SampleA=0.0000, SampleB=-0.0408)
2026/04/18 12:04:04 mlm_training.go:569: ⏳ MLM: Step 670 in progress...
⚠️ GoffiMatMul Warning: Result is exactly zero despite non-zero inputs (M=2048, N=256, K=4080, SampleA=0.0000, SampleB=0.0094)
⚠️ GoffiMatMul Warning: Result is exactly zero despite non-zero inputs (M=2048, N=256, K=256, SampleA=0.0000, SampleB=-0.0408)
⚠️ GoffiMatMul Warning: Result is exactly zero despite non-zero inputs (M=2048, N=256, K=4080, SampleA=0.0000, SampleB=0.0094)
⚠️ GoffiMatMul Warning: Result is exactly zero despite non-zero inputs (M=2048, N=256, K=256, SampleA=0.0000, SampleB=-0.0408)
⚠️ GoffiMatMul Warning: Result is exactly zero despite non-zero inputs (M=2048, N=256, K=4080, SampleA=0.0000, SampleB=0.0094)
⚠️ GoffiMatMul Warning: Result is exactly zero despite non-zero inputs (M=2048, N=256, K=256, SampleA=0.0000, SampleB=-0.0408)
2026/04/18 12:05:10 mlm_training.go:635: 🎓 [MLM] Epoch 15/20 Complete | Avg Loss: 6.9879 | PPL: 1083.4 | Batches: 45
2026/04/18 12:05:10 mlm_training.go:420: 🎓 MLM: Starting epoch 16 with 2831 sentences (Batch Size: 64)
⚠️ GoffiMatMul Warning: Result is exactly zero despite non-zero inputs (M=2048, N=256, K=4080, SampleA=0.0000, SampleB=0.0094)
⚠️ GoffiMatMul Warning: Result is exactly zero despite non-zero inputs (M=2048, N=256, K=256, SampleA=0.0000, SampleB=-0.0408)
⚠️ GoffiMatMul Warning: Result is exactly zero despite non-zero inputs (M=2048, N=256, K=4080, SampleA=0.0000, SampleB=0.0094)
⚠️ GoffiMatMul Warning: Result is exactly zero despite non-zero inputs (M=2048, N=256, K=256, SampleA=0.0000, SampleB=-0.0408)
⚠️ GoffiMatMul Warning: Result is exactly zero despite non-zero inputs (M=2048, N=256, K=4080, SampleA=0.0000, SampleB=0.0094)
⚠️ GoffiMatMul Warning: Result is exactly zero despite non-zero inputs (M=2048, N=256, K=256, SampleA=0.0000, SampleB=-0.0408)
⚠️ GoffiMatMul Warning: Result is exactly zero despite non-zero inputs (M=2048, N=256, K=4080, SampleA=0.0000, SampleB=0.0094)
⚠️ GoffiMatMul Warning: Result is exactly zero despite non-zero inputs (M=2048, N=256, K=256, SampleA=0.0000, SampleB=-0.0408)
⚠️ GoffiMatMul Warning: Result is exactly zero despite non-zero inputs (M=2048, N=256, K=4080, SampleA=0.0000, SampleB=0.0094)
⚠️ GoffiMatMul Warning: Result is exactly zero despite non-zero inputs (M=2048, N=256, K=256, SampleA=0.0000, SampleB=-0.0408)
⚠️ GoffiMatMul Warning: Result is exactly zero despite non-zero inputs (M=2048, N=256, K=4080, SampleA=0.0000, SampleB=0.0094)
⚠️ GoffiMatMul Warning: Result is exactly zero despite non-zero inputs (M=2048, N=256, K=256, SampleA=0.0000, SampleB=-0.0408)
2026/04/18 12:07:07 mlm_training.go:569: ⏳ MLM: Step 680 in progress...
⚠️ GoffiMatMul Warning: Result is exactly zero despite non-zero inputs (M=2048, N=256, K=4080, SampleA=0.0000, SampleB=0.0094)
⚠️ GoffiMatMul Warning: Result is exactly zero despite non-zero inputs (M=2048, N=256, K=256, SampleA=0.0000, SampleB=-0.0408)
⚠️ GoffiMatMul Warning: Result is exactly zero despite non-zero inputs (M=2048, N=256, K=4080, SampleA=0.0000, SampleB=0.0094)
⚠️ GoffiMatMul Warning: Result is exactly zero despite non-zero inputs (M=2048, N=256, K=256, SampleA=0.0000, SampleB=-0.0408)
⚠️ GoffiMatMul Warning: Result is exactly zero despite non-zero inputs (M=2048, N=256, K=4080, SampleA=0.0000, SampleB=0.0094)
⚠️ GoffiMatMul Warning: Result is exactly zero despite non-zero inputs (M=2048, N=256, K=256, SampleA=0.0000, SampleB=-0.0408)
⚠️ GoffiMatMul Warning: Result is exactly zero despite non-zero inputs (M=2048, N=256, K=4080, SampleA=0.0000, SampleB=0.0094)
⚠️ GoffiMatMul Warning: Result is exactly zero despite non-zero inputs (M=2048, N=256, K=256, SampleA=0.0000, SampleB=-0.0408)
⚠️ GoffiMatMul Warning: Result is exactly zero despite non-zero inputs (M=2048, N=256, K=4080, SampleA=0.0000, SampleB=0.0094)
⚠️ GoffiMatMul Warning: Result is exactly zero despite non-zero inputs (M=2048, N=256, K=256, SampleA=0.0000, SampleB=-0.0408)
⚠️ GoffiMatMul Warning: Result is exactly zero despite non-zero inputs (M=2048, N=256, K=4080, SampleA=0.0000, SampleB=0.0094)
⚠️ GoffiMatMul Warning: Result is exactly zero despite non-zero inputs (M=2048, N=256, K=4080, SampleA=0.0000, SampleB=0.0094)
⚠️ GoffiMatMul Warning: Result is exactly zero despite non-zero inputs (M=2048, N=256, K=256, SampleA=0.0000, SampleB=-0.0408)
⚠️ GoffiMatMul Warning: Result is exactly zero despite non-zero inputs (M=2048, N=256, K=4080, SampleA=0.0000, SampleB=0.0094)
⚠️ GoffiMatMul Warning: Result is exactly zero despite non-zero inputs (M=2048, N=256, K=256, SampleA=0.0000, SampleB=-0.0408)
⚠️ GoffiMatMul Warning: Result is exactly zero despite non-zero inputs (M=2048, N=256, K=4080, SampleA=0.0000, SampleB=0.0094)
⚠️ GoffiMatMul Warning: Result is exactly zero despite non-zero inputs (M=2048, N=256, K=256, SampleA=0.0000, SampleB=-0.0408)
⚠️ GoffiMatMul Warning: Result is exactly zero despite non-zero inputs (M=2048, N=256, K=4080, SampleA=0.0000, SampleB=0.0094)
⚠️ GoffiMatMul Warning: Result is exactly zero despite non-zero inputs (M=2048, N=256, K=256, SampleA=0.0000, SampleB=-0.0408)
2026/04/18 12:10:28 mlm_training.go:569: ⏳ MLM: Step 690 in progress...
⚠️ GoffiMatMul Warning: Result is exactly zero despite non-zero inputs (M=2048, N=256, K=4080, SampleA=0.0000, SampleB=0.0094)
⚠️ GoffiMatMul Warning: Result is exactly zero despite non-zero inputs (M=2048, N=256, K=256, SampleA=0.0000, SampleB=-0.0408)
⚠️ GoffiMatMul Warning: Result is exactly zero despite non-zero inputs (M=2048, N=256, K=4080, SampleA=0.0000, SampleB=0.0094)
⚠️ GoffiMatMul Warning: Result is exactly zero despite non-zero inputs (M=2048, N=256, K=256, SampleA=0.0000, SampleB=-0.0408)
⚠️ GoffiMatMul Warning: Result is exactly zero despite non-zero inputs (M=2048, N=256, K=4080, SampleA=0.0000, SampleB=0.0094)
⚠️ GoffiMatMul Warning: Result is exactly zero despite non-zero inputs (M=2048, N=256, K=256, SampleA=0.0000, SampleB=-0.0408)
⚠️ GoffiMatMul Warning: Result is exactly zero despite non-zero inputs (M=2048, N=256, K=4080, SampleA=0.0000, SampleB=0.0094)
⚠️ GoffiMatMul Warning: Result is exactly zero despite non-zero inputs (M=2048, N=256, K=256, SampleA=0.0000, SampleB=-0.0408)
⚠️ GoffiMatMul Warning: Result is exactly zero despite non-zero inputs (M=2048, N=256, K=4080, SampleA=0.0000, SampleB=0.0094)
⚠️ GoffiMatMul Warning: Result is exactly zero despite non-zero inputs (M=2048, N=256, K=4080, SampleA=0.0000, SampleB=0.0094)
⚠️ GoffiMatMul Warning: Result is exactly zero despite non-zero inputs (M=2048, N=256, K=4080, SampleA=0.0000, SampleB=0.0094)
⚠️ GoffiMatMul Warning: Result is exactly zero despite non-zero inputs (M=2048, N=256, K=4080, SampleA=0.0000, SampleB=0.0094)
⚠️ GoffiMatMul Warning: Result is exactly zero despite non-zero inputs (M=2048, N=256, K=256, SampleA=0.0000, SampleB=-0.0408)
2026/04/18 12:13:26 mlm_training.go:590: 🎓 [MLM] Step 700 | Loss: 7.0533 (smooth: 7.0309) | PPL: 1387.6 | LR: 0.000617 | 0.1 steps/s
2026/04/18 12:13:26 mlm_training.go:775: [Intent: social]    🔍 'type [___] person' → Answer: 'of' | Predicted: .(1.2%), ?(0.6%), the(0.3%) ❌
⚠️ GoffiMatMul Warning: Result is exactly zero despite non-zero inputs (M=2048, N=256, K=4080, SampleA=0.0000, SampleB=0.0094)
⚠️ GoffiMatMul Warning: Result is exactly zero despite non-zero inputs (M=2048, N=256, K=256, SampleA=0.0000, SampleB=-0.0408)
2026/04/18 12:13:46 mlm_training.go:569: ⏳ MLM: Step 700 in progress...
⚠️ GoffiMatMul Warning: Result is exactly zero despite non-zero inputs (M=2048, N=256, K=4080, SampleA=0.0000, SampleB=0.0094)
⚠️ GoffiMatMul Warning: Result is exactly zero despite non-zero inputs (M=2048, N=256, K=256, SampleA=0.0000, SampleB=-0.0407)
⚠️ GoffiMatMul Warning: Result is exactly zero despite non-zero inputs (M=2048, N=256, K=4080, SampleA=0.0000, SampleB=0.0094)
⚠️ GoffiMatMul Warning: Result is exactly zero despite non-zero inputs (M=2048, N=256, K=256, SampleA=0.0000, SampleB=-0.0407)
⚠️ GoffiMatMul Warning: Result is exactly zero despite non-zero inputs (M=2048, N=256, K=4080, SampleA=0.0000, SampleB=0.0094)
⚠️ GoffiMatMul Warning: Result is exactly zero despite non-zero inputs (M=2048, N=256, K=256, SampleA=0.0000, SampleB=-0.0407)
⚠️ GoffiMatMul Warning: Result is exactly zero despite non-zero inputs (M=2048, N=256, K=4080, SampleA=0.0000, SampleB=0.0094)
⚠️ GoffiMatMul Warning: Result is exactly zero despite non-zero inputs (M=2048, N=256, K=256, SampleA=0.0000, SampleB=-0.0407)
⚠️ GoffiMatMul Warning: Result is exactly zero despite non-zero inputs (M=2048, N=256, K=4080, SampleA=0.0000, SampleB=0.0094)
⚠️ GoffiMatMul Warning: Result is exactly zero despite non-zero inputs (M=2048, N=256, K=4080, SampleA=0.0000, SampleB=0.0094)
⚠️ GoffiMatMul Warning: Result is exactly zero despite non-zero inputs (M=2048, N=256, K=4080, SampleA=0.0000, SampleB=0.0094)
⚠️ GoffiMatMul Warning: Result is exactly zero despite non-zero inputs (M=2048, N=256, K=256, SampleA=0.0000, SampleB=-0.0407)
⚠️ GoffiMatMul Warning: Result is exactly zero despite non-zero inputs (M=2048, N=256, K=4080, SampleA=0.0000, SampleB=0.0094)
⚠️ GoffiMatMul Warning: Result is exactly zero despite non-zero inputs (M=2048, N=256, K=256, SampleA=0.0000, SampleB=-0.0407)
⚠️ GoffiMatMul Warning: Result is exactly zero despite non-zero inputs (M=2048, N=256, K=4080, SampleA=0.0000, SampleB=0.0094)
2026/04/18 12:17:15 mlm_training.go:569: ⏳ MLM: Step 710 in progress...
⚠️ GoffiMatMul Warning: Result is exactly zero despite non-zero inputs (M=2048, N=256, K=4080, SampleA=0.0000, SampleB=0.0094)
⚠️ GoffiMatMul Warning: Result is exactly zero despite non-zero inputs (M=2048, N=256, K=256, SampleA=0.0000, SampleB=-0.0407)
⚠️ GoffiMatMul Warning: Result is exactly zero despite non-zero inputs (M=2048, N=256, K=4080, SampleA=0.0000, SampleB=0.0094)
⚠️ GoffiMatMul Warning: Result is exactly zero despite non-zero inputs (M=2048, N=256, K=256, SampleA=0.0000, SampleB=-0.0407)
⚠️ GoffiMatMul Warning: Result is exactly zero despite non-zero inputs (M=2048, N=256, K=4080, SampleA=0.0000, SampleB=0.0094)
⚠️ GoffiMatMul Warning: Result is exactly zero despite non-zero inputs (M=2048, N=256, K=256, SampleA=0.0000, SampleB=-0.0407)
⚠️ GoffiMatMul Warning: Result is exactly zero despite non-zero inputs (M=2048, N=256, K=4080, SampleA=0.0000, SampleB=0.0094)
⚠️ GoffiMatMul Warning: Result is exactly zero despite non-zero inputs (M=1920, N=256, K=4080, SampleA=0.0000, SampleB=0.0094)
⚠️ GoffiMatMul Warning: Result is exactly zero despite non-zero inputs (M=1920, N=256, K=256, SampleA=0.0000, SampleB=-0.0407)
⚠️ GoffiMatMul Warning: Result is exactly zero despite non-zero inputs (M=480, N=256, K=4080, SampleA=0.0000, SampleB=0.0094)
2026/04/18 12:20:01 mlm_training.go:635: 🎓 [MLM] Epoch 16/20 Complete | Avg Loss: 7.0227 | PPL: 1121.8 | Batches: 45
2026/04/18 12:20:01 mlm_training.go:420: 🎓 MLM: Starting epoch 17 with 2831 sentences (Batch Size: 64)
2026/04/18 12:20:22 mlm_training.go:569: ⏳ MLM: Step 720 in progress...
⚠️ GoffiMatMul Warning: Result is exactly zero despite non-zero inputs (M=2048, N=256, K=4080, SampleA=0.0000, SampleB=0.0094)
⚠️ GoffiMatMul Warning: Result is exactly zero despite non-zero inputs (M=2048, N=256, K=256, SampleA=0.0000, SampleB=-0.0407)
⚠️ GoffiMatMul Warning: Result is exactly zero despite non-zero inputs (M=2048, N=256, K=4080, SampleA=0.0000, SampleB=0.0094)
⚠️ GoffiMatMul Warning: Result is exactly zero despite non-zero inputs (M=2048, N=256, K=256, SampleA=0.0000, SampleB=-0.0407)
⚠️ GoffiMatMul Warning: Result is exactly zero despite non-zero inputs (M=2048, N=256, K=4080, SampleA=0.0000, SampleB=0.0094)
⚠️ GoffiMatMul Warning: Result is exactly zero despite non-zero inputs (M=2048, N=256, K=256, SampleA=0.0000, SampleB=-0.0407)
⚠️ GoffiMatMul Warning: Result is exactly zero despite non-zero inputs (M=2048, N=256, K=4080, SampleA=0.0000, SampleB=0.0094)
⚠️ GoffiMatMul Warning: Result is exactly zero despite non-zero inputs (M=2048, N=256, K=256, SampleA=0.0000, SampleB=-0.0407)
⚠️ GoffiMatMul Warning: Result is exactly zero despite non-zero inputs (M=2048, N=256, K=4080, SampleA=0.0000, SampleB=0.0094)
⚠️ GoffiMatMul Warning: Result is exactly zero despite non-zero inputs (M=2048, N=256, K=256, SampleA=0.0000, SampleB=-0.0407)
⚠️ GoffiMatMul Warning: Result is exactly zero despite non-zero inputs (M=2048, N=256, K=4080, SampleA=0.0000, SampleB=0.0094)
⚠️ GoffiMatMul Warning: Result is exactly zero despite non-zero inputs (M=2048, N=256, K=256, SampleA=0.0000, SampleB=-0.0407)
⚠️ GoffiMatMul Warning: Result is exactly zero despite non-zero inputs (M=2048, N=256, K=4080, SampleA=0.0000, SampleB=0.0094)
⚠️ GoffiMatMul Warning: Result is exactly zero despite non-zero inputs (M=2048, N=256, K=256, SampleA=0.0000, SampleB=-0.0407)
⚠️ GoffiMatMul Warning: Result is exactly zero despite non-zero inputs (M=2048, N=256, K=4080, SampleA=0.0000, SampleB=0.0094)
⚠️ GoffiMatMul Warning: Result is exactly zero despite non-zero inputs (M=2048, N=256, K=256, SampleA=0.0000, SampleB=-0.0407)
⚠️ GoffiMatMul Warning: Result is exactly zero despite non-zero inputs (M=2048, N=256, K=4080, SampleA=0.0000, SampleB=0.0094)
⚠️ GoffiMatMul Warning: Result is exactly zero despite non-zero inputs (M=2048, N=256, K=256, SampleA=0.0000, SampleB=-0.0407)
⚠️ GoffiMatMul Warning: Result is exactly zero despite non-zero inputs (M=2048, N=256, K=4080, SampleA=0.0000, SampleB=0.0094)
⚠️ GoffiMatMul Warning: Result is exactly zero despite non-zero inputs (M=2048, N=256, K=256, SampleA=0.0000, SampleB=-0.0407)
2026/04/18 12:23:45 mlm_training.go:569: ⏳ MLM: Step 730 in progress...
⚠️ GoffiMatMul Warning: Result is exactly zero despite non-zero inputs (M=2048, N=256, K=4080, SampleA=0.0000, SampleB=0.0094)
⚠️ GoffiMatMul Warning: Result is exactly zero despite non-zero inputs (M=2048, N=256, K=256, SampleA=0.0000, SampleB=-0.0407)
⚠️ GoffiMatMul Warning: Result is exactly zero despite non-zero inputs (M=2048, N=256, K=4080, SampleA=0.0000, SampleB=0.0094)
⚠️ GoffiMatMul Warning: Result is exactly zero despite non-zero inputs (M=2048, N=256, K=256, SampleA=0.0000, SampleB=-0.0407)
⚠️ GoffiMatMul Warning: Result is exactly zero despite non-zero inputs (M=2048, N=256, K=4080, SampleA=0.0000, SampleB=0.0094)
⚠️ GoffiMatMul Warning: Result is exactly zero despite non-zero inputs (M=2048, N=256, K=256, SampleA=0.0000, SampleB=-0.0407)
⚠️ GoffiMatMul Warning: Result is exactly zero despite non-zero inputs (M=2048, N=256, K=4080, SampleA=0.0000, SampleB=0.0094)
⚠️ GoffiMatMul Warning: Result is exactly zero despite non-zero inputs (M=2048, N=256, K=256, SampleA=0.0000, SampleB=-0.0407)
⚠️ GoffiMatMul Warning: Result is exactly zero despite non-zero inputs (M=2048, N=256, K=4080, SampleA=0.0000, SampleB=0.0094)
⚠️ GoffiMatMul Warning: Result is exactly zero despite non-zero inputs (M=2048, N=256, K=256, SampleA=0.0000, SampleB=-0.0407)
⚠️ GoffiMatMul Warning: Result is exactly zero despite non-zero inputs (M=2048, N=256, K=4080, SampleA=0.0000, SampleB=0.0094)
⚠️ GoffiMatMul Warning: Result is exactly zero despite non-zero inputs (M=2048, N=256, K=4080, SampleA=0.0000, SampleB=0.0094)
⚠️ GoffiMatMul Warning: Result is exactly zero despite non-zero inputs (M=2048, N=256, K=256, SampleA=0.0000, SampleB=-0.0407)
⚠️ GoffiMatMul Warning: Result is exactly zero despite non-zero inputs (M=2048, N=256, K=4080, SampleA=0.0000, SampleB=0.0094)
⚠️ GoffiMatMul Warning: Result is exactly zero despite non-zero inputs (M=2048, N=256, K=256, SampleA=0.0000, SampleB=-0.0407)
⚠️ GoffiMatMul Warning: Result is exactly zero despite non-zero inputs (M=2048, N=256, K=4080, SampleA=0.0000, SampleB=0.0094)
⚠️ GoffiMatMul Warning: Result is exactly zero despite non-zero inputs (M=2048, N=256, K=256, SampleA=0.0000, SampleB=-0.0407)
⚠️ GoffiMatMul Warning: Result is exactly zero despite non-zero inputs (M=2048, N=256, K=4080, SampleA=0.0000, SampleB=0.0094)
⚠️ GoffiMatMul Warning: Result is exactly zero despite non-zero inputs (M=2048, N=256, K=256, SampleA=0.0000, SampleB=-0.0407)
2026/04/18 12:27:08 mlm_training.go:569: ⏳ MLM: Step 740 in progress...
⚠️ GoffiMatMul Warning: Result is exactly zero despite non-zero inputs (M=2048, N=256, K=4080, SampleA=0.0000, SampleB=0.0094)
⚠️ GoffiMatMul Warning: Result is exactly zero despite non-zero inputs (M=2048, N=256, K=256, SampleA=0.0000, SampleB=-0.0407)
⚠️ GoffiMatMul Warning: Result is exactly zero despite non-zero inputs (M=2048, N=256, K=4080, SampleA=0.0000, SampleB=0.0094)
⚠️ GoffiMatMul Warning: Result is exactly zero despite non-zero inputs (M=2048, N=256, K=256, SampleA=0.0000, SampleB=-0.0407)
⚠️ GoffiMatMul Warning: Result is exactly zero despite non-zero inputs (M=2048, N=256, K=4080, SampleA=0.0000, SampleB=0.0094)
⚠️ GoffiMatMul Warning: Result is exactly zero despite non-zero inputs (M=2048, N=256, K=256, SampleA=0.0000, SampleB=-0.0407)
⚠️ GoffiMatMul Warning: Result is exactly zero despite non-zero inputs (M=2048, N=256, K=4080, SampleA=0.0000, SampleB=0.0094)
⚠️ GoffiMatMul Warning: Result is exactly zero despite non-zero inputs (M=2048, N=256, K=256, SampleA=0.0000, SampleB=-0.0407)
⚠️ GoffiMatMul Warning: Result is exactly zero despite non-zero inputs (M=2048, N=256, K=4080, SampleA=0.0000, SampleB=0.0094)
⚠️ GoffiMatMul Warning: Result is exactly zero despite non-zero inputs (M=2048, N=256, K=256, SampleA=0.0000, SampleB=-0.0407)
⚠️ GoffiMatMul Warning: Result is exactly zero despite non-zero inputs (M=2048, N=256, K=4080, SampleA=0.0000, SampleB=0.0094)
⚠️ GoffiMatMul Warning: Result is exactly zero despite non-zero inputs (M=2048, N=256, K=256, SampleA=0.0000, SampleB=-0.0407)
⚠️ GoffiMatMul Warning: Result is exactly zero despite non-zero inputs (M=2048, N=256, K=4080, SampleA=0.0000, SampleB=0.0094)
⚠️ GoffiMatMul Warning: Result is exactly zero despite non-zero inputs (M=2048, N=256, K=256, SampleA=0.0000, SampleB=-0.0407)
⚠️ GoffiMatMul Warning: Result is exactly zero despite non-zero inputs (M=2048, N=256, K=4080, SampleA=0.0000, SampleB=0.0094)
⚠️ GoffiMatMul Warning: Result is exactly zero despite non-zero inputs (M=2048, N=256, K=256, SampleA=0.0000, SampleB=-0.0407)
2026/04/18 12:30:12 mlm_training.go:590: 🎓 [MLM] Step 750 | Loss: 7.0174 (smooth: 6.9813) | PPL: 1356.5 | LR: 0.000330 | 0.1 steps/s
2026/04/18 12:30:12 mlm_training.go:775: [Intent: social]    🔍 'series [___] each' → Answer: 'where' | Predicted: .(1.2%), ?(0.6%), the(0.3%) ❌
⚠️ GoffiMatMul Warning: Result is exactly zero despite non-zero inputs (M=2048, N=256, K=4080, SampleA=0.0000, SampleB=0.0094)
⚠️ GoffiMatMul Warning: Result is exactly zero despite non-zero inputs (M=2048, N=256, K=256, SampleA=0.0000, SampleB=-0.0407)
2026/04/18 12:30:33 mlm_training.go:569: ⏳ MLM: Step 750 in progress...
⚠️ GoffiMatMul Warning: Result is exactly zero despite non-zero inputs (M=2048, N=256, K=4080, SampleA=0.0000, SampleB=0.0095)
⚠️ GoffiMatMul Warning: Result is exactly zero despite non-zero inputs (M=2048, N=256, K=256, SampleA=0.0000, SampleB=-0.0407)
⚠️ GoffiMatMul Warning: Result is exactly zero despite non-zero inputs (M=2048, N=256, K=4080, SampleA=0.0000, SampleB=0.0095)
⚠️ GoffiMatMul Warning: Result is exactly zero despite non-zero inputs (M=2048, N=256, K=256, SampleA=0.0000, SampleB=-0.0407)
⚠️ GoffiMatMul Warning: Result is exactly zero despite non-zero inputs (M=2048, N=256, K=4080, SampleA=0.0000, SampleB=0.0095)
⚠️ GoffiMatMul Warning: Result is exactly zero despite non-zero inputs (M=2048, N=256, K=256, SampleA=0.0000, SampleB=-0.0407)
⚠️ GoffiMatMul Warning: Result is exactly zero despite non-zero inputs (M=2048, N=256, K=4080, SampleA=0.0000, SampleB=0.0095)
⚠️ GoffiMatMul Warning: Result is exactly zero despite non-zero inputs (M=2048, N=256, K=256, SampleA=0.0000, SampleB=-0.0407)
⚠️ GoffiMatMul Warning: Result is exactly zero despite non-zero inputs (M=2048, N=256, K=4080, SampleA=0.0000, SampleB=0.0095)
⚠️ GoffiMatMul Warning: Result is exactly zero despite non-zero inputs (M=2048, N=256, K=256, SampleA=0.0000, SampleB=-0.0407)
⚠️ GoffiMatMul Warning: Result is exactly zero despite non-zero inputs (M=2048, N=256, K=4080, SampleA=0.0000, SampleB=0.0095)
⚠️ GoffiMatMul Warning: Result is exactly zero despite non-zero inputs (M=2048, N=256, K=256, SampleA=0.0000, SampleB=-0.0407)
⚠️ GoffiMatMul Warning: Result is exactly zero despite non-zero inputs (M=2048, N=256, K=4080, SampleA=0.0000, SampleB=0.0095)
⚠️ GoffiMatMul Warning: Result is exactly zero despite non-zero inputs (M=2048, N=256, K=4080, SampleA=0.0000, SampleB=0.0095)
⚠️ GoffiMatMul Warning: Result is exactly zero despite non-zero inputs (M=2048, N=256, K=256, SampleA=0.0000, SampleB=-0.0407)
⚠️ GoffiMatMul Warning: Result is exactly zero despite non-zero inputs (M=2048, N=256, K=4080, SampleA=0.0000, SampleB=0.0095)
⚠️ GoffiMatMul Warning: Result is exactly zero despite non-zero inputs (M=2048, N=256, K=256, SampleA=0.0000, SampleB=-0.0407)
⚠️ GoffiMatMul Warning: Result is exactly zero despite non-zero inputs (M=2048, N=256, K=4080, SampleA=0.0000, SampleB=0.0095)
⚠️ GoffiMatMul Warning: Result is exactly zero despite non-zero inputs (M=2048, N=256, K=256, SampleA=0.0000, SampleB=-0.0407)
2026/04/18 12:33:59 mlm_training.go:569: ⏳ MLM: Step 760 in progress...
⚠️ GoffiMatMul Warning: Result is exactly zero despite non-zero inputs (M=2048, N=256, K=4080, SampleA=0.0000, SampleB=0.0095)
⚠️ GoffiMatMul Warning: Result is exactly zero despite non-zero inputs (M=2048, N=256, K=4080, SampleA=0.0000, SampleB=0.0095)
⚠️ GoffiMatMul Warning: Result is exactly zero despite non-zero inputs (M=480, N=256, K=4080, SampleA=0.0000, SampleB=0.0095)
⚠️ GoffiMatMul Warning: Result is exactly zero despite non-zero inputs (M=480, N=256, K=256, SampleA=0.0000, SampleB=-0.0407)
2026/04/18 12:35:04 mlm_training.go:635: 🎓 [MLM] Epoch 17/20 Complete | Avg Loss: 7.0070 | PPL: 1104.4 | Batches: 45
2026/04/18 12:35:04 mlm_training.go:420: 🎓 MLM: Starting epoch 18 with 2831 sentences (Batch Size: 64)
⚠️ GoffiMatMul Warning: Result is exactly zero despite non-zero inputs (M=2048, N=256, K=4080, SampleA=0.0000, SampleB=0.0095)
⚠️ GoffiMatMul Warning: Result is exactly zero despite non-zero inputs (M=2048, N=256, K=256, SampleA=0.0000, SampleB=-0.0407)
⚠️ GoffiMatMul Warning: Result is exactly zero despite non-zero inputs (M=2048, N=256, K=4080, SampleA=0.0000, SampleB=0.0095)
⚠️ GoffiMatMul Warning: Result is exactly zero despite non-zero inputs (M=2048, N=256, K=256, SampleA=0.0000, SampleB=-0.0407)
⚠️ GoffiMatMul Warning: Result is exactly zero despite non-zero inputs (M=2048, N=256, K=4080, SampleA=0.0000, SampleB=0.0095)
⚠️ GoffiMatMul Warning: Result is exactly zero despite non-zero inputs (M=2048, N=256, K=256, SampleA=0.0000, SampleB=-0.0407)
⚠️ GoffiMatMul Warning: Result is exactly zero despite non-zero inputs (M=2048, N=256, K=4080, SampleA=0.0000, SampleB=0.0095)
⚠️ GoffiMatMul Warning: Result is exactly zero despite non-zero inputs (M=2048, N=256, K=4080, SampleA=0.0000, SampleB=0.0095)
⚠️ GoffiMatMul Warning: Result is exactly zero despite non-zero inputs (M=2048, N=256, K=256, SampleA=0.0000, SampleB=-0.0407)
⚠️ GoffiMatMul Warning: Result is exactly zero despite non-zero inputs (M=2048, N=256, K=4080, SampleA=0.0000, SampleB=0.0095)
2026/04/18 12:37:07 mlm_training.go:569: ⏳ MLM: Step 770 in progress...
⚠️ GoffiMatMul Warning: Result is exactly zero despite non-zero inputs (M=2048, N=256, K=4080, SampleA=0.0000, SampleB=0.0095)
⚠️ GoffiMatMul Warning: Result is exactly zero despite non-zero inputs (M=2048, N=256, K=4080, SampleA=0.0000, SampleB=0.0095)
⚠️ GoffiMatMul Warning: Result is exactly zero despite non-zero inputs (M=2048, N=256, K=256, SampleA=0.0000, SampleB=-0.0407)
⚠️ GoffiMatMul Warning: Result is exactly zero despite non-zero inputs (M=2048, N=256, K=4080, SampleA=0.0000, SampleB=0.0095)
⚠️ GoffiMatMul Warning: Result is exactly zero despite non-zero inputs (M=2048, N=256, K=256, SampleA=0.0000, SampleB=-0.0407)
⚠️ GoffiMatMul Warning: Result is exactly zero despite non-zero inputs (M=2048, N=256, K=4080, SampleA=0.0000, SampleB=0.0095)
⚠️ GoffiMatMul Warning: Result is exactly zero despite non-zero inputs (M=2048, N=256, K=256, SampleA=0.0000, SampleB=-0.0407)
⚠️ GoffiMatMul Warning: Result is exactly zero despite non-zero inputs (M=2048, N=256, K=4080, SampleA=0.0000, SampleB=0.0095)
⚠️ GoffiMatMul Warning: Result is exactly zero despite non-zero inputs (M=2048, N=256, K=256, SampleA=0.0000, SampleB=-0.0407)
⚠️ GoffiMatMul Warning: Result is exactly zero despite non-zero inputs (M=2048, N=256, K=4080, SampleA=0.0000, SampleB=0.0095)
⚠️ GoffiMatMul Warning: Result is exactly zero despite non-zero inputs (M=2048, N=256, K=256, SampleA=0.0000, SampleB=-0.0407)
⚠️ GoffiMatMul Warning: Result is exactly zero despite non-zero inputs (M=2048, N=256, K=4080, SampleA=0.0000, SampleB=0.0095)
⚠️ GoffiMatMul Warning: Result is exactly zero despite non-zero inputs (M=2048, N=256, K=256, SampleA=0.0000, SampleB=-0.0407)
⚠️ GoffiMatMul Warning: Result is exactly zero despite non-zero inputs (M=2048, N=256, K=4080, SampleA=0.0000, SampleB=0.0095)
⚠️ GoffiMatMul Warning: Result is exactly zero despite non-zero inputs (M=2048, N=256, K=256, SampleA=0.0000, SampleB=-0.0407)
⚠️ GoffiMatMul Warning: Result is exactly zero despite non-zero inputs (M=2048, N=256, K=4080, SampleA=0.0000, SampleB=0.0095)
⚠️ GoffiMatMul Warning: Result is exactly zero despite non-zero inputs (M=2048, N=256, K=4080, SampleA=0.0000, SampleB=0.0095)
⚠️ GoffiMatMul Warning: Result is exactly zero despite non-zero inputs (M=2048, N=256, K=256, SampleA=0.0000, SampleB=-0.0407)
2026/04/18 12:40:32 mlm_training.go:569: ⏳ MLM: Step 780 in progress...
⚠️ GoffiMatMul Warning: Result is exactly zero despite non-zero inputs (M=2048, N=256, K=4080, SampleA=0.0000, SampleB=0.0095)
⚠️ GoffiMatMul Warning: Result is exactly zero despite non-zero inputs (M=2048, N=256, K=256, SampleA=0.0000, SampleB=-0.0407)
⚠️ GoffiMatMul Warning: Result is exactly zero despite non-zero inputs (M=2048, N=256, K=4080, SampleA=0.0000, SampleB=0.0095)
⚠️ GoffiMatMul Warning: Result is exactly zero despite non-zero inputs (M=2048, N=256, K=256, SampleA=0.0000, SampleB=-0.0407)
⚠️ GoffiMatMul Warning: Result is exactly zero despite non-zero inputs (M=2048, N=256, K=4080, SampleA=0.0000, SampleB=0.0095)
⚠️ GoffiMatMul Warning: Result is exactly zero despite non-zero inputs (M=2048, N=256, K=256, SampleA=0.0000, SampleB=-0.0407)
⚠️ GoffiMatMul Warning: Result is exactly zero despite non-zero inputs (M=2048, N=256, K=4080, SampleA=0.0000, SampleB=0.0095)
⚠️ GoffiMatMul Warning: Result is exactly zero despite non-zero inputs (M=2048, N=256, K=256, SampleA=0.0000, SampleB=-0.0407)
⚠️ GoffiMatMul Warning: Result is exactly zero despite non-zero inputs (M=2048, N=256, K=4080, SampleA=0.0000, SampleB=0.0095)
⚠️ GoffiMatMul Warning: Result is exactly zero despite non-zero inputs (M=2048, N=256, K=256, SampleA=0.0000, SampleB=-0.0407)
⚠️ GoffiMatMul Warning: Result is exactly zero despite non-zero inputs (M=2048, N=256, K=4080, SampleA=0.0000, SampleB=0.0095)
⚠️ GoffiMatMul Warning: Result is exactly zero despite non-zero inputs (M=2048, N=256, K=256, SampleA=0.0000, SampleB=-0.0407)
⚠️ GoffiMatMul Warning: Result is exactly zero despite non-zero inputs (M=2048, N=256, K=4080, SampleA=0.0000, SampleB=0.0095)
⚠️ GoffiMatMul Warning: Result is exactly zero despite non-zero inputs (M=2048, N=256, K=256, SampleA=0.0000, SampleB=-0.0407)
⚠️ GoffiMatMul Warning: Result is exactly zero despite non-zero inputs (M=2048, N=256, K=4080, SampleA=0.0000, SampleB=0.0095)
⚠️ GoffiMatMul Warning: Result is exactly zero despite non-zero inputs (M=2048, N=256, K=256, SampleA=0.0000, SampleB=-0.0407)
⚠️ GoffiMatMul Warning: Result is exactly zero despite non-zero inputs (M=2048, N=256, K=4080, SampleA=0.0000, SampleB=0.0095)
⚠️ GoffiMatMul Warning: Result is exactly zero despite non-zero inputs (M=2048, N=256, K=256, SampleA=0.0000, SampleB=-0.0407)
⚠️ GoffiMatMul Warning: Result is exactly zero despite non-zero inputs (M=2048, N=256, K=4080, SampleA=0.0000, SampleB=0.0095)
⚠️ GoffiMatMul Warning: Result is exactly zero despite non-zero inputs (M=2048, N=256, K=256, SampleA=0.0000, SampleB=-0.0407)
2026/04/18 12:43:53 mlm_training.go:569: ⏳ MLM: Step 790 in progress...
⚠️ GoffiMatMul Warning: Result is exactly zero despite non-zero inputs (M=2048, N=256, K=4080, SampleA=0.0000, SampleB=0.0095)
⚠️ GoffiMatMul Warning: Result is exactly zero despite non-zero inputs (M=2048, N=256, K=256, SampleA=0.0000, SampleB=-0.0407)
⚠️ GoffiMatMul Warning: Result is exactly zero despite non-zero inputs (M=2048, N=256, K=4080, SampleA=0.0000, SampleB=0.0095)
⚠️ GoffiMatMul Warning: Result is exactly zero despite non-zero inputs (M=2048, N=256, K=256, SampleA=0.0000, SampleB=-0.0407)
⚠️ GoffiMatMul Warning: Result is exactly zero despite non-zero inputs (M=2048, N=256, K=4080, SampleA=0.0000, SampleB=0.0095)
⚠️ GoffiMatMul Warning: Result is exactly zero despite non-zero inputs (M=2048, N=256, K=256, SampleA=0.0000, SampleB=-0.0407)
⚠️ GoffiMatMul Warning: Result is exactly zero despite non-zero inputs (M=2048, N=256, K=4080, SampleA=0.0000, SampleB=0.0095)
⚠️ GoffiMatMul Warning: Result is exactly zero despite non-zero inputs (M=2048, N=256, K=256, SampleA=0.0000, SampleB=-0.0407)
⚠️ GoffiMatMul Warning: Result is exactly zero despite non-zero inputs (M=2048, N=256, K=4080, SampleA=0.0000, SampleB=0.0095)
⚠️ GoffiMatMul Warning: Result is exactly zero despite non-zero inputs (M=2048, N=256, K=4080, SampleA=0.0000, SampleB=0.0095)
⚠️ GoffiMatMul Warning: Result is exactly zero despite non-zero inputs (M=2048, N=256, K=256, SampleA=0.0000, SampleB=-0.0407)
⚠️ GoffiMatMul Warning: Result is exactly zero despite non-zero inputs (M=2048, N=256, K=4080, SampleA=0.0000, SampleB=0.0095)
⚠️ GoffiMatMul Warning: Result is exactly zero despite non-zero inputs (M=2048, N=256, K=4080, SampleA=0.0000, SampleB=0.0095)
⚠️ GoffiMatMul Warning: Result is exactly zero despite non-zero inputs (M=2048, N=256, K=256, SampleA=0.0000, SampleB=-0.0407)
⚠️ GoffiMatMul Warning: Result is exactly zero despite non-zero inputs (M=1920, N=256, K=4080, SampleA=0.0000, SampleB=0.0095)
⚠️ GoffiMatMul Warning: Result is exactly zero despite non-zero inputs (M=1920, N=256, K=256, SampleA=0.0000, SampleB=-0.0406)
2026/04/18 12:46:54 mlm_training.go:590: 🎓 [MLM] Step 800 | Loss: 6.8520 (smooth: 7.0070) | PPL: 1331.3 | LR: 0.000128 | 0.1 steps/s
2026/04/18 12:46:54 mlm_training.go:775: [Intent: social]    🔍 'looking [___] photos' → Answer: 'at' | Predicted: .(1.2%), ?(0.6%), the(0.3%) ❌
⚠️ GoffiMatMul Warning: Result is exactly zero despite non-zero inputs (M=2048, N=256, K=4080, SampleA=0.0000, SampleB=0.0095)
⚠️ GoffiMatMul Warning: Result is exactly zero despite non-zero inputs (M=2048, N=256, K=256, SampleA=0.0000, SampleB=-0.0406)
2026/04/18 12:47:14 mlm_training.go:569: ⏳ MLM: Step 800 in progress...
⚠️ GoffiMatMul Warning: Result is exactly zero despite non-zero inputs (M=2048, N=256, K=4080, SampleA=0.0000, SampleB=0.0095)
⚠️ GoffiMatMul Warning: Result is exactly zero despite non-zero inputs (M=2048, N=256, K=256, SampleA=0.0000, SampleB=-0.0406)
⚠️ GoffiMatMul Warning: Result is exactly zero despite non-zero inputs (M=2048, N=256, K=4080, SampleA=0.0000, SampleB=0.0095)
⚠️ GoffiMatMul Warning: Result is exactly zero despite non-zero inputs (M=2048, N=256, K=256, SampleA=0.0000, SampleB=-0.0406)
⚠️ GoffiMatMul Warning: Result is exactly zero despite non-zero inputs (M=2048, N=256, K=4080, SampleA=0.0000, SampleB=0.0095)
⚠️ GoffiMatMul Warning: Result is exactly zero despite non-zero inputs (M=2048, N=256, K=256, SampleA=0.0000, SampleB=-0.0406)
⚠️ GoffiMatMul Warning: Result is exactly zero despite non-zero inputs (M=2048, N=256, K=4080, SampleA=0.0000, SampleB=0.0095)
⚠️ GoffiMatMul Warning: Result is exactly zero despite non-zero inputs (M=2048, N=256, K=4080, SampleA=0.0000, SampleB=0.0095)
⚠️ GoffiMatMul Warning: Result is exactly zero despite non-zero inputs (M=2048, N=256, K=256, SampleA=0.0000, SampleB=-0.0406)
⚠️ GoffiMatMul Warning: Result is exactly zero despite non-zero inputs (M=2048, N=256, K=4080, SampleA=0.0000, SampleB=0.0095)
⚠️ GoffiMatMul Warning: Result is exactly zero despite non-zero inputs (M=2048, N=256, K=256, SampleA=0.0000, SampleB=-0.0406)
⚠️ GoffiMatMul Warning: Result is exactly zero despite non-zero inputs (M=1984, N=256, K=4080, SampleA=0.0000, SampleB=0.0095)
⚠️ GoffiMatMul Warning: Result is exactly zero despite non-zero inputs (M=1984, N=256, K=256, SampleA=0.0000, SampleB=-0.0406)
⚠️ GoffiMatMul Warning: Result is exactly zero despite non-zero inputs (M=2048, N=256, K=4080, SampleA=0.0000, SampleB=0.0095)
⚠️ GoffiMatMul Warning: Result is exactly zero despite non-zero inputs (M=2048, N=256, K=256, SampleA=0.0000, SampleB=-0.0406)
⚠️ GoffiMatMul Warning: Result is exactly zero despite non-zero inputs (M=480, N=256, K=4080, SampleA=0.0000, SampleB=0.0095)
⚠️ GoffiMatMul Warning: Result is exactly zero despite non-zero inputs (M=480, N=256, K=256, SampleA=0.0000, SampleB=-0.0406)
2026/04/18 12:50:02 mlm_training.go:635: 🎓 [MLM] Epoch 18/20 Complete | Avg Loss: 7.0026 | PPL: 1099.5 | Batches: 45
2026/04/18 12:50:02 mlm_training.go:420: 🎓 MLM: Starting epoch 19 with 2831 sentences (Batch Size: 64)
⚠️ GoffiMatMul Warning: Result is exactly zero despite non-zero inputs (M=2048, N=256, K=4080, SampleA=0.0000, SampleB=0.0095)
⚠️ GoffiMatMul Warning: Result is exactly zero despite non-zero inputs (M=2048, N=256, K=256, SampleA=0.0000, SampleB=-0.0406)
2026/04/18 12:50:23 mlm_training.go:569: ⏳ MLM: Step 810 in progress...
⚠️ GoffiMatMul Warning: Result is exactly zero despite non-zero inputs (M=2048, N=256, K=4080, SampleA=0.0000, SampleB=0.0095)
⚠️ GoffiMatMul Warning: Result is exactly zero despite non-zero inputs (M=2048, N=256, K=256, SampleA=0.0000, SampleB=-0.0406)
⚠️ GoffiMatMul Warning: Result is exactly zero despite non-zero inputs (M=2048, N=256, K=4080, SampleA=0.0000, SampleB=0.0095)
⚠️ GoffiMatMul Warning: Result is exactly zero despite non-zero inputs (M=2048, N=256, K=256, SampleA=0.0000, SampleB=-0.0406)
⚠️ GoffiMatMul Warning: Result is exactly zero despite non-zero inputs (M=2048, N=256, K=4080, SampleA=0.0000, SampleB=0.0095)
⚠️ GoffiMatMul Warning: Result is exactly zero despite non-zero inputs (M=2048, N=256, K=256, SampleA=0.0000, SampleB=-0.0406)
⚠️ GoffiMatMul Warning: Result is exactly zero despite non-zero inputs (M=2048, N=256, K=4080, SampleA=0.0000, SampleB=0.0095)
⚠️ GoffiMatMul Warning: Result is exactly zero despite non-zero inputs (M=2048, N=256, K=256, SampleA=0.0000, SampleB=-0.0406)
⚠️ GoffiMatMul Warning: Result is exactly zero despite non-zero inputs (M=2048, N=256, K=4080, SampleA=0.0000, SampleB=0.0095)
⚠️ GoffiMatMul Warning: Result is exactly zero despite non-zero inputs (M=2048, N=256, K=256, SampleA=0.0000, SampleB=-0.0406)
⚠️ GoffiMatMul Warning: Result is exactly zero despite non-zero inputs (M=2048, N=256, K=4080, SampleA=0.0000, SampleB=0.0095)
⚠️ GoffiMatMul Warning: Result is exactly zero despite non-zero inputs (M=2048, N=256, K=256, SampleA=0.0000, SampleB=-0.0406)
⚠️ GoffiMatMul Warning: Result is exactly zero despite non-zero inputs (M=2048, N=256, K=4080, SampleA=0.0000, SampleB=0.0095)
⚠️ GoffiMatMul Warning: Result is exactly zero despite non-zero inputs (M=2048, N=256, K=256, SampleA=0.0000, SampleB=-0.0406)
⚠️ GoffiMatMul Warning: Result is exactly zero despite non-zero inputs (M=2048, N=256, K=4080, SampleA=0.0000, SampleB=0.0095)
⚠️ GoffiMatMul Warning: Result is exactly zero despite non-zero inputs (M=2048, N=256, K=256, SampleA=0.0000, SampleB=-0.0406)
⚠️ GoffiMatMul Warning: Result is exactly zero despite non-zero inputs (M=2048, N=256, K=4080, SampleA=0.0000, SampleB=0.0095)
⚠️ GoffiMatMul Warning: Result is exactly zero despite non-zero inputs (M=2048, N=256, K=256, SampleA=0.0000, SampleB=-0.0406)
2026/04/18 12:53:46 mlm_training.go:569: ⏳ MLM: Step 820 in progress...
⚠️ GoffiMatMul Warning: Result is exactly zero despite non-zero inputs (M=2048, N=256, K=4080, SampleA=0.0000, SampleB=0.0095)
⚠️ GoffiMatMul Warning: Result is exactly zero despite non-zero inputs (M=2048, N=256, K=256, SampleA=0.0000, SampleB=-0.0406)
⚠️ GoffiMatMul Warning: Result is exactly zero despite non-zero inputs (M=2048, N=256, K=4080, SampleA=0.0000, SampleB=0.0095)
⚠️ GoffiMatMul Warning: Result is exactly zero despite non-zero inputs (M=2048, N=256, K=4080, SampleA=0.0000, SampleB=0.0095)
⚠️ GoffiMatMul Warning: Result is exactly zero despite non-zero inputs (M=2048, N=256, K=256, SampleA=0.0000, SampleB=-0.0406)
⚠️ GoffiMatMul Warning: Result is exactly zero despite non-zero inputs (M=2048, N=256, K=4080, SampleA=0.0000, SampleB=0.0095)
⚠️ GoffiMatMul Warning: Result is exactly zero despite non-zero inputs (M=2048, N=256, K=256, SampleA=0.0000, SampleB=-0.0406)
⚠️ GoffiMatMul Warning: Result is exactly zero despite non-zero inputs (M=2048, N=256, K=4080, SampleA=0.0000, SampleB=0.0095)
⚠️ GoffiMatMul Warning: Result is exactly zero despite non-zero inputs (M=2048, N=256, K=256, SampleA=0.0000, SampleB=-0.0406)
⚠️ GoffiMatMul Warning: Result is exactly zero despite non-zero inputs (M=2048, N=256, K=4080, SampleA=0.0000, SampleB=0.0095)
⚠️ GoffiMatMul Warning: Result is exactly zero despite non-zero inputs (M=2048, N=256, K=256, SampleA=0.0000, SampleB=-0.0406)
⚠️ GoffiMatMul Warning: Result is exactly zero despite non-zero inputs (M=2048, N=256, K=4080, SampleA=0.0000, SampleB=0.0095)
⚠️ GoffiMatMul Warning: Result is exactly zero despite non-zero inputs (M=2048, N=256, K=256, SampleA=0.0000, SampleB=-0.0406)
⚠️ GoffiMatMul Warning: Result is exactly zero despite non-zero inputs (M=2048, N=256, K=4080, SampleA=0.0000, SampleB=0.0095)
⚠️ GoffiMatMul Warning: Result is exactly zero despite non-zero inputs (M=2048, N=256, K=256, SampleA=0.0000, SampleB=-0.0406)
⚠️ GoffiMatMul Warning: Result is exactly zero despite non-zero inputs (M=2048, N=256, K=4080, SampleA=0.0000, SampleB=0.0095)
⚠️ GoffiMatMul Warning: Result is exactly zero despite non-zero inputs (M=2048, N=256, K=4080, SampleA=0.0000, SampleB=0.0095)
2026/04/18 12:57:13 mlm_training.go:569: ⏳ MLM: Step 830 in progress...
⚠️ GoffiMatMul Warning: Result is exactly zero despite non-zero inputs (M=1920, N=256, K=4080, SampleA=0.0000, SampleB=0.0095)
⚠️ GoffiMatMul Warning: Result is exactly zero despite non-zero inputs (M=1920, N=256, K=256, SampleA=0.0000, SampleB=-0.0406)
⚠️ GoffiMatMul Warning: Result is exactly zero despite non-zero inputs (M=2048, N=256, K=4080, SampleA=0.0000, SampleB=0.0095)
⚠️ GoffiMatMul Warning: Result is exactly zero despite non-zero inputs (M=2048, N=256, K=256, SampleA=0.0000, SampleB=-0.0406)
⚠️ GoffiMatMul Warning: Result is exactly zero despite non-zero inputs (M=2048, N=256, K=4080, SampleA=0.0000, SampleB=0.0095)
⚠️ GoffiMatMul Warning: Result is exactly zero despite non-zero inputs (M=2048, N=256, K=256, SampleA=0.0000, SampleB=-0.0406)
⚠️ GoffiMatMul Warning: Result is exactly zero despite non-zero inputs (M=2048, N=256, K=4080, SampleA=0.0000, SampleB=0.0095)
⚠️ GoffiMatMul Warning: Result is exactly zero despite non-zero inputs (M=2048, N=256, K=4080, SampleA=0.0000, SampleB=0.0095)
⚠️ GoffiMatMul Warning: Result is exactly zero despite non-zero inputs (M=2048, N=256, K=256, SampleA=0.0000, SampleB=-0.0406)
⚠️ GoffiMatMul Warning: Result is exactly zero despite non-zero inputs (M=2048, N=256, K=4080, SampleA=0.0000, SampleB=0.0095)
⚠️ GoffiMatMul Warning: Result is exactly zero despite non-zero inputs (M=2048, N=256, K=256, SampleA=0.0000, SampleB=-0.0406)
⚠️ GoffiMatMul Warning: Result is exactly zero despite non-zero inputs (M=2048, N=256, K=4080, SampleA=0.0000, SampleB=0.0095)
⚠️ GoffiMatMul Warning: Result is exactly zero despite non-zero inputs (M=2048, N=256, K=256, SampleA=0.0000, SampleB=-0.0406)
⚠️ GoffiMatMul Warning: Result is exactly zero despite non-zero inputs (M=2048, N=256, K=4080, SampleA=0.0000, SampleB=0.0095)
⚠️ GoffiMatMul Warning: Result is exactly zero despite non-zero inputs (M=2048, N=256, K=4080, SampleA=0.0000, SampleB=0.0095)
⚠️ GoffiMatMul Warning: Result is exactly zero despite non-zero inputs (M=2048, N=256, K=256, SampleA=0.0000, SampleB=-0.0406)
2026/04/18 13:00:17 mlm_training.go:569: ⏳ MLM: Step 840 in progress...
⚠️ GoffiMatMul Warning: Result is exactly zero despite non-zero inputs (M=2048, N=256, K=4080, SampleA=0.0000, SampleB=0.0095)
⚠️ GoffiMatMul Warning: Result is exactly zero despite non-zero inputs (M=2048, N=256, K=256, SampleA=0.0000, SampleB=-0.0406)
⚠️ GoffiMatMul Warning: Result is exactly zero despite non-zero inputs (M=2048, N=256, K=4080, SampleA=0.0000, SampleB=0.0095)
⚠️ GoffiMatMul Warning: Result is exactly zero despite non-zero inputs (M=2048, N=256, K=4080, SampleA=0.0000, SampleB=0.0095)
⚠️ GoffiMatMul Warning: Result is exactly zero despite non-zero inputs (M=2048, N=256, K=256, SampleA=0.0000, SampleB=-0.0406)
⚠️ GoffiMatMul Warning: Result is exactly zero despite non-zero inputs (M=2048, N=256, K=4080, SampleA=0.0000, SampleB=0.0095)
⚠️ GoffiMatMul Warning: Result is exactly zero despite non-zero inputs (M=2048, N=256, K=256, SampleA=0.0000, SampleB=-0.0406)
⚠️ GoffiMatMul Warning: Result is exactly zero despite non-zero inputs (M=2048, N=256, K=4080, SampleA=0.0000, SampleB=0.0095)
⚠️ GoffiMatMul Warning: Result is exactly zero despite non-zero inputs (M=2048, N=256, K=256, SampleA=0.0000, SampleB=-0.0406)
⚠️ GoffiMatMul Warning: Result is exactly zero despite non-zero inputs (M=2048, N=256, K=4080, SampleA=0.0000, SampleB=0.0095)
⚠️ GoffiMatMul Warning: Result is exactly zero despite non-zero inputs (M=2048, N=256, K=256, SampleA=0.0000, SampleB=-0.0406)
⚠️ GoffiMatMul Warning: Result is exactly zero despite non-zero inputs (M=2048, N=256, K=4080, SampleA=0.0000, SampleB=0.0095)
⚠️ GoffiMatMul Warning: Result is exactly zero despite non-zero inputs (M=2048, N=256, K=256, SampleA=0.0000, SampleB=-0.0406)
⚠️ GoffiMatMul Warning: Result is exactly zero despite non-zero inputs (M=2048, N=256, K=4080, SampleA=0.0000, SampleB=0.0095)
⚠️ GoffiMatMul Warning: Result is exactly zero despite non-zero inputs (M=2048, N=256, K=256, SampleA=0.0000, SampleB=-0.0406)
2026/04/18 13:02:46 mlm_training.go:590: 🎓 [MLM] Step 850 | Loss: 7.0491 (smooth: 6.9593) | PPL: 1303.4 | LR: 0.000019 | 0.1 steps/s
2026/04/18 13:02:46 mlm_training.go:775: [Intent: social]    🔍 '] [___] are' → Answer: 'what' | Predicted: .(1.2%), ?(0.6%), the(0.3%) ❌
⚠️ GoffiMatMul Warning: Result is exactly zero despite non-zero inputs (M=2048, N=256, K=4080, SampleA=0.0000, SampleB=0.0095)
⚠️ GoffiMatMul Warning: Result is exactly zero despite non-zero inputs (M=2048, N=256, K=256, SampleA=0.0000, SampleB=-0.0406)
2026/04/18 13:03:03 mlm_training.go:569: ⏳ MLM: Step 850 in progress...
⚠️ GoffiMatMul Warning: Result is exactly zero despite non-zero inputs (M=2048, N=256, K=4080, SampleA=0.0000, SampleB=0.0095)
⚠️ GoffiMatMul Warning: Result is exactly zero despite non-zero inputs (M=2048, N=256, K=256, SampleA=0.0000, SampleB=-0.0406)
⚠️ GoffiMatMul Warning: Result is exactly zero despite non-zero inputs (M=2048, N=256, K=4080, SampleA=0.0000, SampleB=0.0095)
⚠️ GoffiMatMul Warning: Result is exactly zero despite non-zero inputs (M=2048, N=256, K=256, SampleA=0.0000, SampleB=-0.0406)
⚠️ GoffiMatMul Warning: Result is exactly zero despite non-zero inputs (M=2048, N=256, K=4080, SampleA=0.0000, SampleB=0.0095)
⚠️ GoffiMatMul Warning: Result is exactly zero despite non-zero inputs (M=2048, N=256, K=256, SampleA=0.0000, SampleB=-0.0406)
⚠️ GoffiMatMul Warning: Result is exactly zero despite non-zero inputs (M=480, N=256, K=4080, SampleA=0.0000, SampleB=0.0095)
⚠️ GoffiMatMul Warning: Result is exactly zero despite non-zero inputs (M=480, N=256, K=256, SampleA=0.0000, SampleB=-0.0406)
2026/04/18 13:03:56 mlm_training.go:635: 🎓 [MLM] Epoch 19/20 Complete | Avg Loss: 6.9718 | PPL: 1066.2 | Batches: 45
2026/04/18 13:03:56 mlm_training.go:420: 🎓 MLM: Starting epoch 20 with 2831 sentences (Batch Size: 64)
⚠️ GoffiMatMul Warning: Result is exactly zero despite non-zero inputs (M=2048, N=256, K=4080, SampleA=0.0000, SampleB=0.0095)
⚠️ GoffiMatMul Warning: Result is exactly zero despite non-zero inputs (M=2048, N=256, K=256, SampleA=0.0000, SampleB=-0.0406)
⚠️ GoffiMatMul Warning: Result is exactly zero despite non-zero inputs (M=2048, N=256, K=4080, SampleA=0.0000, SampleB=0.0095)
⚠️ GoffiMatMul Warning: Result is exactly zero despite non-zero inputs (M=2048, N=256, K=256, SampleA=0.0000, SampleB=-0.0406)
⚠️ GoffiMatMul Warning: Result is exactly zero despite non-zero inputs (M=2048, N=256, K=4080, SampleA=0.0000, SampleB=0.0095)
⚠️ GoffiMatMul Warning: Result is exactly zero despite non-zero inputs (M=2048, N=256, K=256, SampleA=0.0000, SampleB=-0.0406)
⚠️ GoffiMatMul Warning: Result is exactly zero despite non-zero inputs (M=2048, N=256, K=4080, SampleA=0.0000, SampleB=0.0095)
⚠️ GoffiMatMul Warning: Result is exactly zero despite non-zero inputs (M=2048, N=256, K=4080, SampleA=0.0000, SampleB=0.0095)
⚠️ GoffiMatMul Warning: Result is exactly zero despite non-zero inputs (M=2048, N=256, K=256, SampleA=0.0000, SampleB=-0.0406)
⚠️ GoffiMatMul Warning: Result is exactly zero despite non-zero inputs (M=2048, N=256, K=4080, SampleA=0.0000, SampleB=0.0095)
⚠️ GoffiMatMul Warning: Result is exactly zero despite non-zero inputs (M=2048, N=256, K=256, SampleA=0.0000, SampleB=-0.0406)
2026/04/18 13:05:38 mlm_training.go:569: ⏳ MLM: Step 860 in progress...
⚠️ GoffiMatMul Warning: Result is exactly zero despite non-zero inputs (M=2048, N=256, K=4080, SampleA=0.0000, SampleB=0.0095)
⚠️ GoffiMatMul Warning: Result is exactly zero despite non-zero inputs (M=2048, N=256, K=256, SampleA=0.0000, SampleB=-0.0406)
⚠️ GoffiMatMul Warning: Result is exactly zero despite non-zero inputs (M=2048, N=256, K=4080, SampleA=0.0000, SampleB=0.0095)
⚠️ GoffiMatMul Warning: Result is exactly zero despite non-zero inputs (M=2048, N=256, K=256, SampleA=0.0000, SampleB=-0.0406)
⚠️ GoffiMatMul Warning: Result is exactly zero despite non-zero inputs (M=2048, N=256, K=4080, SampleA=0.0000, SampleB=0.0095)
⚠️ GoffiMatMul Warning: Result is exactly zero despite non-zero inputs (M=2048, N=256, K=256, SampleA=0.0000, SampleB=-0.0406)
⚠️ GoffiMatMul Warning: Result is exactly zero despite non-zero inputs (M=2048, N=256, K=4080, SampleA=0.0000, SampleB=0.0095)
⚠️ GoffiMatMul Warning: Result is exactly zero despite non-zero inputs (M=2048, N=256, K=256, SampleA=0.0000, SampleB=-0.0406)
⚠️ GoffiMatMul Warning: Result is exactly zero despite non-zero inputs (M=2048, N=256, K=4080, SampleA=0.0000, SampleB=0.0095)
⚠️ GoffiMatMul Warning: Result is exactly zero despite non-zero inputs (M=2048, N=256, K=256, SampleA=0.0000, SampleB=-0.0406)
⚠️ GoffiMatMul Warning: Result is exactly zero despite non-zero inputs (M=2048, N=256, K=4080, SampleA=0.0000, SampleB=0.0095)
⚠️ GoffiMatMul Warning: Result is exactly zero despite non-zero inputs (M=2048, N=256, K=256, SampleA=0.0000, SampleB=-0.0406)
⚠️ GoffiMatMul Warning: Result is exactly zero despite non-zero inputs (M=2048, N=256, K=4080, SampleA=0.0000, SampleB=0.0095)
⚠️ GoffiMatMul Warning: Result is exactly zero despite non-zero inputs (M=2048, N=256, K=256, SampleA=0.0000, SampleB=-0.0406)
⚠️ GoffiMatMul Warning: Result is exactly zero despite non-zero inputs (M=2048, N=256, K=4080, SampleA=0.0000, SampleB=0.0095)
⚠️ GoffiMatMul Warning: Result is exactly zero despite non-zero inputs (M=2048, N=256, K=256, SampleA=0.0000, SampleB=-0.0406)
⚠️ GoffiMatMul Warning: Result is exactly zero despite non-zero inputs (M=2048, N=256, K=4080, SampleA=0.0000, SampleB=0.0095)
⚠️ GoffiMatMul Warning: Result is exactly zero despite non-zero inputs (M=2048, N=256, K=256, SampleA=0.0000, SampleB=-0.0406)
2026/04/18 13:08:54 mlm_training.go:569: ⏳ MLM: Step 870 in progress...
⚠️ GoffiMatMul Warning: Result is exactly zero despite non-zero inputs (M=2048, N=256, K=4080, SampleA=0.0000, SampleB=0.0095)
⚠️ GoffiMatMul Warning: Result is exactly zero despite non-zero inputs (M=2048, N=256, K=4080, SampleA=0.0000, SampleB=0.0095)
⚠️ GoffiMatMul Warning: Result is exactly zero despite non-zero inputs (M=2048, N=256, K=256, SampleA=0.0000, SampleB=-0.0406)
⚠️ GoffiMatMul Warning: Result is exactly zero despite non-zero inputs (M=2048, N=256, K=4080, SampleA=0.0000, SampleB=0.0095)
⚠️ GoffiMatMul Warning: Result is exactly zero despite non-zero inputs (M=2048, N=256, K=256, SampleA=0.0000, SampleB=-0.0406)
⚠️ GoffiMatMul Warning: Result is exactly zero despite non-zero inputs (M=1920, N=256, K=4080, SampleA=0.0000, SampleB=0.0095)
⚠️ GoffiMatMul Warning: Result is exactly zero despite non-zero inputs (M=1920, N=256, K=256, SampleA=0.0000, SampleB=-0.0406)
⚠️ GoffiMatMul Warning: Result is exactly zero despite non-zero inputs (M=2048, N=256, K=4080, SampleA=0.0000, SampleB=0.0095)
⚠️ GoffiMatMul Warning: Result is exactly zero despite non-zero inputs (M=2048, N=256, K=256, SampleA=0.0000, SampleB=-0.0406)
⚠️ GoffiMatMul Warning: Result is exactly zero despite non-zero inputs (M=2048, N=256, K=4080, SampleA=0.0000, SampleB=0.0095)
⚠️ GoffiMatMul Warning: Result is exactly zero despite non-zero inputs (M=2048, N=256, K=256, SampleA=0.0000, SampleB=-0.0406)
⚠️ GoffiMatMul Warning: Result is exactly zero despite non-zero inputs (M=2048, N=256, K=4080, SampleA=0.0000, SampleB=0.0095)
⚠️ GoffiMatMul Warning: Result is exactly zero despite non-zero inputs (M=2048, N=256, K=256, SampleA=0.0000, SampleB=-0.0406)
⚠️ GoffiMatMul Warning: Result is exactly zero despite non-zero inputs (M=2048, N=256, K=4080, SampleA=0.0000, SampleB=0.0095)
⚠️ GoffiMatMul Warning: Result is exactly zero despite non-zero inputs (M=2048, N=256, K=4080, SampleA=0.0000, SampleB=0.0095)
⚠️ GoffiMatMul Warning: Result is exactly zero despite non-zero inputs (M=2048, N=256, K=256, SampleA=0.0000, SampleB=-0.0406)
⚠️ GoffiMatMul Warning: Result is exactly zero despite non-zero inputs (M=2048, N=256, K=4080, SampleA=0.0000, SampleB=0.0095)
⚠️ GoffiMatMul Warning: Result is exactly zero despite non-zero inputs (M=2048, N=256, K=256, SampleA=0.0000, SampleB=-0.0406)
2026/04/18 13:12:33 mlm_training.go:569: ⏳ MLM: Step 880 in progress...
⚠️ GoffiMatMul Warning: Result is exactly zero despite non-zero inputs (M=2048, N=256, K=4080, SampleA=0.0000, SampleB=0.0095)
⚠️ GoffiMatMul Warning: Result is exactly zero despite non-zero inputs (M=2048, N=256, K=4080, SampleA=0.0000, SampleB=0.0095)
⚠️ GoffiMatMul Warning: Result is exactly zero despite non-zero inputs (M=2048, N=256, K=4080, SampleA=0.0000, SampleB=0.0095)
⚠️ GoffiMatMul Warning: Result is exactly zero despite non-zero inputs (M=2048, N=256, K=256, SampleA=0.0000, SampleB=-0.0406)
⚠️ GoffiMatMul Warning: Result is exactly zero despite non-zero inputs (M=2048, N=256, K=4080, SampleA=0.0000, SampleB=0.0095)
⚠️ GoffiMatMul Warning: Result is exactly zero despite non-zero inputs (M=2048, N=256, K=4080, SampleA=0.0000, SampleB=0.0095)
⚠️ GoffiMatMul Warning: Result is exactly zero despite non-zero inputs (M=2048, N=256, K=256, SampleA=0.0000, SampleB=-0.0406)
⚠️ GoffiMatMul Warning: Result is exactly zero despite non-zero inputs (M=2048, N=256, K=4080, SampleA=0.0000, SampleB=0.0095)
⚠️ GoffiMatMul Warning: Result is exactly zero despite non-zero inputs (M=2048, N=256, K=256, SampleA=0.0000, SampleB=-0.0406)
⚠️ GoffiMatMul Warning: Result is exactly zero despite non-zero inputs (M=2048, N=256, K=4080, SampleA=0.0000, SampleB=0.0095)
⚠️ GoffiMatMul Warning: Result is exactly zero despite non-zero inputs (M=2048, N=256, K=256, SampleA=0.0000, SampleB=-0.0406)
⚠️ GoffiMatMul Warning: Result is exactly zero despite non-zero inputs (M=2048, N=256, K=4080, SampleA=0.0000, SampleB=0.0095)
⚠️ GoffiMatMul Warning: Result is exactly zero despite non-zero inputs (M=2048, N=256, K=4080, SampleA=0.0000, SampleB=0.0095)
⚠️ GoffiMatMul Warning: Result is exactly zero despite non-zero inputs (M=2048, N=256, K=4080, SampleA=0.0000, SampleB=0.0095)
⚠️ GoffiMatMul Warning: Result is exactly zero despite non-zero inputs (M=2048, N=256, K=256, SampleA=0.0000, SampleB=-0.0406)
2026/04/18 13:16:02 mlm_training.go:569: ⏳ MLM: Step 890 in progress...
⚠️ GoffiMatMul Warning: Result is exactly zero despite non-zero inputs (M=2048, N=256, K=4080, SampleA=0.0000, SampleB=0.0095)
⚠️ GoffiMatMul Warning: Result is exactly zero despite non-zero inputs (M=2048, N=256, K=256, SampleA=0.0000, SampleB=-0.0406)
⚠️ GoffiMatMul Warning: Result is exactly zero despite non-zero inputs (M=2048, N=256, K=4080, SampleA=0.0000, SampleB=0.0095)
⚠️ GoffiMatMul Warning: Result is exactly zero despite non-zero inputs (M=2048, N=256, K=256, SampleA=0.0000, SampleB=-0.0406)
⚠️ GoffiMatMul Warning: Result is exactly zero despite non-zero inputs (M=2048, N=256, K=4080, SampleA=0.0000, SampleB=0.0095)
⚠️ GoffiMatMul Warning: Result is exactly zero despite non-zero inputs (M=2048, N=256, K=256, SampleA=0.0000, SampleB=-0.0406)
⚠️ GoffiMatMul Warning: Result is exactly zero despite non-zero inputs (M=2048, N=256, K=4080, SampleA=0.0000, SampleB=0.0095)
⚠️ GoffiMatMul Warning: Result is exactly zero despite non-zero inputs (M=2048, N=256, K=256, SampleA=0.0000, SampleB=-0.0406)
⚠️ GoffiMatMul Warning: Result is exactly zero despite non-zero inputs (M=2048, N=256, K=4080, SampleA=0.0000, SampleB=0.0095)
⚠️ GoffiMatMul Warning: Result is exactly zero despite non-zero inputs (M=2048, N=256, K=256, SampleA=0.0000, SampleB=-0.0406)
⚠️ GoffiMatMul Warning: Result is exactly zero despite non-zero inputs (M=2048, N=256, K=4080, SampleA=0.0000, SampleB=0.0095)
⚠️ GoffiMatMul Warning: Result is exactly zero despite non-zero inputs (M=2048, N=256, K=4080, SampleA=0.0000, SampleB=0.0095)
⚠️ GoffiMatMul Warning: Result is exactly zero despite non-zero inputs (M=2048, N=256, K=256, SampleA=0.0000, SampleB=-0.0406)
⚠️ GoffiMatMul Warning: Result is exactly zero despite non-zero inputs (M=2048, N=256, K=4080, SampleA=0.0000, SampleB=0.0095)
⚠️ GoffiMatMul Warning: Result is exactly zero despite non-zero inputs (M=405, N=256, K=4080, SampleA=0.0000, SampleB=0.0095)
⚠️ GoffiMatMul Warning: Result is exactly zero despite non-zero inputs (M=405, N=256, K=256, SampleA=0.0000, SampleB=-0.0406)
2026/04/18 13:18:52 mlm_training.go:590: 🎓 [MLM] Step 900 | Loss: 6.8812 (smooth: 6.9669) | PPL: 1279.2 | LR: 0.000000 | 0.1 steps/s
2026/04/18 13:18:52 mlm_training.go:775: [Intent: social]    🔍 'i'll [___] you' → Answer: 'help' | Predicted: .(1.2%), ?(0.6%), the(0.3%) ❌
2026/04/18 13:18:52 mlm_training.go:635: 🎓 [MLM] Epoch 20/20 Complete | Avg Loss: 6.9640 | PPL: 1057.9 | Batches: 45
2026/04/18 13:18:52 mlm_training.go:645: 🎓 ═══════════════════════════════════════════════
2026/04/18 13:18:52 mlm_training.go:646: 🎓  MLM Pre-Training Complete (900 steps, 17247.9s)
2026/04/18 13:18:52 mlm_training.go:647: 🎓  Encoder and embeddings now understand word context.
2026/04/18 13:18:52 mlm_training.go:648: 🎓 ═══════════════════════════════════════════════
⚠️ GoffiMatMul Warning: Result is exactly zero despite non-zero inputs (M=64, N=1024, K=256, SampleA=0.0000, SampleB=0.0365)
⚠️ GoffiMatMul Warning: Result is exactly zero despite non-zero inputs (M=64, N=1024, K=256, SampleA=0.0000, SampleB=0.1004)
⚠️ GoffiMatMul Warning: Result is exactly zero despite non-zero inputs (M=64, N=1024, K=256, SampleA=0.0000, SampleB=0.1324)
⚠️ GoffiMatMul Warning: Result is exactly zero despite non-zero inputs (M=512, N=256, K=64, SampleA=-0.0159, SampleB=-0.0000)
⚠️ GoffiMatMul Warning: Result is exactly zero despite non-zero inputs (M=64, N=512, K=256, SampleA=-0.0000, SampleB=-0.0400)
⚠️ GoffiMatMul Warning: Result is exactly zero despite non-zero inputs (M=512, N=256, K=64, SampleA=-0.0075, SampleB=-0.0000)
⚠️ GoffiMatMul Warning: Result is exactly zero despite non-zero inputs (M=64, N=512, K=256, SampleA=-0.0000, SampleB=-0.0447)
⚠️ GoffiMatMul Warning: Result is exactly zero despite non-zero inputs (M=512, N=256, K=64, SampleA=-0.2832, SampleB=-0.0000)
⚠️ GoffiMatMul Warning: Result is exactly zero despite non-zero inputs (M=64, N=512, K=256, SampleA=-0.0000, SampleB=-0.0555)
⚠️ GoffiMatMul Warning: Result is exactly zero despite non-zero inputs (M=512, N=256, K=64, SampleA=-0.7688, SampleB=-0.0000)
⚠️ GoffiMatMul Warning: Result is exactly zero despite non-zero inputs (M=64, N=512, K=256, SampleA=-0.0000, SampleB=0.0154)
2026/04/18 13:22:27 chat.go:2127: 🎭 Epoch 1/60 | Batch 1 | Loss: 8.390468 | LR: 0.00001000
⚠️ GoffiMatMul Warning: Result is exactly zero despite non-zero inputs (M=63, N=1024, K=256, SampleA=0.0000, SampleB=0.0365)
⚠️ GoffiMatMul Warning: Result is exactly zero despite non-zero inputs (M=63, N=1024, K=256, SampleA=0.0000, SampleB=0.1004)
⚠️ GoffiMatMul Warning: Result is exactly zero despite non-zero inputs (M=63, N=1024, K=256, SampleA=0.0000, SampleB=0.1324)
