2026/04/18 08:33:27 chat.go:1782: 🎭 Starting SOCIAL-ONLY Chat Training (human_chat.txt only)
2026/04/18 08:33:27 chat.go:1816: 📊 Loaded 1735 social conversation pairs from human_chat.txt
2026/04/18 08:33:27 vocab.go:54: NewVocabulary: Initial size after adding <pad> and UNK: 2
2026/04/18 08:33:27 chat.go:1843: 📐 Pre-computed final vocab size: 4080
2026/04/18 08:33:27 chat.go:1851: 📥 Resuming training: Loading existing social model from data/models/gob_models/moe_social_model.gob
2026/04/18 08:33:28 chat.go:1897: 📂 Data: 1561 training, 174 validation
2026/04/18 08:33:28 chat.go:1935: 🔤 Using existing model vocabulary: 4080 tokens
2026/04/18 08:33:28 chat.go:1944: 🔤 Vocabulary State: 4080 tokens (BOS=2, EOS=3, PAD=0)
2026/04/18 08:33:28 chat.go:1955: 🎭 Training social model for 60 epochs at peak LR=0.000010
2026/04/18 08:33:28 mlm_training.go:824: 📝 Extracted 2833 unique sentences for MLM pre-training
2026/04/18 08:33:28 mlm_training.go:362: 🎓 ═══════════════════════════════════════════════
2026/04/18 08:33:28 mlm_training.go:363: 🎓  PHASE 0: Masked Language Model Pre-Training
2026/04/18 08:33:28 mlm_training.go:364: 🎓  Teaching grammar through word prediction...
2026/04/18 08:33:28 mlm_training.go:365: 🎓 ═══════════════════════════════════════════════
2026/04/18 08:33:28 mlm_training.go:420: 🎓 MLM: Starting epoch 1 with 2833 sentences (Batch Size: 64)
2026/04/18 08:33:28 mlm_training.go:432: 🚀 MLM: First batch loaded (SeqLen: 32). Starting forward pass...
🔍 Goffi: Initializing OpenBLAS...
✅ Goffi: Loaded OpenBLAS from libopenblas.so
✅ Goffi: Found cblas_sgemm symbol.
✅ Goffi: SGEMM Call Interface prepared.
✅ Goffi: Test MatMul Successful (1*5+2*7=19)
⚠️ GoffiMatMul Warning: Result is exactly zero despite non-zero inputs (M=2048, N=256, K=4080, SampleA=0.0000, SampleB=0.1260)
⚠️ GoffiMatMul Warning: Result is exactly zero despite non-zero inputs (M=2048, N=256, K=256, SampleA=0.0000, SampleB=-0.0523)
2026/04/18 08:33:38 mlm_training.go:567: ✅ MLM: First batch update complete. Convergence started.
⚠️ GoffiMatMul Warning: Result is exactly zero despite non-zero inputs (M=2048, N=256, K=4080, SampleA=0.0000, SampleB=0.1261)
⚠️ GoffiMatMul Warning: Result is exactly zero despite non-zero inputs (M=2048, N=256, K=256, SampleA=0.0000, SampleB=-0.0484)
⚠️ GoffiMatMul Warning: Result is exactly zero despite non-zero inputs (M=2048, N=256, K=4080, SampleA=0.0000, SampleB=0.1261)
⚠️ GoffiMatMul Warning: Result is exactly zero despite non-zero inputs (M=2048, N=256, K=256, SampleA=0.0000, SampleB=-0.0484)
⚠️ GoffiMatMul Warning: Result is exactly zero despite non-zero inputs (M=1856, N=256, K=4080, SampleA=0.0000, SampleB=0.1261)
⚠️ GoffiMatMul Warning: Result is exactly zero despite non-zero inputs (M=1856, N=256, K=256, SampleA=0.0000, SampleB=-0.0484)
⚠️ GoffiMatMul Warning: Result is exactly zero despite non-zero inputs (M=2048, N=256, K=4080, SampleA=0.0000, SampleB=0.1262)
⚠️ GoffiMatMul Warning: Result is exactly zero despite non-zero inputs (M=2048, N=256, K=256, SampleA=0.0000, SampleB=-0.0484)
⚠️ GoffiMatMul Warning: Result is exactly zero despite non-zero inputs (M=2048, N=256, K=4080, SampleA=0.0000, SampleB=0.1263)
⚠️ GoffiMatMul Warning: Result is exactly zero despite non-zero inputs (M=2048, N=256, K=256, SampleA=0.0000, SampleB=-0.0484)
⚠️ GoffiMatMul Warning: Result is exactly zero despite non-zero inputs (M=2048, N=256, K=4080, SampleA=0.0000, SampleB=0.1265)
⚠️ GoffiMatMul Warning: Result is exactly zero despite non-zero inputs (M=2048, N=256, K=256, SampleA=0.0000, SampleB=-0.0485)
⚠️ GoffiMatMul Warning: Result is exactly zero despite non-zero inputs (M=2048, N=256, K=4080, SampleA=0.0000, SampleB=0.1268)
⚠️ GoffiMatMul Warning: Result is exactly zero despite non-zero inputs (M=2048, N=256, K=256, SampleA=0.0000, SampleB=-0.0486)
⚠️ GoffiMatMul Warning: Result is exactly zero despite non-zero inputs (M=2048, N=256, K=4080, SampleA=0.0000, SampleB=0.1270)
⚠️ GoffiMatMul Warning: Result is exactly zero despite non-zero inputs (M=2048, N=256, K=256, SampleA=0.0000, SampleB=-0.0487)
⚠️ GoffiMatMul Warning: Result is exactly zero despite non-zero inputs (M=2048, N=256, K=4080, SampleA=0.0000, SampleB=0.1272)
⚠️ GoffiMatMul Warning: Result is exactly zero despite non-zero inputs (M=2048, N=256, K=256, SampleA=0.0000, SampleB=-0.0488)
2026/04/18 08:36:01 mlm_training.go:569: ⏳ MLM: Step 10 in progress...
⚠️ GoffiMatMul Warning: Result is exactly zero despite non-zero inputs (M=2048, N=256, K=4080, SampleA=0.0000, SampleB=0.1273)
⚠️ GoffiMatMul Warning: Result is exactly zero despite non-zero inputs (M=2048, N=256, K=256, SampleA=0.0000, SampleB=-0.0488)
⚠️ GoffiMatMul Warning: Result is exactly zero despite non-zero inputs (M=2048, N=256, K=4080, SampleA=0.0000, SampleB=0.1276)
⚠️ GoffiMatMul Warning: Result is exactly zero despite non-zero inputs (M=2048, N=256, K=256, SampleA=0.0000, SampleB=-0.0487)
⚠️ GoffiMatMul Warning: Result is exactly zero despite non-zero inputs (M=2048, N=256, K=4080, SampleA=0.0000, SampleB=0.1279)
⚠️ GoffiMatMul Warning: Result is exactly zero despite non-zero inputs (M=2048, N=256, K=256, SampleA=0.0000, SampleB=-0.0486)
⚠️ GoffiMatMul Warning: Result is exactly zero despite non-zero inputs (M=2048, N=256, K=4080, SampleA=0.0000, SampleB=0.1282)
⚠️ GoffiMatMul Warning: Result is exactly zero despite non-zero inputs (M=2048, N=256, K=256, SampleA=0.0000, SampleB=-0.0485)
⚠️ GoffiMatMul Warning: Result is exactly zero despite non-zero inputs (M=2048, N=256, K=4080, SampleA=0.0000, SampleB=0.1286)
⚠️ GoffiMatMul Warning: Result is exactly zero despite non-zero inputs (M=2048, N=256, K=256, SampleA=0.0000, SampleB=-0.0484)
⚠️ GoffiMatMul Warning: Result is exactly zero despite non-zero inputs (M=2048, N=256, K=4080, SampleA=0.0000, SampleB=0.1289)
⚠️ GoffiMatMul Warning: Result is exactly zero despite non-zero inputs (M=2048, N=256, K=256, SampleA=0.0000, SampleB=-0.0483)
⚠️ GoffiMatMul Warning: Result is exactly zero despite non-zero inputs (M=2048, N=256, K=4080, SampleA=0.0000, SampleB=0.1293)
⚠️ GoffiMatMul Warning: Result is exactly zero despite non-zero inputs (M=2048, N=256, K=256, SampleA=0.0000, SampleB=-0.0482)
⚠️ GoffiMatMul Warning: Result is exactly zero despite non-zero inputs (M=2048, N=256, K=4080, SampleA=0.0000, SampleB=0.1296)
⚠️ GoffiMatMul Warning: Result is exactly zero despite non-zero inputs (M=2048, N=256, K=256, SampleA=0.0000, SampleB=-0.0480)
⚠️ GoffiMatMul Warning: Result is exactly zero despite non-zero inputs (M=2048, N=256, K=4080, SampleA=0.0000, SampleB=0.1299)
⚠️ GoffiMatMul Warning: Result is exactly zero despite non-zero inputs (M=2048, N=256, K=4080, SampleA=0.0000, SampleB=0.1302)
⚠️ GoffiMatMul Warning: Result is exactly zero despite non-zero inputs (M=2048, N=256, K=256, SampleA=0.0000, SampleB=-0.0478)
2026/04/18 08:39:08 mlm_training.go:569: ⏳ MLM: Step 20 in progress...
⚠️ GoffiMatMul Warning: Result is exactly zero despite non-zero inputs (M=2048, N=256, K=4080, SampleA=0.0000, SampleB=0.1305)
⚠️ GoffiMatMul Warning: Result is exactly zero despite non-zero inputs (M=2048, N=256, K=256, SampleA=0.0000, SampleB=-0.0477)
⚠️ GoffiMatMul Warning: Result is exactly zero despite non-zero inputs (M=2048, N=256, K=4080, SampleA=0.0000, SampleB=0.1308)
⚠️ GoffiMatMul Warning: Result is exactly zero despite non-zero inputs (M=2048, N=256, K=256, SampleA=0.0000, SampleB=-0.0477)
⚠️ GoffiMatMul Warning: Result is exactly zero despite non-zero inputs (M=2048, N=256, K=4080, SampleA=0.0000, SampleB=0.1314)
⚠️ GoffiMatMul Warning: Result is exactly zero despite non-zero inputs (M=2048, N=256, K=256, SampleA=0.0000, SampleB=-0.0475)
⚠️ GoffiMatMul Warning: Result is exactly zero despite non-zero inputs (M=2048, N=256, K=4080, SampleA=0.0000, SampleB=0.1316)
⚠️ GoffiMatMul Warning: Result is exactly zero despite non-zero inputs (M=2048, N=256, K=256, SampleA=0.0000, SampleB=-0.0474)
⚠️ GoffiMatMul Warning: Result is exactly zero despite non-zero inputs (M=2048, N=256, K=4080, SampleA=0.0000, SampleB=0.1318)
⚠️ GoffiMatMul Warning: Result is exactly zero despite non-zero inputs (M=2048, N=256, K=256, SampleA=0.0000, SampleB=-0.0473)
⚠️ GoffiMatMul Warning: Result is exactly zero despite non-zero inputs (M=2048, N=256, K=4080, SampleA=0.0000, SampleB=0.1321)
⚠️ GoffiMatMul Warning: Result is exactly zero despite non-zero inputs (M=2048, N=256, K=256, SampleA=0.0000, SampleB=-0.0473)
⚠️ GoffiMatMul Warning: Result is exactly zero despite non-zero inputs (M=2048, N=256, K=4080, SampleA=0.0000, SampleB=0.1323)
⚠️ GoffiMatMul Warning: Result is exactly zero despite non-zero inputs (M=2048, N=256, K=4080, SampleA=0.0000, SampleB=0.1325)
⚠️ GoffiMatMul Warning: Result is exactly zero despite non-zero inputs (M=2048, N=256, K=256, SampleA=0.0000, SampleB=-0.0471)
⚠️ GoffiMatMul Warning: Result is exactly zero despite non-zero inputs (M=2048, N=256, K=4080, SampleA=0.0000, SampleB=0.1327)
2026/04/18 08:42:07 mlm_training.go:569: ⏳ MLM: Step 30 in progress...
⚠️ GoffiMatMul Warning: Result is exactly zero despite non-zero inputs (M=2048, N=256, K=4080, SampleA=0.0000, SampleB=0.1329)
⚠️ GoffiMatMul Warning: Result is exactly zero despite non-zero inputs (M=2048, N=256, K=256, SampleA=0.0000, SampleB=-0.0468)
⚠️ GoffiMatMul Warning: Result is exactly zero despite non-zero inputs (M=2048, N=256, K=4080, SampleA=0.0000, SampleB=0.1330)
⚠️ GoffiMatMul Warning: Result is exactly zero despite non-zero inputs (M=2048, N=256, K=256, SampleA=0.0000, SampleB=-0.0467)
⚠️ GoffiMatMul Warning: Result is exactly zero despite non-zero inputs (M=2048, N=256, K=4080, SampleA=0.0000, SampleB=0.1332)
⚠️ GoffiMatMul Warning: Result is exactly zero despite non-zero inputs (M=2048, N=256, K=256, SampleA=0.0000, SampleB=-0.0466)
⚠️ GoffiMatMul Warning: Result is exactly zero despite non-zero inputs (M=1984, N=256, K=4080, SampleA=0.0000, SampleB=0.1334)
⚠️ GoffiMatMul Warning: Result is exactly zero despite non-zero inputs (M=1984, N=256, K=256, SampleA=0.0000, SampleB=-0.0465)
⚠️ GoffiMatMul Warning: Result is exactly zero despite non-zero inputs (M=2048, N=256, K=4080, SampleA=0.0000, SampleB=0.1335)
⚠️ GoffiMatMul Warning: Result is exactly zero despite non-zero inputs (M=2048, N=256, K=256, SampleA=0.0000, SampleB=-0.0464)
⚠️ GoffiMatMul Warning: Result is exactly zero despite non-zero inputs (M=2048, N=256, K=4080, SampleA=0.0000, SampleB=0.1337)
⚠️ GoffiMatMul Warning: Result is exactly zero despite non-zero inputs (M=2048, N=256, K=256, SampleA=0.0000, SampleB=-0.0463)
⚠️ GoffiMatMul Warning: Result is exactly zero despite non-zero inputs (M=2048, N=256, K=4080, SampleA=0.0000, SampleB=0.1338)
⚠️ GoffiMatMul Warning: Result is exactly zero despite non-zero inputs (M=2048, N=256, K=256, SampleA=0.0000, SampleB=-0.0462)
⚠️ GoffiMatMul Warning: Result is exactly zero despite non-zero inputs (M=2048, N=256, K=4080, SampleA=0.0000, SampleB=0.1339)
⚠️ GoffiMatMul Warning: Result is exactly zero despite non-zero inputs (M=2048, N=256, K=256, SampleA=0.0000, SampleB=-0.0462)
⚠️ GoffiMatMul Warning: Result is exactly zero despite non-zero inputs (M=2048, N=256, K=4080, SampleA=0.0000, SampleB=0.1341)
2026/04/18 08:45:11 mlm_training.go:569: ⏳ MLM: Step 40 in progress...
⚠️ GoffiMatMul Warning: Result is exactly zero despite non-zero inputs (M=2048, N=256, K=4080, SampleA=0.0000, SampleB=0.1343)
⚠️ GoffiMatMul Warning: Result is exactly zero despite non-zero inputs (M=2048, N=256, K=256, SampleA=0.0000, SampleB=-0.0459)
⚠️ GoffiMatMul Warning: Result is exactly zero despite non-zero inputs (M=544, N=256, K=4080, SampleA=0.0000, SampleB=0.1345)
2026/04/18 08:46:11 mlm_training.go:635: 🎓 [MLM] Epoch 1/20 Complete | Avg Loss: 7.7641 | PPL: 2354.4 | Batches: 45
2026/04/18 08:46:11 mlm_training.go:420: 🎓 MLM: Starting epoch 2 with 2833 sentences (Batch Size: 64)
⚠️ GoffiMatMul Warning: Result is exactly zero despite non-zero inputs (M=2048, N=256, K=4080, SampleA=0.0000, SampleB=0.1345)
⚠️ GoffiMatMul Warning: Result is exactly zero despite non-zero inputs (M=2048, N=256, K=256, SampleA=0.0000, SampleB=-0.0458)
⚠️ GoffiMatMul Warning: Result is exactly zero despite non-zero inputs (M=2048, N=256, K=4080, SampleA=0.0000, SampleB=0.1346)
⚠️ GoffiMatMul Warning: Result is exactly zero despite non-zero inputs (M=2048, N=256, K=256, SampleA=0.0000, SampleB=-0.0457)
⚠️ GoffiMatMul Warning: Result is exactly zero despite non-zero inputs (M=2048, N=256, K=4080, SampleA=0.0000, SampleB=0.1347)
⚠️ GoffiMatMul Warning: Result is exactly zero despite non-zero inputs (M=2048, N=256, K=256, SampleA=0.0000, SampleB=-0.0457)
⚠️ GoffiMatMul Warning: Result is exactly zero despite non-zero inputs (M=2048, N=256, K=4080, SampleA=0.0000, SampleB=0.1347)
⚠️ GoffiMatMul Warning: Result is exactly zero despite non-zero inputs (M=2048, N=256, K=4080, SampleA=0.0000, SampleB=0.1348)
⚠️ GoffiMatMul Warning: Result is exactly zero despite non-zero inputs (M=2048, N=256, K=256, SampleA=0.0000, SampleB=-0.0456)
2026/04/18 08:47:45 mlm_training.go:590: 🎓 [MLM] Step 50 | Loss: 7.5092 (smooth: 7.5652) | PPL: 1929.9 | LR: 0.002784 | 0.1 steps/s
2026/04/18 08:47:45 mlm_training.go:775: [Intent: social]    🔍 'voice [___] the' → Answer: 'in' | Predicted: ?(0.4%), .(0.4%), to(0.2%) ❌
⚠️ GoffiMatMul Warning: Result is exactly zero despite non-zero inputs (M=2048, N=256, K=4080, SampleA=0.0000, SampleB=0.1348)
⚠️ GoffiMatMul Warning: Result is exactly zero despite non-zero inputs (M=2048, N=256, K=256, SampleA=0.0000, SampleB=-0.0456)
2026/04/18 08:48:04 mlm_training.go:569: ⏳ MLM: Step 50 in progress...
⚠️ GoffiMatMul Warning: Result is exactly zero despite non-zero inputs (M=2048, N=256, K=4080, SampleA=0.0000, SampleB=0.1349)
⚠️ GoffiMatMul Warning: Result is exactly zero despite non-zero inputs (M=2048, N=256, K=256, SampleA=0.0000, SampleB=-0.0455)
⚠️ GoffiMatMul Warning: Result is exactly zero despite non-zero inputs (M=2048, N=256, K=4080, SampleA=0.0000, SampleB=0.1349)
⚠️ GoffiMatMul Warning: Result is exactly zero despite non-zero inputs (M=2048, N=256, K=256, SampleA=0.0000, SampleB=-0.0455)
⚠️ GoffiMatMul Warning: Result is exactly zero despite non-zero inputs (M=2048, N=256, K=4080, SampleA=0.0000, SampleB=0.1350)
⚠️ GoffiMatMul Warning: Result is exactly zero despite non-zero inputs (M=2048, N=256, K=4080, SampleA=0.0000, SampleB=0.1351)
⚠️ GoffiMatMul Warning: Result is exactly zero despite non-zero inputs (M=2048, N=256, K=4080, SampleA=0.0000, SampleB=0.1351)
⚠️ GoffiMatMul Warning: Result is exactly zero despite non-zero inputs (M=2048, N=256, K=256, SampleA=0.0000, SampleB=-0.0450)
⚠️ GoffiMatMul Warning: Result is exactly zero despite non-zero inputs (M=2048, N=256, K=4080, SampleA=0.0000, SampleB=0.1352)
⚠️ GoffiMatMul Warning: Result is exactly zero despite non-zero inputs (M=2048, N=256, K=256, SampleA=0.0000, SampleB=-0.0448)
⚠️ GoffiMatMul Warning: Result is exactly zero despite non-zero inputs (M=2048, N=256, K=4080, SampleA=0.0000, SampleB=0.1353)
⚠️ GoffiMatMul Warning: Result is exactly zero despite non-zero inputs (M=2048, N=256, K=256, SampleA=0.0000, SampleB=-0.0446)
⚠️ GoffiMatMul Warning: Result is exactly zero despite non-zero inputs (M=2048, N=256, K=4080, SampleA=0.0000, SampleB=0.1354)
⚠️ GoffiMatMul Warning: Result is exactly zero despite non-zero inputs (M=2048, N=256, K=256, SampleA=0.0000, SampleB=-0.0444)
⚠️ GoffiMatMul Warning: Result is exactly zero despite non-zero inputs (M=2048, N=256, K=4080, SampleA=0.0000, SampleB=0.1354)
⚠️ GoffiMatMul Warning: Result is exactly zero despite non-zero inputs (M=2048, N=256, K=4080, SampleA=0.0000, SampleB=0.1355)
⚠️ GoffiMatMul Warning: Result is exactly zero despite non-zero inputs (M=2048, N=256, K=256, SampleA=0.0000, SampleB=-0.0439)
2026/04/18 08:51:09 mlm_training.go:569: ⏳ MLM: Step 60 in progress...
⚠️ GoffiMatMul Warning: Result is exactly zero despite non-zero inputs (M=2048, N=256, K=4080, SampleA=0.0000, SampleB=0.1356)
⚠️ GoffiMatMul Warning: Result is exactly zero despite non-zero inputs (M=2048, N=256, K=256, SampleA=0.0000, SampleB=-0.0436)
⚠️ GoffiMatMul Warning: Result is exactly zero despite non-zero inputs (M=2048, N=256, K=4080, SampleA=0.0000, SampleB=0.1357)
⚠️ GoffiMatMul Warning: Result is exactly zero despite non-zero inputs (M=2048, N=256, K=256, SampleA=0.0000, SampleB=-0.0433)
⚠️ GoffiMatMul Warning: Result is exactly zero despite non-zero inputs (M=2048, N=256, K=4080, SampleA=0.0000, SampleB=0.1358)
⚠️ GoffiMatMul Warning: Result is exactly zero despite non-zero inputs (M=2048, N=256, K=256, SampleA=0.0000, SampleB=-0.0430)
⚠️ GoffiMatMul Warning: Result is exactly zero despite non-zero inputs (M=2048, N=256, K=4080, SampleA=0.0000, SampleB=0.1358)
⚠️ GoffiMatMul Warning: Result is exactly zero despite non-zero inputs (M=2048, N=256, K=256, SampleA=0.0000, SampleB=-0.0428)
⚠️ GoffiMatMul Warning: Result is exactly zero despite non-zero inputs (M=2048, N=256, K=4080, SampleA=0.0000, SampleB=0.1359)
⚠️ GoffiMatMul Warning: Result is exactly zero despite non-zero inputs (M=2048, N=256, K=256, SampleA=0.0000, SampleB=-0.0426)
⚠️ GoffiMatMul Warning: Result is exactly zero despite non-zero inputs (M=2048, N=256, K=4080, SampleA=0.0000, SampleB=0.1359)
⚠️ GoffiMatMul Warning: Result is exactly zero despite non-zero inputs (M=2048, N=256, K=256, SampleA=0.0000, SampleB=-0.0424)
⚠️ GoffiMatMul Warning: Result is exactly zero despite non-zero inputs (M=2048, N=256, K=4080, SampleA=0.0000, SampleB=0.1361)
⚠️ GoffiMatMul Warning: Result is exactly zero despite non-zero inputs (M=2048, N=256, K=256, SampleA=0.0000, SampleB=-0.0420)
⚠️ GoffiMatMul Warning: Result is exactly zero despite non-zero inputs (M=2048, N=256, K=4080, SampleA=0.0000, SampleB=0.1361)
⚠️ GoffiMatMul Warning: Result is exactly zero despite non-zero inputs (M=2048, N=256, K=256, SampleA=0.0000, SampleB=-0.0418)
⚠️ GoffiMatMul Warning: Result is exactly zero despite non-zero inputs (M=2048, N=256, K=4080, SampleA=0.0000, SampleB=0.1362)
⚠️ GoffiMatMul Warning: Result is exactly zero despite non-zero inputs (M=2048, N=256, K=256, SampleA=0.0000, SampleB=-0.0416)
2026/04/18 08:54:15 mlm_training.go:569: ⏳ MLM: Step 70 in progress...
⚠️ GoffiMatMul Warning: Result is exactly zero despite non-zero inputs (M=2048, N=256, K=4080, SampleA=0.0000, SampleB=0.1362)
⚠️ GoffiMatMul Warning: Result is exactly zero despite non-zero inputs (M=2048, N=256, K=256, SampleA=0.0000, SampleB=-0.0413)
⚠️ GoffiMatMul Warning: Result is exactly zero despite non-zero inputs (M=2048, N=256, K=4080, SampleA=0.0000, SampleB=0.1363)
⚠️ GoffiMatMul Warning: Result is exactly zero despite non-zero inputs (M=2048, N=256, K=256, SampleA=0.0000, SampleB=-0.0410)
⚠️ GoffiMatMul Warning: Result is exactly zero despite non-zero inputs (M=2048, N=256, K=4080, SampleA=0.0000, SampleB=0.1364)
⚠️ GoffiMatMul Warning: Result is exactly zero despite non-zero inputs (M=2048, N=256, K=4080, SampleA=0.0000, SampleB=0.1364)
⚠️ GoffiMatMul Warning: Result is exactly zero despite non-zero inputs (M=2048, N=256, K=256, SampleA=0.0000, SampleB=-0.0405)
⚠️ GoffiMatMul Warning: Result is exactly zero despite non-zero inputs (M=2048, N=256, K=4080, SampleA=0.0000, SampleB=0.1365)
⚠️ GoffiMatMul Warning: Result is exactly zero despite non-zero inputs (M=2048, N=256, K=256, SampleA=0.0000, SampleB=-0.0402)
⚠️ GoffiMatMul Warning: Result is exactly zero despite non-zero inputs (M=2048, N=256, K=4080, SampleA=0.0000, SampleB=0.1366)
⚠️ GoffiMatMul Warning: Result is exactly zero despite non-zero inputs (M=2048, N=256, K=4080, SampleA=0.0000, SampleB=0.1366)
⚠️ GoffiMatMul Warning: Result is exactly zero despite non-zero inputs (M=2048, N=256, K=256, SampleA=0.0000, SampleB=-0.0397)
⚠️ GoffiMatMul Warning: Result is exactly zero despite non-zero inputs (M=2048, N=256, K=4080, SampleA=0.0000, SampleB=0.1367)
⚠️ GoffiMatMul Warning: Result is exactly zero despite non-zero inputs (M=2048, N=256, K=256, SampleA=0.0000, SampleB=-0.0394)
⚠️ GoffiMatMul Warning: Result is exactly zero despite non-zero inputs (M=2048, N=256, K=4080, SampleA=0.0000, SampleB=0.1368)
⚠️ GoffiMatMul Warning: Result is exactly zero despite non-zero inputs (M=2048, N=256, K=256, SampleA=0.0000, SampleB=-0.0392)
⚠️ GoffiMatMul Warning: Result is exactly zero despite non-zero inputs (M=2048, N=256, K=4080, SampleA=0.0000, SampleB=0.1368)
⚠️ GoffiMatMul Warning: Result is exactly zero despite non-zero inputs (M=2048, N=256, K=256, SampleA=0.0000, SampleB=-0.0389)
2026/04/18 08:57:16 mlm_training.go:569: ⏳ MLM: Step 80 in progress...
⚠️ GoffiMatMul Warning: Result is exactly zero despite non-zero inputs (M=2048, N=256, K=4080, SampleA=0.0000, SampleB=0.1369)
⚠️ GoffiMatMul Warning: Result is exactly zero despite non-zero inputs (M=2048, N=256, K=256, SampleA=0.0000, SampleB=-0.0387)
⚠️ GoffiMatMul Warning: Result is exactly zero despite non-zero inputs (M=2048, N=256, K=4080, SampleA=0.0000, SampleB=0.1370)
⚠️ GoffiMatMul Warning: Result is exactly zero despite non-zero inputs (M=2048, N=256, K=256, SampleA=0.0000, SampleB=-0.0385)
⚠️ GoffiMatMul Warning: Result is exactly zero despite non-zero inputs (M=2048, N=256, K=4080, SampleA=0.0000, SampleB=0.1370)
⚠️ GoffiMatMul Warning: Result is exactly zero despite non-zero inputs (M=2048, N=256, K=256, SampleA=0.0000, SampleB=-0.0383)
⚠️ GoffiMatMul Warning: Result is exactly zero despite non-zero inputs (M=2048, N=256, K=4080, SampleA=0.0000, SampleB=0.1371)
⚠️ GoffiMatMul Warning: Result is exactly zero despite non-zero inputs (M=2048, N=256, K=256, SampleA=0.0000, SampleB=-0.0380)
⚠️ GoffiMatMul Warning: Result is exactly zero despite non-zero inputs (M=2048, N=256, K=4080, SampleA=0.0000, SampleB=0.1371)
⚠️ GoffiMatMul Warning: Result is exactly zero despite non-zero inputs (M=2048, N=256, K=256, SampleA=0.0000, SampleB=-0.0378)
⚠️ GoffiMatMul Warning: Result is exactly zero despite non-zero inputs (M=2048, N=256, K=4080, SampleA=0.0000, SampleB=0.1372)
⚠️ GoffiMatMul Warning: Result is exactly zero despite non-zero inputs (M=2048, N=256, K=256, SampleA=0.0000, SampleB=-0.0377)
⚠️ GoffiMatMul Warning: Result is exactly zero despite non-zero inputs (M=476, N=256, K=4080, SampleA=0.0000, SampleB=0.1372)
2026/04/18 08:59:46 mlm_training.go:635: 🎓 [MLM] Epoch 2/20 Complete | Avg Loss: 7.3220 | PPL: 1513.2 | Batches: 45
2026/04/18 08:59:46 mlm_training.go:420: 🎓 MLM: Starting epoch 3 with 2833 sentences (Batch Size: 64)
⚠️ GoffiMatMul Warning: Result is exactly zero despite non-zero inputs (M=2048, N=256, K=4080, SampleA=0.0000, SampleB=0.1373)
⚠️ GoffiMatMul Warning: Result is exactly zero despite non-zero inputs (M=2048, N=256, K=256, SampleA=0.0000, SampleB=-0.0373)
2026/04/18 09:00:03 mlm_training.go:569: ⏳ MLM: Step 90 in progress...
⚠️ GoffiMatMul Warning: Result is exactly zero despite non-zero inputs (M=2048, N=256, K=4080, SampleA=0.0000, SampleB=0.1373)
⚠️ GoffiMatMul Warning: Result is exactly zero despite non-zero inputs (M=2048, N=256, K=256, SampleA=0.0000, SampleB=-0.0372)
⚠️ GoffiMatMul Warning: Result is exactly zero despite non-zero inputs (M=2048, N=256, K=4080, SampleA=0.0000, SampleB=0.1373)
⚠️ GoffiMatMul Warning: Result is exactly zero despite non-zero inputs (M=2048, N=256, K=256, SampleA=0.0000, SampleB=-0.0371)
⚠️ GoffiMatMul Warning: Result is exactly zero despite non-zero inputs (M=2048, N=256, K=4080, SampleA=0.0000, SampleB=0.1374)
⚠️ GoffiMatMul Warning: Result is exactly zero despite non-zero inputs (M=2048, N=256, K=256, SampleA=0.0000, SampleB=-0.0370)
⚠️ GoffiMatMul Warning: Result is exactly zero despite non-zero inputs (M=2048, N=256, K=4080, SampleA=0.0000, SampleB=0.1374)
⚠️ GoffiMatMul Warning: Result is exactly zero despite non-zero inputs (M=2048, N=256, K=256, SampleA=0.0000, SampleB=-0.0369)
⚠️ GoffiMatMul Warning: Result is exactly zero despite non-zero inputs (M=2048, N=256, K=4080, SampleA=0.0000, SampleB=0.1374)
⚠️ GoffiMatMul Warning: Result is exactly zero despite non-zero inputs (M=2048, N=256, K=256, SampleA=0.0000, SampleB=-0.0368)
⚠️ GoffiMatMul Warning: Result is exactly zero despite non-zero inputs (M=2048, N=256, K=4080, SampleA=0.0000, SampleB=0.1375)
⚠️ GoffiMatMul Warning: Result is exactly zero despite non-zero inputs (M=2048, N=256, K=256, SampleA=0.0000, SampleB=-0.0367)
⚠️ GoffiMatMul Warning: Result is exactly zero despite non-zero inputs (M=2048, N=256, K=4080, SampleA=0.0000, SampleB=0.1375)
⚠️ GoffiMatMul Warning: Result is exactly zero despite non-zero inputs (M=2048, N=256, K=256, SampleA=0.0000, SampleB=-0.0366)
⚠️ GoffiMatMul Warning: Result is exactly zero despite non-zero inputs (M=2048, N=256, K=4080, SampleA=0.0000, SampleB=0.1375)
⚠️ GoffiMatMul Warning: Result is exactly zero despite non-zero inputs (M=2048, N=256, K=256, SampleA=0.0000, SampleB=-0.0365)
⚠️ GoffiMatMul Warning: Result is exactly zero despite non-zero inputs (M=2048, N=256, K=4080, SampleA=0.0000, SampleB=0.1376)
⚠️ GoffiMatMul Warning: Result is exactly zero despite non-zero inputs (M=2048, N=256, K=256, SampleA=0.0000, SampleB=-0.0364)
2026/04/18 09:02:44 mlm_training.go:590: 🎓 [MLM] Step 100 | Loss: 7.0531 (smooth: 7.1112) | PPL: 1859.4 | LR: 0.004998 | 0.1 steps/s
2026/04/18 09:02:44 mlm_training.go:775: [Intent: social]    🔍 'to [___] a' → Answer: 'train' | Predicted: .(0.8%), ?(0.5%), you(0.3%) ❌
⚠️ GoffiMatMul Warning: Result is exactly zero despite non-zero inputs (M=2048, N=256, K=4080, SampleA=0.0000, SampleB=0.1376)
⚠️ GoffiMatMul Warning: Result is exactly zero despite non-zero inputs (M=2048, N=256, K=256, SampleA=0.0000, SampleB=-0.0363)
2026/04/18 09:03:02 mlm_training.go:569: ⏳ MLM: Step 100 in progress...
⚠️ GoffiMatMul Warning: Result is exactly zero despite non-zero inputs (M=2048, N=256, K=4080, SampleA=0.0000, SampleB=0.1376)
⚠️ GoffiMatMul Warning: Result is exactly zero despite non-zero inputs (M=2048, N=256, K=256, SampleA=0.0000, SampleB=-0.0362)
⚠️ GoffiMatMul Warning: Result is exactly zero despite non-zero inputs (M=2048, N=256, K=4080, SampleA=0.0000, SampleB=0.1377)
⚠️ GoffiMatMul Warning: Result is exactly zero despite non-zero inputs (M=2048, N=256, K=256, SampleA=0.0000, SampleB=-0.0361)
⚠️ GoffiMatMul Warning: Result is exactly zero despite non-zero inputs (M=1856, N=256, K=4080, SampleA=0.0000, SampleB=0.1377)
⚠️ GoffiMatMul Warning: Result is exactly zero despite non-zero inputs (M=1856, N=256, K=256, SampleA=0.0000, SampleB=-0.0360)
⚠️ GoffiMatMul Warning: Result is exactly zero despite non-zero inputs (M=2048, N=256, K=4080, SampleA=0.0000, SampleB=0.1377)
⚠️ GoffiMatMul Warning: Result is exactly zero despite non-zero inputs (M=2048, N=256, K=256, SampleA=0.0000, SampleB=-0.0360)
⚠️ GoffiMatMul Warning: Result is exactly zero despite non-zero inputs (M=2048, N=256, K=4080, SampleA=0.0000, SampleB=0.1378)
⚠️ GoffiMatMul Warning: Result is exactly zero despite non-zero inputs (M=2048, N=256, K=256, SampleA=0.0000, SampleB=-0.0359)
⚠️ GoffiMatMul Warning: Result is exactly zero despite non-zero inputs (M=2048, N=256, K=4080, SampleA=0.0000, SampleB=0.1378)
⚠️ GoffiMatMul Warning: Result is exactly zero despite non-zero inputs (M=2048, N=256, K=256, SampleA=0.0000, SampleB=-0.0358)
⚠️ GoffiMatMul Warning: Result is exactly zero despite non-zero inputs (M=2048, N=256, K=4080, SampleA=0.0000, SampleB=0.1378)
⚠️ GoffiMatMul Warning: Result is exactly zero despite non-zero inputs (M=2048, N=256, K=256, SampleA=0.0000, SampleB=-0.0357)
⚠️ GoffiMatMul Warning: Result is exactly zero despite non-zero inputs (M=2048, N=256, K=4080, SampleA=0.0000, SampleB=0.1379)
⚠️ GoffiMatMul Warning: Result is exactly zero despite non-zero inputs (M=2048, N=256, K=256, SampleA=0.0000, SampleB=-0.0356)
⚠️ GoffiMatMul Warning: Result is exactly zero despite non-zero inputs (M=2048, N=256, K=4080, SampleA=0.0000, SampleB=0.1379)
2026/04/18 09:05:58 mlm_training.go:569: ⏳ MLM: Step 110 in progress...
⚠️ GoffiMatMul Warning: Result is exactly zero despite non-zero inputs (M=2048, N=256, K=4080, SampleA=0.0000, SampleB=0.1380)
⚠️ GoffiMatMul Warning: Result is exactly zero despite non-zero inputs (M=2048, N=256, K=256, SampleA=0.0000, SampleB=-0.0353)
⚠️ GoffiMatMul Warning: Result is exactly zero despite non-zero inputs (M=2048, N=256, K=4080, SampleA=0.0000, SampleB=0.1380)
⚠️ GoffiMatMul Warning: Result is exactly zero despite non-zero inputs (M=2048, N=256, K=256, SampleA=0.0000, SampleB=-0.0353)
⚠️ GoffiMatMul Warning: Result is exactly zero despite non-zero inputs (M=2048, N=256, K=4080, SampleA=0.0000, SampleB=0.1380)
⚠️ GoffiMatMul Warning: Result is exactly zero despite non-zero inputs (M=2048, N=256, K=256, SampleA=0.0000, SampleB=-0.0352)
⚠️ GoffiMatMul Warning: Result is exactly zero despite non-zero inputs (M=2048, N=256, K=4080, SampleA=0.0000, SampleB=0.1381)
⚠️ GoffiMatMul Warning: Result is exactly zero despite non-zero inputs (M=2048, N=256, K=256, SampleA=0.0000, SampleB=-0.0351)
⚠️ GoffiMatMul Warning: Result is exactly zero despite non-zero inputs (M=2048, N=256, K=4080, SampleA=0.0000, SampleB=0.1381)
⚠️ GoffiMatMul Warning: Result is exactly zero despite non-zero inputs (M=2048, N=256, K=256, SampleA=0.0000, SampleB=-0.0350)
⚠️ GoffiMatMul Warning: Result is exactly zero despite non-zero inputs (M=2048, N=256, K=4080, SampleA=0.0000, SampleB=0.1381)
⚠️ GoffiMatMul Warning: Result is exactly zero despite non-zero inputs (M=2048, N=256, K=256, SampleA=0.0000, SampleB=-0.0350)
⚠️ GoffiMatMul Warning: Result is exactly zero despite non-zero inputs (M=2048, N=256, K=4080, SampleA=0.0000, SampleB=0.1381)
⚠️ GoffiMatMul Warning: Result is exactly zero despite non-zero inputs (M=2048, N=256, K=256, SampleA=0.0000, SampleB=-0.0349)
⚠️ GoffiMatMul Warning: Result is exactly zero despite non-zero inputs (M=2048, N=256, K=4080, SampleA=0.0000, SampleB=0.1381)
⚠️ GoffiMatMul Warning: Result is exactly zero despite non-zero inputs (M=2048, N=256, K=256, SampleA=0.0000, SampleB=-0.0349)
⚠️ GoffiMatMul Warning: Result is exactly zero despite non-zero inputs (M=2048, N=256, K=4080, SampleA=0.0000, SampleB=0.1382)
⚠️ GoffiMatMul Warning: Result is exactly zero despite non-zero inputs (M=2048, N=256, K=256, SampleA=0.0000, SampleB=-0.0348)
⚠️ GoffiMatMul Warning: Result is exactly zero despite non-zero inputs (M=2048, N=256, K=4080, SampleA=0.0000, SampleB=0.1382)
⚠️ GoffiMatMul Warning: Result is exactly zero despite non-zero inputs (M=2048, N=256, K=256, SampleA=0.0000, SampleB=-0.0348)
2026/04/18 09:09:00 mlm_training.go:569: ⏳ MLM: Step 120 in progress...
⚠️ GoffiMatMul Warning: Result is exactly zero despite non-zero inputs (M=2048, N=256, K=4080, SampleA=0.0000, SampleB=0.1382)
⚠️ GoffiMatMul Warning: Result is exactly zero despite non-zero inputs (M=2048, N=256, K=256, SampleA=0.0000, SampleB=-0.0347)
⚠️ GoffiMatMul Warning: Result is exactly zero despite non-zero inputs (M=2048, N=256, K=4080, SampleA=0.0000, SampleB=0.1382)
⚠️ GoffiMatMul Warning: Result is exactly zero despite non-zero inputs (M=2048, N=256, K=256, SampleA=0.0000, SampleB=-0.0346)
⚠️ GoffiMatMul Warning: Result is exactly zero despite non-zero inputs (M=2048, N=256, K=4080, SampleA=0.0000, SampleB=0.1383)
⚠️ GoffiMatMul Warning: Result is exactly zero despite non-zero inputs (M=2048, N=256, K=256, SampleA=0.0000, SampleB=-0.0345)
⚠️ GoffiMatMul Warning: Result is exactly zero despite non-zero inputs (M=2048, N=256, K=4080, SampleA=0.0000, SampleB=0.1383)
⚠️ GoffiMatMul Warning: Result is exactly zero despite non-zero inputs (M=2048, N=256, K=256, SampleA=0.0000, SampleB=-0.0345)
⚠️ GoffiMatMul Warning: Result is exactly zero despite non-zero inputs (M=2048, N=256, K=4080, SampleA=0.0000, SampleB=0.1383)
⚠️ GoffiMatMul Warning: Result is exactly zero despite non-zero inputs (M=2048, N=256, K=256, SampleA=0.0000, SampleB=-0.0344)
⚠️ GoffiMatMul Warning: Result is exactly zero despite non-zero inputs (M=2048, N=256, K=4080, SampleA=0.0000, SampleB=0.1383)
⚠️ GoffiMatMul Warning: Result is exactly zero despite non-zero inputs (M=2048, N=256, K=256, SampleA=0.0000, SampleB=-0.0344)
⚠️ GoffiMatMul Warning: Result is exactly zero despite non-zero inputs (M=2048, N=256, K=4080, SampleA=0.0000, SampleB=0.1384)
⚠️ GoffiMatMul Warning: Result is exactly zero despite non-zero inputs (M=2048, N=256, K=256, SampleA=0.0000, SampleB=-0.0344)
⚠️ GoffiMatMul Warning: Result is exactly zero despite non-zero inputs (M=2048, N=256, K=4080, SampleA=0.0000, SampleB=0.1384)
⚠️ GoffiMatMul Warning: Result is exactly zero despite non-zero inputs (M=2048, N=256, K=256, SampleA=0.0000, SampleB=-0.0343)
2026/04/18 09:11:57 mlm_training.go:569: ⏳ MLM: Step 130 in progress...
⚠️ GoffiMatMul Warning: Result is exactly zero despite non-zero inputs (M=2048, N=256, K=4080, SampleA=0.0000, SampleB=0.1384)
⚠️ GoffiMatMul Warning: Result is exactly zero despite non-zero inputs (M=2048, N=256, K=256, SampleA=0.0000, SampleB=-0.0343)
⚠️ GoffiMatMul Warning: Result is exactly zero despite non-zero inputs (M=2048, N=256, K=4080, SampleA=0.0000, SampleB=0.1384)
⚠️ GoffiMatMul Warning: Result is exactly zero despite non-zero inputs (M=2048, N=256, K=256, SampleA=0.0000, SampleB=-0.0343)
⚠️ GoffiMatMul Warning: Result is exactly zero despite non-zero inputs (M=2048, N=256, K=4080, SampleA=0.0000, SampleB=0.1384)
⚠️ GoffiMatMul Warning: Result is exactly zero despite non-zero inputs (M=2048, N=256, K=256, SampleA=0.0000, SampleB=-0.0342)
2026/04/18 09:12:55 mlm_training.go:635: 🎓 [MLM] Epoch 3/20 Complete | Avg Loss: 7.0036 | PPL: 1100.5 | Batches: 45
2026/04/18 09:12:55 mlm_training.go:420: 🎓 MLM: Starting epoch 4 with 2833 sentences (Batch Size: 64)
⚠️ GoffiMatMul Warning: Result is exactly zero despite non-zero inputs (M=2048, N=256, K=4080, SampleA=0.0000, SampleB=0.1386)
⚠️ GoffiMatMul Warning: Result is exactly zero despite non-zero inputs (M=2048, N=256, K=256, SampleA=0.0000, SampleB=-0.0339)
⚠️ GoffiMatMul Warning: Result is exactly zero despite non-zero inputs (M=2048, N=256, K=4080, SampleA=0.0000, SampleB=0.1386)
⚠️ GoffiMatMul Warning: Result is exactly zero despite non-zero inputs (M=2048, N=256, K=256, SampleA=0.0000, SampleB=-0.0338)
⚠️ GoffiMatMul Warning: Result is exactly zero despite non-zero inputs (M=2048, N=256, K=4080, SampleA=0.0000, SampleB=0.1387)
⚠️ GoffiMatMul Warning: Result is exactly zero despite non-zero inputs (M=2048, N=256, K=256, SampleA=0.0000, SampleB=-0.0337)
⚠️ GoffiMatMul Warning: Result is exactly zero despite non-zero inputs (M=2048, N=256, K=4080, SampleA=0.0000, SampleB=0.1387)
⚠️ GoffiMatMul Warning: Result is exactly zero despite non-zero inputs (M=2048, N=256, K=4080, SampleA=0.0000, SampleB=0.1388)
⚠️ GoffiMatMul Warning: Result is exactly zero despite non-zero inputs (M=2048, N=256, K=256, SampleA=0.0000, SampleB=-0.0333)
2026/04/18 09:14:42 mlm_training.go:569: ⏳ MLM: Step 140 in progress...
⚠️ GoffiMatMul Warning: Result is exactly zero despite non-zero inputs (M=2048, N=256, K=4080, SampleA=0.0000, SampleB=0.1390)
⚠️ GoffiMatMul Warning: Result is exactly zero despite non-zero inputs (M=2048, N=256, K=256, SampleA=0.0000, SampleB=-0.0331)
⚠️ GoffiMatMul Warning: Result is exactly zero despite non-zero inputs (M=2048, N=256, K=4080, SampleA=0.0000, SampleB=0.1391)
⚠️ GoffiMatMul Warning: Result is exactly zero despite non-zero inputs (M=2048, N=256, K=256, SampleA=0.0000, SampleB=-0.0329)
⚠️ GoffiMatMul Warning: Result is exactly zero despite non-zero inputs (M=2048, N=256, K=4080, SampleA=0.0000, SampleB=0.1392)
⚠️ GoffiMatMul Warning: Result is exactly zero despite non-zero inputs (M=2048, N=256, K=256, SampleA=0.0000, SampleB=-0.0326)
⚠️ GoffiMatMul Warning: Result is exactly zero despite non-zero inputs (M=2048, N=256, K=4080, SampleA=0.0000, SampleB=0.1393)
⚠️ GoffiMatMul Warning: Result is exactly zero despite non-zero inputs (M=2048, N=256, K=256, SampleA=0.0000, SampleB=-0.0325)
⚠️ GoffiMatMul Warning: Result is exactly zero despite non-zero inputs (M=2048, N=256, K=4080, SampleA=0.0000, SampleB=0.1393)
⚠️ GoffiMatMul Warning: Result is exactly zero despite non-zero inputs (M=2048, N=256, K=256, SampleA=0.0000, SampleB=-0.0323)
⚠️ GoffiMatMul Warning: Result is exactly zero despite non-zero inputs (M=2048, N=256, K=4080, SampleA=0.0000, SampleB=0.1394)
⚠️ GoffiMatMul Warning: Result is exactly zero despite non-zero inputs (M=2048, N=256, K=256, SampleA=0.0000, SampleB=-0.0321)
⚠️ GoffiMatMul Warning: Result is exactly zero despite non-zero inputs (M=2048, N=256, K=4080, SampleA=0.0000, SampleB=0.1395)
⚠️ GoffiMatMul Warning: Result is exactly zero despite non-zero inputs (M=2048, N=256, K=256, SampleA=0.0000, SampleB=-0.0320)
⚠️ GoffiMatMul Warning: Result is exactly zero despite non-zero inputs (M=2048, N=256, K=4080, SampleA=0.0000, SampleB=0.1396)
⚠️ GoffiMatMul Warning: Result is exactly zero despite non-zero inputs (M=2048, N=256, K=256, SampleA=0.0000, SampleB=-0.0318)
2026/04/18 09:17:27 mlm_training.go:590: 🎓 [MLM] Step 150 | Loss: 6.8201 (smooth: 6.9411) | PPL: 1776.9 | LR: 0.004927 | 0.1 steps/s
2026/04/18 09:17:27 mlm_training.go:775: [Intent: social]    🔍 'use [___] for' → Answer: 'a' | Predicted: .(1.2%), ?(0.9%), play(0.6%) ❌
⚠️ GoffiMatMul Warning: Result is exactly zero despite non-zero inputs (M=2048, N=256, K=4080, SampleA=0.0000, SampleB=0.1397)
⚠️ GoffiMatMul Warning: Result is exactly zero despite non-zero inputs (M=2048, N=256, K=256, SampleA=0.0000, SampleB=-0.0317)
2026/04/18 09:17:47 mlm_training.go:569: ⏳ MLM: Step 150 in progress...
⚠️ GoffiMatMul Warning: Result is exactly zero despite non-zero inputs (M=2048, N=256, K=4080, SampleA=0.0000, SampleB=0.1399)
⚠️ GoffiMatMul Warning: Result is exactly zero despite non-zero inputs (M=2048, N=256, K=256, SampleA=0.0000, SampleB=-0.0314)
⚠️ GoffiMatMul Warning: Result is exactly zero despite non-zero inputs (M=2048, N=256, K=4080, SampleA=0.0000, SampleB=0.1400)
⚠️ GoffiMatMul Warning: Result is exactly zero despite non-zero inputs (M=2048, N=256, K=256, SampleA=0.0000, SampleB=-0.0312)
⚠️ GoffiMatMul Warning: Result is exactly zero despite non-zero inputs (M=2048, N=256, K=4080, SampleA=0.0000, SampleB=0.1401)
⚠️ GoffiMatMul Warning: Result is exactly zero despite non-zero inputs (M=2048, N=256, K=256, SampleA=0.0000, SampleB=-0.0309)
⚠️ GoffiMatMul Warning: Result is exactly zero despite non-zero inputs (M=2048, N=256, K=4080, SampleA=0.0000, SampleB=0.1403)
⚠️ GoffiMatMul Warning: Result is exactly zero despite non-zero inputs (M=2048, N=256, K=256, SampleA=0.0000, SampleB=-0.0307)
⚠️ GoffiMatMul Warning: Result is exactly zero despite non-zero inputs (M=2048, N=256, K=4080, SampleA=0.0000, SampleB=0.1405)
⚠️ GoffiMatMul Warning: Result is exactly zero despite non-zero inputs (M=2048, N=256, K=256, SampleA=0.0000, SampleB=-0.0302)
⚠️ GoffiMatMul Warning: Result is exactly zero despite non-zero inputs (M=2048, N=256, K=4080, SampleA=0.0000, SampleB=0.1406)
⚠️ GoffiMatMul Warning: Result is exactly zero despite non-zero inputs (M=2048, N=256, K=256, SampleA=0.0000, SampleB=-0.0300)
⚠️ GoffiMatMul Warning: Result is exactly zero despite non-zero inputs (M=2048, N=256, K=4080, SampleA=0.0000, SampleB=0.1408)
⚠️ GoffiMatMul Warning: Result is exactly zero despite non-zero inputs (M=2048, N=256, K=256, SampleA=0.0000, SampleB=-0.0297)
⚠️ GoffiMatMul Warning: Result is exactly zero despite non-zero inputs (M=2048, N=256, K=4080, SampleA=0.0000, SampleB=0.1409)
⚠️ GoffiMatMul Warning: Result is exactly zero despite non-zero inputs (M=2048, N=256, K=256, SampleA=0.0000, SampleB=-0.0295)
⚠️ GoffiMatMul Warning: Result is exactly zero despite non-zero inputs (M=2048, N=256, K=4080, SampleA=0.0000, SampleB=0.1410)
⚠️ GoffiMatMul Warning: Result is exactly zero despite non-zero inputs (M=2048, N=256, K=256, SampleA=0.0000, SampleB=-0.0293)
2026/04/18 09:20:45 mlm_training.go:569: ⏳ MLM: Step 160 in progress...
⚠️ GoffiMatMul Warning: Result is exactly zero despite non-zero inputs (M=2048, N=256, K=4080, SampleA=0.0000, SampleB=0.1411)
⚠️ GoffiMatMul Warning: Result is exactly zero despite non-zero inputs (M=2048, N=256, K=256, SampleA=0.0000, SampleB=-0.0291)
⚠️ GoffiMatMul Warning: Result is exactly zero despite non-zero inputs (M=2048, N=256, K=4080, SampleA=0.0000, SampleB=0.1412)
⚠️ GoffiMatMul Warning: Result is exactly zero despite non-zero inputs (M=2048, N=256, K=256, SampleA=0.0000, SampleB=-0.0288)
⚠️ GoffiMatMul Warning: Result is exactly zero despite non-zero inputs (M=2048, N=256, K=4080, SampleA=0.0000, SampleB=0.1414)
⚠️ GoffiMatMul Warning: Result is exactly zero despite non-zero inputs (M=2048, N=256, K=256, SampleA=0.0000, SampleB=-0.0287)
⚠️ GoffiMatMul Warning: Result is exactly zero despite non-zero inputs (M=2048, N=256, K=4080, SampleA=0.0000, SampleB=0.1414)
⚠️ GoffiMatMul Warning: Result is exactly zero despite non-zero inputs (M=2048, N=256, K=256, SampleA=0.0000, SampleB=-0.0285)
⚠️ GoffiMatMul Warning: Result is exactly zero despite non-zero inputs (M=2048, N=256, K=4080, SampleA=0.0000, SampleB=0.1416)
⚠️ GoffiMatMul Warning: Result is exactly zero despite non-zero inputs (M=2048, N=256, K=4080, SampleA=0.0000, SampleB=0.1417)
⚠️ GoffiMatMul Warning: Result is exactly zero despite non-zero inputs (M=2048, N=256, K=256, SampleA=0.0000, SampleB=-0.0279)
⚠️ GoffiMatMul Warning: Result is exactly zero despite non-zero inputs (M=2048, N=256, K=4080, SampleA=0.0000, SampleB=0.1419)
⚠️ GoffiMatMul Warning: Result is exactly zero despite non-zero inputs (M=2048, N=256, K=256, SampleA=0.0000, SampleB=-0.0276)
⚠️ GoffiMatMul Warning: Result is exactly zero despite non-zero inputs (M=2048, N=256, K=4080, SampleA=0.0000, SampleB=0.1420)
⚠️ GoffiMatMul Warning: Result is exactly zero despite non-zero inputs (M=2048, N=256, K=256, SampleA=0.0000, SampleB=-0.0274)
⚠️ GoffiMatMul Warning: Result is exactly zero despite non-zero inputs (M=2048, N=256, K=4080, SampleA=0.0000, SampleB=0.1421)
⚠️ GoffiMatMul Warning: Result is exactly zero despite non-zero inputs (M=2048, N=256, K=256, SampleA=0.0000, SampleB=-0.0272)
⚠️ GoffiMatMul Warning: Result is exactly zero despite non-zero inputs (M=2048, N=256, K=4080, SampleA=0.0000, SampleB=0.1422)
2026/04/18 09:23:52 mlm_training.go:569: ⏳ MLM: Step 170 in progress...
⚠️ GoffiMatMul Warning: Result is exactly zero despite non-zero inputs (M=2048, N=256, K=4080, SampleA=0.0000, SampleB=0.1423)
⚠️ GoffiMatMul Warning: Result is exactly zero despite non-zero inputs (M=2048, N=256, K=4080, SampleA=0.0000, SampleB=0.1424)
⚠️ GoffiMatMul Warning: Result is exactly zero despite non-zero inputs (M=2048, N=256, K=256, SampleA=0.0000, SampleB=-0.0265)
⚠️ GoffiMatMul Warning: Result is exactly zero despite non-zero inputs (M=2048, N=256, K=4080, SampleA=0.0000, SampleB=0.1426)
⚠️ GoffiMatMul Warning: Result is exactly zero despite non-zero inputs (M=2048, N=256, K=256, SampleA=0.0000, SampleB=-0.0263)
⚠️ GoffiMatMul Warning: Result is exactly zero despite non-zero inputs (M=2048, N=256, K=4080, SampleA=0.0000, SampleB=0.1428)
⚠️ GoffiMatMul Warning: Result is exactly zero despite non-zero inputs (M=2048, N=256, K=256, SampleA=0.0000, SampleB=-0.0259)
⚠️ GoffiMatMul Warning: Result is exactly zero despite non-zero inputs (M=2048, N=256, K=4080, SampleA=0.0000, SampleB=0.1429)
⚠️ GoffiMatMul Warning: Result is exactly zero despite non-zero inputs (M=2048, N=256, K=256, SampleA=0.0000, SampleB=-0.0257)
⚠️ GoffiMatMul Warning: Result is exactly zero despite non-zero inputs (M=2048, N=256, K=4080, SampleA=0.0000, SampleB=0.1429)
⚠️ GoffiMatMul Warning: Result is exactly zero despite non-zero inputs (M=2048, N=256, K=256, SampleA=0.0000, SampleB=-0.0255)
⚠️ GoffiMatMul Warning: Result is exactly zero despite non-zero inputs (M=2048, N=256, K=4080, SampleA=0.0000, SampleB=0.1430)
⚠️ GoffiMatMul Warning: Result is exactly zero despite non-zero inputs (M=2048, N=256, K=256, SampleA=0.0000, SampleB=-0.0254)
⚠️ GoffiMatMul Warning: Result is exactly zero despite non-zero inputs (M=544, N=256, K=4080, SampleA=0.0000, SampleB=0.1431)
⚠️ GoffiMatMul Warning: Result is exactly zero despite non-zero inputs (M=544, N=256, K=256, SampleA=0.0000, SampleB=-0.0252)
2026/04/18 09:26:24 mlm_training.go:635: 🎓 [MLM] Epoch 4/20 Complete | Avg Loss: 6.7801 | PPL: 880.2 | Batches: 45
2026/04/18 09:26:24 mlm_training.go:420: 🎓 MLM: Starting epoch 5 with 2833 sentences (Batch Size: 64)
⚠️ GoffiMatMul Warning: Result is exactly zero despite non-zero inputs (M=2048, N=256, K=4080, SampleA=0.0000, SampleB=0.1431)
⚠️ GoffiMatMul Warning: Result is exactly zero despite non-zero inputs (M=2048, N=256, K=256, SampleA=0.0000, SampleB=-0.0250)
2026/04/18 09:26:42 mlm_training.go:569: ⏳ MLM: Step 180 in progress...
⚠️ GoffiMatMul Warning: Result is exactly zero despite non-zero inputs (M=2048, N=256, K=4080, SampleA=0.0000, SampleB=0.1432)
⚠️ GoffiMatMul Warning: Result is exactly zero despite non-zero inputs (M=2048, N=256, K=4080, SampleA=0.0000, SampleB=0.1433)
⚠️ GoffiMatMul Warning: Result is exactly zero despite non-zero inputs (M=2048, N=256, K=256, SampleA=0.0000, SampleB=-0.0248)
⚠️ GoffiMatMul Warning: Result is exactly zero despite non-zero inputs (M=2048, N=256, K=4080, SampleA=0.0000, SampleB=0.1433)
⚠️ GoffiMatMul Warning: Result is exactly zero despite non-zero inputs (M=2048, N=256, K=256, SampleA=0.0000, SampleB=-0.0246)
⚠️ GoffiMatMul Warning: Result is exactly zero despite non-zero inputs (M=2048, N=256, K=4080, SampleA=0.0000, SampleB=0.1434)
⚠️ GoffiMatMul Warning: Result is exactly zero despite non-zero inputs (M=2048, N=256, K=256, SampleA=0.0000, SampleB=-0.0245)
⚠️ GoffiMatMul Warning: Result is exactly zero despite non-zero inputs (M=2048, N=256, K=4080, SampleA=0.0000, SampleB=0.1434)
⚠️ GoffiMatMul Warning: Result is exactly zero despite non-zero inputs (M=2048, N=256, K=256, SampleA=0.0000, SampleB=-0.0244)
⚠️ GoffiMatMul Warning: Result is exactly zero despite non-zero inputs (M=2048, N=256, K=4080, SampleA=0.0000, SampleB=0.1434)
⚠️ GoffiMatMul Warning: Result is exactly zero despite non-zero inputs (M=2048, N=256, K=4080, SampleA=0.0000, SampleB=0.1435)
⚠️ GoffiMatMul Warning: Result is exactly zero despite non-zero inputs (M=2048, N=256, K=256, SampleA=0.0000, SampleB=-0.0243)
⚠️ GoffiMatMul Warning: Result is exactly zero despite non-zero inputs (M=2048, N=256, K=4080, SampleA=0.0000, SampleB=0.1436)
⚠️ GoffiMatMul Warning: Result is exactly zero despite non-zero inputs (M=2048, N=256, K=256, SampleA=0.0000, SampleB=-0.0239)
⚠️ GoffiMatMul Warning: Result is exactly zero despite non-zero inputs (M=2048, N=256, K=4080, SampleA=0.0000, SampleB=0.1436)
⚠️ GoffiMatMul Warning: Result is exactly zero despite non-zero inputs (M=2048, N=256, K=256, SampleA=0.0000, SampleB=-0.0238)
2026/04/18 09:29:41 mlm_training.go:569: ⏳ MLM: Step 190 in progress...
⚠️ GoffiMatMul Warning: Result is exactly zero despite non-zero inputs (M=2048, N=256, K=4080, SampleA=0.0000, SampleB=0.1437)
⚠️ GoffiMatMul Warning: Result is exactly zero despite non-zero inputs (M=2048, N=256, K=256, SampleA=0.0000, SampleB=-0.0235)
⚠️ GoffiMatMul Warning: Result is exactly zero despite non-zero inputs (M=2048, N=256, K=4080, SampleA=0.0000, SampleB=0.1438)
⚠️ GoffiMatMul Warning: Result is exactly zero despite non-zero inputs (M=2048, N=256, K=256, SampleA=0.0000, SampleB=-0.0234)
⚠️ GoffiMatMul Warning: Result is exactly zero despite non-zero inputs (M=2048, N=256, K=4080, SampleA=0.0000, SampleB=0.1438)
⚠️ GoffiMatMul Warning: Result is exactly zero despite non-zero inputs (M=2048, N=256, K=256, SampleA=0.0000, SampleB=-0.0233)
⚠️ GoffiMatMul Warning: Result is exactly zero despite non-zero inputs (M=2048, N=256, K=4080, SampleA=0.0000, SampleB=0.1438)
⚠️ GoffiMatMul Warning: Result is exactly zero despite non-zero inputs (M=2048, N=256, K=256, SampleA=0.0000, SampleB=-0.0233)
⚠️ GoffiMatMul Warning: Result is exactly zero despite non-zero inputs (M=2048, N=256, K=4080, SampleA=0.0000, SampleB=0.1439)
⚠️ GoffiMatMul Warning: Result is exactly zero despite non-zero inputs (M=2048, N=256, K=256, SampleA=0.0000, SampleB=-0.0232)
⚠️ GoffiMatMul Warning: Result is exactly zero despite non-zero inputs (M=2048, N=256, K=4080, SampleA=0.0000, SampleB=0.1439)
⚠️ GoffiMatMul Warning: Result is exactly zero despite non-zero inputs (M=2048, N=256, K=256, SampleA=0.0000, SampleB=-0.0231)
⚠️ GoffiMatMul Warning: Result is exactly zero despite non-zero inputs (M=2048, N=256, K=4080, SampleA=0.0000, SampleB=0.1439)
⚠️ GoffiMatMul Warning: Result is exactly zero despite non-zero inputs (M=2048, N=256, K=256, SampleA=0.0000, SampleB=-0.0230)
⚠️ GoffiMatMul Warning: Result is exactly zero despite non-zero inputs (M=2048, N=256, K=4080, SampleA=0.0000, SampleB=0.1440)
⚠️ GoffiMatMul Warning: Result is exactly zero despite non-zero inputs (M=2048, N=256, K=256, SampleA=0.0000, SampleB=-0.0229)
2026/04/18 09:32:24 mlm_training.go:590: 🎓 [MLM] Step 200 | Loss: 6.7465 (smooth: 6.5891) | PPL: 1671.9 | LR: 0.004762 | 0.1 steps/s
2026/04/18 09:32:24 mlm_training.go:775: [Intent: social]    🔍 '] [___] ,' → Answer: 'flexibility' | Predicted: .(2.7%), you(1.9%), ?(1.8%) ❌
⚠️ GoffiMatMul Warning: Result is exactly zero despite non-zero inputs (M=2048, N=256, K=4080, SampleA=0.0000, SampleB=0.1440)
⚠️ GoffiMatMul Warning: Result is exactly zero despite non-zero inputs (M=2048, N=256, K=256, SampleA=0.0000, SampleB=-0.0228)
2026/04/18 09:32:42 mlm_training.go:569: ⏳ MLM: Step 200 in progress...
⚠️ GoffiMatMul Warning: Result is exactly zero despite non-zero inputs (M=2048, N=256, K=4080, SampleA=0.0000, SampleB=0.1441)
⚠️ GoffiMatMul Warning: Result is exactly zero despite non-zero inputs (M=2048, N=256, K=256, SampleA=0.0000, SampleB=-0.0226)
⚠️ GoffiMatMul Warning: Result is exactly zero despite non-zero inputs (M=2048, N=256, K=4080, SampleA=0.0000, SampleB=0.1441)
⚠️ GoffiMatMul Warning: Result is exactly zero despite non-zero inputs (M=2048, N=256, K=256, SampleA=0.0000, SampleB=-0.0225)
⚠️ GoffiMatMul Warning: Result is exactly zero despite non-zero inputs (M=2048, N=256, K=4080, SampleA=0.0000, SampleB=0.1442)
⚠️ GoffiMatMul Warning: Result is exactly zero despite non-zero inputs (M=2048, N=256, K=256, SampleA=0.0000, SampleB=-0.0224)
⚠️ GoffiMatMul Warning: Result is exactly zero despite non-zero inputs (M=2048, N=256, K=4080, SampleA=0.0000, SampleB=0.1442)
⚠️ GoffiMatMul Warning: Result is exactly zero despite non-zero inputs (M=2048, N=256, K=256, SampleA=0.0000, SampleB=-0.0223)
⚠️ GoffiMatMul Warning: Result is exactly zero despite non-zero inputs (M=2048, N=256, K=4080, SampleA=0.0000, SampleB=0.1443)
⚠️ GoffiMatMul Warning: Result is exactly zero despite non-zero inputs (M=2048, N=256, K=256, SampleA=0.0000, SampleB=-0.0222)
⚠️ GoffiMatMul Warning: Result is exactly zero despite non-zero inputs (M=2048, N=256, K=4080, SampleA=0.0000, SampleB=0.1443)
⚠️ GoffiMatMul Warning: Result is exactly zero despite non-zero inputs (M=2048, N=256, K=4080, SampleA=0.0000, SampleB=0.1443)
⚠️ GoffiMatMul Warning: Result is exactly zero despite non-zero inputs (M=2048, N=256, K=256, SampleA=0.0000, SampleB=-0.0219)
⚠️ GoffiMatMul Warning: Result is exactly zero despite non-zero inputs (M=2048, N=256, K=4080, SampleA=0.0000, SampleB=0.1444)
⚠️ GoffiMatMul Warning: Result is exactly zero despite non-zero inputs (M=2048, N=256, K=256, SampleA=0.0000, SampleB=-0.0218)
2026/04/18 09:35:48 mlm_training.go:569: ⏳ MLM: Step 210 in progress...
⚠️ GoffiMatMul Warning: Result is exactly zero despite non-zero inputs (M=2048, N=256, K=4080, SampleA=0.0000, SampleB=0.1445)
⚠️ GoffiMatMul Warning: Result is exactly zero despite non-zero inputs (M=2048, N=256, K=256, SampleA=0.0000, SampleB=-0.0215)
⚠️ GoffiMatMul Warning: Result is exactly zero despite non-zero inputs (M=2048, N=256, K=4080, SampleA=0.0000, SampleB=0.1445)
⚠️ GoffiMatMul Warning: Result is exactly zero despite non-zero inputs (M=2048, N=256, K=256, SampleA=0.0000, SampleB=-0.0213)
⚠️ GoffiMatMul Warning: Result is exactly zero despite non-zero inputs (M=2048, N=256, K=4080, SampleA=0.0000, SampleB=0.1446)
⚠️ GoffiMatMul Warning: Result is exactly zero despite non-zero inputs (M=2048, N=256, K=256, SampleA=0.0000, SampleB=-0.0212)
⚠️ GoffiMatMul Warning: Result is exactly zero despite non-zero inputs (M=2048, N=256, K=4080, SampleA=0.0000, SampleB=0.1446)
⚠️ GoffiMatMul Warning: Result is exactly zero despite non-zero inputs (M=2048, N=256, K=256, SampleA=0.0000, SampleB=-0.0211)
⚠️ GoffiMatMul Warning: Result is exactly zero despite non-zero inputs (M=2048, N=256, K=4080, SampleA=0.0000, SampleB=0.1447)
⚠️ GoffiMatMul Warning: Result is exactly zero despite non-zero inputs (M=2048, N=256, K=256, SampleA=0.0000, SampleB=-0.0210)
⚠️ GoffiMatMul Warning: Result is exactly zero despite non-zero inputs (M=2048, N=256, K=4080, SampleA=0.0000, SampleB=0.1447)
⚠️ GoffiMatMul Warning: Result is exactly zero despite non-zero inputs (M=2048, N=256, K=256, SampleA=0.0000, SampleB=-0.0209)
⚠️ GoffiMatMul Warning: Result is exactly zero despite non-zero inputs (M=2048, N=256, K=4080, SampleA=0.0000, SampleB=0.1448)
⚠️ GoffiMatMul Warning: Result is exactly zero despite non-zero inputs (M=2048, N=256, K=256, SampleA=0.0000, SampleB=-0.0208)
⚠️ GoffiMatMul Warning: Result is exactly zero despite non-zero inputs (M=2048, N=256, K=4080, SampleA=0.0000, SampleB=0.1448)
⚠️ GoffiMatMul Warning: Result is exactly zero despite non-zero inputs (M=2048, N=256, K=256, SampleA=0.0000, SampleB=-0.0207)
⚠️ GoffiMatMul Warning: Result is exactly zero despite non-zero inputs (M=2048, N=256, K=4080, SampleA=0.0000, SampleB=0.1449)
⚠️ GoffiMatMul Warning: Result is exactly zero despite non-zero inputs (M=2048, N=256, K=256, SampleA=0.0000, SampleB=-0.0206)
2026/04/18 09:38:58 mlm_training.go:569: ⏳ MLM: Step 220 in progress...
⚠️ GoffiMatMul Warning: Result is exactly zero despite non-zero inputs (M=2048, N=256, K=4080, SampleA=0.0000, SampleB=0.1449)
⚠️ GoffiMatMul Warning: Result is exactly zero despite non-zero inputs (M=2048, N=256, K=256, SampleA=0.0000, SampleB=-0.0205)
⚠️ GoffiMatMul Warning: Result is exactly zero despite non-zero inputs (M=2048, N=256, K=4080, SampleA=0.0000, SampleB=0.1450)
⚠️ GoffiMatMul Warning: Result is exactly zero despite non-zero inputs (M=544, N=256, K=4080, SampleA=0.0000, SampleB=0.1451)
⚠️ GoffiMatMul Warning: Result is exactly zero despite non-zero inputs (M=544, N=256, K=256, SampleA=0.0000, SampleB=-0.0201)
2026/04/18 09:39:59 mlm_training.go:635: 🎓 [MLM] Epoch 5/20 Complete | Avg Loss: 6.5113 | PPL: 672.7 | Batches: 45
2026/04/18 09:39:59 mlm_training.go:420: 🎓 MLM: Starting epoch 6 with 2833 sentences (Batch Size: 64)
⚠️ GoffiMatMul Warning: Result is exactly zero despite non-zero inputs (M=2048, N=256, K=4080, SampleA=0.0000, SampleB=0.1451)
⚠️ GoffiMatMul Warning: Result is exactly zero despite non-zero inputs (M=2048, N=256, K=256, SampleA=0.0000, SampleB=-0.0200)
⚠️ GoffiMatMul Warning: Result is exactly zero despite non-zero inputs (M=2048, N=256, K=4080, SampleA=0.0000, SampleB=0.1451)
⚠️ GoffiMatMul Warning: Result is exactly zero despite non-zero inputs (M=2048, N=256, K=256, SampleA=0.0000, SampleB=-0.0199)
⚠️ GoffiMatMul Warning: Result is exactly zero despite non-zero inputs (M=2048, N=256, K=4080, SampleA=0.0000, SampleB=0.1452)
⚠️ GoffiMatMul Warning: Result is exactly zero despite non-zero inputs (M=2048, N=256, K=256, SampleA=0.0000, SampleB=-0.0198)
⚠️ GoffiMatMul Warning: Result is exactly zero despite non-zero inputs (M=2048, N=256, K=4080, SampleA=0.0000, SampleB=0.1452)
⚠️ GoffiMatMul Warning: Result is exactly zero despite non-zero inputs (M=2048, N=256, K=256, SampleA=0.0000, SampleB=-0.0197)
⚠️ GoffiMatMul Warning: Result is exactly zero despite non-zero inputs (M=2048, N=256, K=4080, SampleA=0.0000, SampleB=0.1452)
⚠️ GoffiMatMul Warning: Result is exactly zero despite non-zero inputs (M=2048, N=256, K=256, SampleA=0.0000, SampleB=-0.0197)
⚠️ GoffiMatMul Warning: Result is exactly zero despite non-zero inputs (M=2048, N=256, K=4080, SampleA=0.0000, SampleB=0.1452)
⚠️ GoffiMatMul Warning: Result is exactly zero despite non-zero inputs (M=2048, N=256, K=256, SampleA=0.0000, SampleB=-0.0196)
2026/04/18 09:41:59 mlm_training.go:569: ⏳ MLM: Step 230 in progress...
⚠️ GoffiMatMul Warning: Result is exactly zero despite non-zero inputs (M=2048, N=256, K=4080, SampleA=0.0000, SampleB=0.1453)
⚠️ GoffiMatMul Warning: Result is exactly zero despite non-zero inputs (M=2048, N=256, K=256, SampleA=0.0000, SampleB=-0.0195)
⚠️ GoffiMatMul Warning: Result is exactly zero despite non-zero inputs (M=2048, N=256, K=4080, SampleA=0.0000, SampleB=0.1453)
⚠️ GoffiMatMul Warning: Result is exactly zero despite non-zero inputs (M=2048, N=256, K=256, SampleA=0.0000, SampleB=-0.0195)
⚠️ GoffiMatMul Warning: Result is exactly zero despite non-zero inputs (M=2048, N=256, K=4080, SampleA=0.0000, SampleB=0.1453)
⚠️ GoffiMatMul Warning: Result is exactly zero despite non-zero inputs (M=2048, N=256, K=4080, SampleA=0.0000, SampleB=0.1453)
⚠️ GoffiMatMul Warning: Result is exactly zero despite non-zero inputs (M=2048, N=256, K=256, SampleA=0.0000, SampleB=-0.0194)
⚠️ GoffiMatMul Warning: Result is exactly zero despite non-zero inputs (M=2048, N=256, K=4080, SampleA=0.0000, SampleB=0.1453)
⚠️ GoffiMatMul Warning: Result is exactly zero despite non-zero inputs (M=2048, N=256, K=256, SampleA=0.0000, SampleB=-0.0194)
⚠️ GoffiMatMul Warning: Result is exactly zero despite non-zero inputs (M=2048, N=256, K=4080, SampleA=0.0000, SampleB=0.1453)
⚠️ GoffiMatMul Warning: Result is exactly zero despite non-zero inputs (M=2048, N=256, K=4080, SampleA=0.0000, SampleB=0.1454)
⚠️ GoffiMatMul Warning: Result is exactly zero despite non-zero inputs (M=2048, N=256, K=256, SampleA=0.0000, SampleB=-0.0191)
⚠️ GoffiMatMul Warning: Result is exactly zero despite non-zero inputs (M=2048, N=256, K=4080, SampleA=0.0000, SampleB=0.1455)
⚠️ GoffiMatMul Warning: Result is exactly zero despite non-zero inputs (M=2048, N=256, K=256, SampleA=0.0000, SampleB=-0.0188)
⚠️ GoffiMatMul Warning: Result is exactly zero despite non-zero inputs (M=2048, N=256, K=4080, SampleA=0.0000, SampleB=0.1455)
⚠️ GoffiMatMul Warning: Result is exactly zero despite non-zero inputs (M=2048, N=256, K=256, SampleA=0.0000, SampleB=-0.0187)
2026/04/18 09:45:10 mlm_training.go:569: ⏳ MLM: Step 240 in progress...
⚠️ GoffiMatMul Warning: Result is exactly zero despite non-zero inputs (M=2048, N=256, K=4080, SampleA=0.0000, SampleB=0.1456)
⚠️ GoffiMatMul Warning: Result is exactly zero despite non-zero inputs (M=2048, N=256, K=256, SampleA=0.0000, SampleB=-0.0185)
⚠️ GoffiMatMul Warning: Result is exactly zero despite non-zero inputs (M=2048, N=256, K=4080, SampleA=0.0000, SampleB=0.1456)
⚠️ GoffiMatMul Warning: Result is exactly zero despite non-zero inputs (M=2048, N=256, K=256, SampleA=0.0000, SampleB=-0.0183)
⚠️ GoffiMatMul Warning: Result is exactly zero despite non-zero inputs (M=2048, N=256, K=4080, SampleA=0.0000, SampleB=0.1457)
⚠️ GoffiMatMul Warning: Result is exactly zero despite non-zero inputs (M=2048, N=256, K=256, SampleA=0.0000, SampleB=-0.0181)
⚠️ GoffiMatMul Warning: Result is exactly zero despite non-zero inputs (M=2048, N=256, K=4080, SampleA=0.0000, SampleB=0.1457)
⚠️ GoffiMatMul Warning: Result is exactly zero despite non-zero inputs (M=2048, N=256, K=256, SampleA=0.0000, SampleB=-0.0179)
⚠️ GoffiMatMul Warning: Result is exactly zero despite non-zero inputs (M=2048, N=256, K=4080, SampleA=0.0000, SampleB=0.1458)
⚠️ GoffiMatMul Warning: Result is exactly zero despite non-zero inputs (M=2048, N=256, K=256, SampleA=0.0000, SampleB=-0.0177)
⚠️ GoffiMatMul Warning: Result is exactly zero despite non-zero inputs (M=2048, N=256, K=4080, SampleA=0.0000, SampleB=0.1458)
⚠️ GoffiMatMul Warning: Result is exactly zero despite non-zero inputs (M=2048, N=256, K=4080, SampleA=0.0000, SampleB=0.1459)
⚠️ GoffiMatMul Warning: Result is exactly zero despite non-zero inputs (M=2048, N=256, K=256, SampleA=0.0000, SampleB=-0.0173)
⚠️ GoffiMatMul Warning: Result is exactly zero despite non-zero inputs (M=2048, N=256, K=4080, SampleA=0.0000, SampleB=0.1459)
⚠️ GoffiMatMul Warning: Result is exactly zero despite non-zero inputs (M=2048, N=256, K=256, SampleA=0.0000, SampleB=-0.0172)
⚠️ GoffiMatMul Warning: Result is exactly zero despite non-zero inputs (M=2048, N=256, K=4080, SampleA=0.0000, SampleB=0.1460)
⚠️ GoffiMatMul Warning: Result is exactly zero despite non-zero inputs (M=2048, N=256, K=256, SampleA=0.0000, SampleB=-0.0170)
2026/04/18 09:48:02 mlm_training.go:590: 🎓 [MLM] Step 250 | Loss: 6.5420 (smooth: 6.3870) | PPL: 1564.1 | LR: 0.004507 | 0.1 steps/s
2026/04/18 09:48:02 mlm_training.go:775: [Intent: social]    🔍 'so [___] so' → Answer: 'far' | Predicted: .(3.7%), ?(2.1%), ,(1.7%) ❌
⚠️ GoffiMatMul Warning: Result is exactly zero despite non-zero inputs (M=2048, N=256, K=4080, SampleA=0.0000, SampleB=0.1460)
⚠️ GoffiMatMul Warning: Result is exactly zero despite non-zero inputs (M=2048, N=256, K=256, SampleA=0.0000, SampleB=-0.0168)
2026/04/18 09:48:21 mlm_training.go:569: ⏳ MLM: Step 250 in progress...
⚠️ GoffiMatMul Warning: Result is exactly zero despite non-zero inputs (M=2048, N=256, K=4080, SampleA=0.0000, SampleB=0.1461)
⚠️ GoffiMatMul Warning: Result is exactly zero despite non-zero inputs (M=2048, N=256, K=256, SampleA=0.0000, SampleB=-0.0165)
⚠️ GoffiMatMul Warning: Result is exactly zero despite non-zero inputs (M=2048, N=256, K=4080, SampleA=0.0000, SampleB=0.1462)
⚠️ GoffiMatMul Warning: Result is exactly zero despite non-zero inputs (M=2048, N=256, K=256, SampleA=0.0000, SampleB=-0.0164)
⚠️ GoffiMatMul Warning: Result is exactly zero despite non-zero inputs (M=2048, N=256, K=4080, SampleA=0.0000, SampleB=0.1462)
⚠️ GoffiMatMul Warning: Result is exactly zero despite non-zero inputs (M=2048, N=256, K=256, SampleA=0.0000, SampleB=-0.0162)
⚠️ GoffiMatMul Warning: Result is exactly zero despite non-zero inputs (M=2048, N=256, K=4080, SampleA=0.0000, SampleB=0.1463)
⚠️ GoffiMatMul Warning: Result is exactly zero despite non-zero inputs (M=2048, N=256, K=256, SampleA=0.0000, SampleB=-0.0160)
⚠️ GoffiMatMul Warning: Result is exactly zero despite non-zero inputs (M=2048, N=256, K=4080, SampleA=0.0000, SampleB=0.1464)
⚠️ GoffiMatMul Warning: Result is exactly zero despite non-zero inputs (M=2048, N=256, K=4080, SampleA=0.0000, SampleB=0.1464)
⚠️ GoffiMatMul Warning: Result is exactly zero despite non-zero inputs (M=2048, N=256, K=256, SampleA=0.0000, SampleB=-0.0158)
⚠️ GoffiMatMul Warning: Result is exactly zero despite non-zero inputs (M=2048, N=256, K=4080, SampleA=0.0000, SampleB=0.1464)
⚠️ GoffiMatMul Warning: Result is exactly zero despite non-zero inputs (M=2048, N=256, K=256, SampleA=0.0000, SampleB=-0.0156)
⚠️ GoffiMatMul Warning: Result is exactly zero despite non-zero inputs (M=2048, N=256, K=4080, SampleA=0.0000, SampleB=0.1465)
⚠️ GoffiMatMul Warning: Result is exactly zero despite non-zero inputs (M=2048, N=256, K=256, SampleA=0.0000, SampleB=-0.0155)
⚠️ GoffiMatMul Warning: Result is exactly zero despite non-zero inputs (M=2048, N=256, K=4080, SampleA=0.0000, SampleB=0.1465)
2026/04/18 09:51:31 mlm_training.go:569: ⏳ MLM: Step 260 in progress...
⚠️ GoffiMatMul Warning: Result is exactly zero despite non-zero inputs (M=2048, N=256, K=4080, SampleA=0.0000, SampleB=0.1465)
⚠️ GoffiMatMul Warning: Result is exactly zero despite non-zero inputs (M=2048, N=256, K=256, SampleA=0.0000, SampleB=-0.0154)
⚠️ GoffiMatMul Warning: Result is exactly zero despite non-zero inputs (M=2048, N=256, K=4080, SampleA=0.0000, SampleB=0.1465)
⚠️ GoffiMatMul Warning: Result is exactly zero despite non-zero inputs (M=2048, N=256, K=256, SampleA=0.0000, SampleB=-0.0153)
⚠️ GoffiMatMul Warning: Result is exactly zero despite non-zero inputs (M=2048, N=256, K=4080, SampleA=0.0000, SampleB=0.1466)
⚠️ GoffiMatMul Warning: Result is exactly zero despite non-zero inputs (M=2048, N=256, K=256, SampleA=0.0000, SampleB=-0.0152)
⚠️ GoffiMatMul Warning: Result is exactly zero despite non-zero inputs (M=2048, N=256, K=4080, SampleA=0.0000, SampleB=0.1466)
⚠️ GoffiMatMul Warning: Result is exactly zero despite non-zero inputs (M=2048, N=256, K=256, SampleA=0.0000, SampleB=-0.0152)
⚠️ GoffiMatMul Warning: Result is exactly zero despite non-zero inputs (M=2048, N=256, K=4080, SampleA=0.0000, SampleB=0.1466)
⚠️ GoffiMatMul Warning: Result is exactly zero despite non-zero inputs (M=2048, N=256, K=256, SampleA=0.0000, SampleB=-0.0151)
⚠️ GoffiMatMul Warning: Result is exactly zero despite non-zero inputs (M=2048, N=256, K=4080, SampleA=0.0000, SampleB=0.1466)
⚠️ GoffiMatMul Warning: Result is exactly zero despite non-zero inputs (M=2048, N=256, K=256, SampleA=0.0000, SampleB=-0.0150)
⚠️ GoffiMatMul Warning: Result is exactly zero despite non-zero inputs (M=2048, N=256, K=4080, SampleA=0.0000, SampleB=0.1467)
⚠️ GoffiMatMul Warning: Result is exactly zero despite non-zero inputs (M=2048, N=256, K=256, SampleA=0.0000, SampleB=-0.0149)
⚠️ GoffiMatMul Warning: Result is exactly zero despite non-zero inputs (M=2048, N=256, K=4080, SampleA=0.0000, SampleB=0.1467)
⚠️ GoffiMatMul Warning: Result is exactly zero despite non-zero inputs (M=2048, N=256, K=256, SampleA=0.0000, SampleB=-0.0148)
⚠️ GoffiMatMul Warning: Result is exactly zero despite non-zero inputs (M=544, N=256, K=4080, SampleA=0.0000, SampleB=0.1467)
⚠️ GoffiMatMul Warning: Result is exactly zero despite non-zero inputs (M=544, N=256, K=256, SampleA=0.0000, SampleB=-0.0147)
2026/04/18 09:54:08 mlm_training.go:635: 🎓 [MLM] Epoch 6/20 Complete | Avg Loss: 6.3539 | PPL: 574.7 | Batches: 45
2026/04/18 09:54:08 mlm_training.go:420: 🎓 MLM: Starting epoch 7 with 2833 sentences (Batch Size: 64)
⚠️ GoffiMatMul Warning: Result is exactly zero despite non-zero inputs (M=2048, N=256, K=4080, SampleA=0.0000, SampleB=0.1468)
⚠️ GoffiMatMul Warning: Result is exactly zero despite non-zero inputs (M=2048, N=256, K=256, SampleA=0.0000, SampleB=-0.0146)
2026/04/18 09:54:26 mlm_training.go:569: ⏳ MLM: Step 270 in progress...
⚠️ GoffiMatMul Warning: Result is exactly zero despite non-zero inputs (M=2048, N=256, K=4080, SampleA=0.0000, SampleB=0.1468)
⚠️ GoffiMatMul Warning: Result is exactly zero despite non-zero inputs (M=2048, N=256, K=256, SampleA=0.0000, SampleB=-0.0145)
⚠️ GoffiMatMul Warning: Result is exactly zero despite non-zero inputs (M=2048, N=256, K=4080, SampleA=0.0000, SampleB=0.1468)
⚠️ GoffiMatMul Warning: Result is exactly zero despite non-zero inputs (M=2048, N=256, K=256, SampleA=0.0000, SampleB=-0.0144)
⚠️ GoffiMatMul Warning: Result is exactly zero despite non-zero inputs (M=2048, N=256, K=4080, SampleA=0.0000, SampleB=0.1469)
⚠️ GoffiMatMul Warning: Result is exactly zero despite non-zero inputs (M=2048, N=256, K=4080, SampleA=0.0000, SampleB=0.1469)
⚠️ GoffiMatMul Warning: Result is exactly zero despite non-zero inputs (M=2048, N=256, K=256, SampleA=0.0000, SampleB=-0.0142)
⚠️ GoffiMatMul Warning: Result is exactly zero despite non-zero inputs (M=2048, N=256, K=4080, SampleA=0.0000, SampleB=0.1469)
⚠️ GoffiMatMul Warning: Result is exactly zero despite non-zero inputs (M=2048, N=256, K=256, SampleA=0.0000, SampleB=-0.0141)
⚠️ GoffiMatMul Warning: Result is exactly zero despite non-zero inputs (M=2048, N=256, K=4080, SampleA=0.0000, SampleB=0.1469)
⚠️ GoffiMatMul Warning: Result is exactly zero despite non-zero inputs (M=2048, N=256, K=256, SampleA=0.0000, SampleB=-0.0141)
⚠️ GoffiMatMul Warning: Result is exactly zero despite non-zero inputs (M=2048, N=256, K=4080, SampleA=0.0000, SampleB=0.1469)
⚠️ GoffiMatMul Warning: Result is exactly zero despite non-zero inputs (M=2048, N=256, K=256, SampleA=0.0000, SampleB=-0.0140)
⚠️ GoffiMatMul Warning: Result is exactly zero despite non-zero inputs (M=2048, N=256, K=4080, SampleA=0.0000, SampleB=0.1469)
⚠️ GoffiMatMul Warning: Result is exactly zero despite non-zero inputs (M=2048, N=256, K=4080, SampleA=0.0000, SampleB=0.1469)
⚠️ GoffiMatMul Warning: Result is exactly zero despite non-zero inputs (M=2048, N=256, K=256, SampleA=0.0000, SampleB=-0.0139)
2026/04/18 09:57:41 mlm_training.go:569: ⏳ MLM: Step 280 in progress...
⚠️ GoffiMatMul Warning: Result is exactly zero despite non-zero inputs (M=2048, N=256, K=4080, SampleA=0.0000, SampleB=0.1469)
⚠️ GoffiMatMul Warning: Result is exactly zero despite non-zero inputs (M=2048, N=256, K=256, SampleA=0.0000, SampleB=-0.0139)
⚠️ GoffiMatMul Warning: Result is exactly zero despite non-zero inputs (M=2048, N=256, K=4080, SampleA=0.0000, SampleB=0.1470)
⚠️ GoffiMatMul Warning: Result is exactly zero despite non-zero inputs (M=2048, N=256, K=256, SampleA=0.0000, SampleB=-0.0139)
⚠️ GoffiMatMul Warning: Result is exactly zero despite non-zero inputs (M=2048, N=256, K=4080, SampleA=0.0000, SampleB=0.1470)
⚠️ GoffiMatMul Warning: Result is exactly zero despite non-zero inputs (M=2048, N=256, K=256, SampleA=0.0000, SampleB=-0.0139)
⚠️ GoffiMatMul Warning: Result is exactly zero despite non-zero inputs (M=2048, N=256, K=4080, SampleA=0.0000, SampleB=0.1470)
⚠️ GoffiMatMul Warning: Result is exactly zero despite non-zero inputs (M=2048, N=256, K=256, SampleA=0.0000, SampleB=-0.0138)
⚠️ GoffiMatMul Warning: Result is exactly zero despite non-zero inputs (M=2048, N=256, K=4080, SampleA=0.0000, SampleB=0.1470)
⚠️ GoffiMatMul Warning: Result is exactly zero despite non-zero inputs (M=2048, N=256, K=256, SampleA=0.0000, SampleB=-0.0138)
⚠️ GoffiMatMul Warning: Result is exactly zero despite non-zero inputs (M=2048, N=256, K=4080, SampleA=0.0000, SampleB=0.1470)
⚠️ GoffiMatMul Warning: Result is exactly zero despite non-zero inputs (M=2048, N=256, K=256, SampleA=0.0000, SampleB=-0.0138)
⚠️ GoffiMatMul Warning: Result is exactly zero despite non-zero inputs (M=2048, N=256, K=4080, SampleA=0.0000, SampleB=0.1470)
⚠️ GoffiMatMul Warning: Result is exactly zero despite non-zero inputs (M=2048, N=256, K=256, SampleA=0.0000, SampleB=-0.0138)
⚠️ GoffiMatMul Warning: Result is exactly zero despite non-zero inputs (M=2048, N=256, K=4080, SampleA=0.0000, SampleB=0.1471)
⚠️ GoffiMatMul Warning: Result is exactly zero despite non-zero inputs (M=2048, N=256, K=256, SampleA=0.0000, SampleB=-0.0137)
⚠️ GoffiMatMul Warning: Result is exactly zero despite non-zero inputs (M=2048, N=256, K=4080, SampleA=0.0000, SampleB=0.1471)
⚠️ GoffiMatMul Warning: Result is exactly zero despite non-zero inputs (M=2048, N=256, K=256, SampleA=0.0000, SampleB=-0.0137)
⚠️ GoffiMatMul Warning: Result is exactly zero despite non-zero inputs (M=2048, N=256, K=4080, SampleA=0.0000, SampleB=0.1471)
⚠️ GoffiMatMul Warning: Result is exactly zero despite non-zero inputs (M=2048, N=256, K=256, SampleA=0.0000, SampleB=-0.0137)
2026/04/18 10:00:46 mlm_training.go:569: ⏳ MLM: Step 290 in progress...
⚠️ GoffiMatMul Warning: Result is exactly zero despite non-zero inputs (M=2048, N=256, K=4080, SampleA=0.0000, SampleB=0.1471)
⚠️ GoffiMatMul Warning: Result is exactly zero despite non-zero inputs (M=2048, N=256, K=256, SampleA=0.0000, SampleB=-0.0137)
⚠️ GoffiMatMul Warning: Result is exactly zero despite non-zero inputs (M=2048, N=256, K=4080, SampleA=0.0000, SampleB=0.1471)
⚠️ GoffiMatMul Warning: Result is exactly zero despite non-zero inputs (M=2048, N=256, K=256, SampleA=0.0000, SampleB=-0.0137)
⚠️ GoffiMatMul Warning: Result is exactly zero despite non-zero inputs (M=2048, N=256, K=4080, SampleA=0.0000, SampleB=0.1471)
⚠️ GoffiMatMul Warning: Result is exactly zero despite non-zero inputs (M=2048, N=256, K=256, SampleA=0.0000, SampleB=-0.0137)
⚠️ GoffiMatMul Warning: Result is exactly zero despite non-zero inputs (M=2048, N=256, K=4080, SampleA=0.0000, SampleB=0.1471)
⚠️ GoffiMatMul Warning: Result is exactly zero despite non-zero inputs (M=2048, N=256, K=256, SampleA=0.0000, SampleB=-0.0137)
⚠️ GoffiMatMul Warning: Result is exactly zero despite non-zero inputs (M=2048, N=256, K=4080, SampleA=0.0000, SampleB=0.1471)
⚠️ GoffiMatMul Warning: Result is exactly zero despite non-zero inputs (M=2048, N=256, K=256, SampleA=0.0000, SampleB=-0.0136)
⚠️ GoffiMatMul Warning: Result is exactly zero despite non-zero inputs (M=2048, N=256, K=4080, SampleA=0.0000, SampleB=0.1472)
⚠️ GoffiMatMul Warning: Result is exactly zero despite non-zero inputs (M=2048, N=256, K=4080, SampleA=0.0000, SampleB=0.1472)
⚠️ GoffiMatMul Warning: Result is exactly zero despite non-zero inputs (M=2048, N=256, K=256, SampleA=0.0000, SampleB=-0.0136)
⚠️ GoffiMatMul Warning: Result is exactly zero despite non-zero inputs (M=2048, N=256, K=4080, SampleA=0.0000, SampleB=0.1472)
⚠️ GoffiMatMul Warning: Result is exactly zero despite non-zero inputs (M=2048, N=256, K=256, SampleA=0.0000, SampleB=-0.0136)
2026/04/18 10:03:46 mlm_training.go:590: 🎓 [MLM] Step 300 | Loss: 6.3328 (smooth: 6.2542) | PPL: 1459.7 | LR: 0.004174 | 0.1 steps/s
2026/04/18 10:03:46 mlm_training.go:775: [Intent: social]    🔍 '" [___] skill' → Answer: 'soft' | Predicted: .(4.5%), ?(2.6%), you(2.0%) ❌
⚠️ GoffiMatMul Warning: Result is exactly zero despite non-zero inputs (M=2048, N=256, K=4080, SampleA=0.0000, SampleB=0.1472)
2026/04/18 10:04:04 mlm_training.go:569: ⏳ MLM: Step 300 in progress...
⚠️ GoffiMatMul Warning: Result is exactly zero despite non-zero inputs (M=2048, N=256, K=4080, SampleA=0.0000, SampleB=0.1472)
⚠️ GoffiMatMul Warning: Result is exactly zero despite non-zero inputs (M=2048, N=256, K=256, SampleA=0.0000, SampleB=-0.0136)
⚠️ GoffiMatMul Warning: Result is exactly zero despite non-zero inputs (M=2048, N=256, K=4080, SampleA=0.0000, SampleB=0.1472)
⚠️ GoffiMatMul Warning: Result is exactly zero despite non-zero inputs (M=2048, N=256, K=4080, SampleA=0.0000, SampleB=0.1473)
⚠️ GoffiMatMul Warning: Result is exactly zero despite non-zero inputs (M=2048, N=256, K=256, SampleA=0.0000, SampleB=-0.0135)
⚠️ GoffiMatMul Warning: Result is exactly zero despite non-zero inputs (M=2048, N=256, K=4080, SampleA=0.0000, SampleB=0.1473)
⚠️ GoffiMatMul Warning: Result is exactly zero despite non-zero inputs (M=2048, N=256, K=256, SampleA=0.0000, SampleB=-0.0135)
⚠️ GoffiMatMul Warning: Result is exactly zero despite non-zero inputs (M=2048, N=256, K=4080, SampleA=0.0000, SampleB=0.1473)
⚠️ GoffiMatMul Warning: Result is exactly zero despite non-zero inputs (M=2048, N=256, K=4080, SampleA=0.0000, SampleB=0.1473)
⚠️ GoffiMatMul Warning: Result is exactly zero despite non-zero inputs (M=2048, N=256, K=256, SampleA=0.0000, SampleB=-0.0135)
⚠️ GoffiMatMul Warning: Result is exactly zero despite non-zero inputs (M=2048, N=256, K=4080, SampleA=0.0000, SampleB=0.1473)
⚠️ GoffiMatMul Warning: Result is exactly zero despite non-zero inputs (M=2048, N=256, K=256, SampleA=0.0000, SampleB=-0.0135)
⚠️ GoffiMatMul Warning: Result is exactly zero despite non-zero inputs (M=2048, N=256, K=4080, SampleA=0.0000, SampleB=0.1473)
⚠️ GoffiMatMul Warning: Result is exactly zero despite non-zero inputs (M=2048, N=256, K=256, SampleA=0.0000, SampleB=-0.0135)
⚠️ GoffiMatMul Warning: Result is exactly zero despite non-zero inputs (M=2048, N=256, K=4080, SampleA=0.0000, SampleB=0.1473)
⚠️ GoffiMatMul Warning: Result is exactly zero despite non-zero inputs (M=2048, N=256, K=256, SampleA=0.0000, SampleB=-0.0135)
2026/04/18 10:06:47 mlm_training.go:569: ⏳ MLM: Step 310 in progress...
⚠️ GoffiMatMul Warning: Result is exactly zero despite non-zero inputs (M=2048, N=256, K=4080, SampleA=0.0000, SampleB=0.1473)
⚠️ GoffiMatMul Warning: Result is exactly zero despite non-zero inputs (M=2048, N=256, K=256, SampleA=0.0000, SampleB=-0.0134)
⚠️ GoffiMatMul Warning: Result is exactly zero despite non-zero inputs (M=2048, N=256, K=4080, SampleA=0.0000, SampleB=0.1473)
⚠️ GoffiMatMul Warning: Result is exactly zero despite non-zero inputs (M=2048, N=256, K=256, SampleA=0.0000, SampleB=-0.0134)
⚠️ GoffiMatMul Warning: Result is exactly zero despite non-zero inputs (M=2048, N=256, K=4080, SampleA=0.0000, SampleB=0.1473)
⚠️ GoffiMatMul Warning: Result is exactly zero despite non-zero inputs (M=2048, N=256, K=256, SampleA=0.0000, SampleB=-0.0134)
⚠️ GoffiMatMul Warning: Result is exactly zero despite non-zero inputs (M=493, N=256, K=4080, SampleA=0.0000, SampleB=0.1473)
⚠️ GoffiMatMul Warning: Result is exactly zero despite non-zero inputs (M=493, N=256, K=256, SampleA=0.0000, SampleB=-0.0134)
2026/04/18 10:07:38 mlm_training.go:635: 🎓 [MLM] Epoch 7/20 Complete | Avg Loss: 6.2250 | PPL: 505.2 | Batches: 45
2026/04/18 10:07:38 mlm_training.go:420: 🎓 MLM: Starting epoch 8 with 2833 sentences (Batch Size: 64)
⚠️ GoffiMatMul Warning: Result is exactly zero despite non-zero inputs (M=2048, N=256, K=4080, SampleA=0.0000, SampleB=0.1473)
⚠️ GoffiMatMul Warning: Result is exactly zero despite non-zero inputs (M=2048, N=256, K=256, SampleA=0.0000, SampleB=-0.0134)
⚠️ GoffiMatMul Warning: Result is exactly zero despite non-zero inputs (M=2048, N=256, K=4080, SampleA=0.0000, SampleB=0.1473)
⚠️ GoffiMatMul Warning: Result is exactly zero despite non-zero inputs (M=2048, N=256, K=256, SampleA=0.0000, SampleB=-0.0134)
⚠️ GoffiMatMul Warning: Result is exactly zero despite non-zero inputs (M=2048, N=256, K=4080, SampleA=0.0000, SampleB=0.1474)
⚠️ GoffiMatMul Warning: Result is exactly zero despite non-zero inputs (M=2048, N=256, K=256, SampleA=0.0000, SampleB=-0.0134)
⚠️ GoffiMatMul Warning: Result is exactly zero despite non-zero inputs (M=2048, N=256, K=4080, SampleA=0.0000, SampleB=0.1474)
⚠️ GoffiMatMul Warning: Result is exactly zero despite non-zero inputs (M=2048, N=256, K=4080, SampleA=0.0000, SampleB=0.1474)
⚠️ GoffiMatMul Warning: Result is exactly zero despite non-zero inputs (M=2048, N=256, K=256, SampleA=0.0000, SampleB=-0.0133)
2026/04/18 10:09:10 mlm_training.go:569: ⏳ MLM: Step 320 in progress...
⚠️ GoffiMatMul Warning: Result is exactly zero despite non-zero inputs (M=2048, N=256, K=4080, SampleA=0.0000, SampleB=0.1474)
⚠️ GoffiMatMul Warning: Result is exactly zero despite non-zero inputs (M=2048, N=256, K=256, SampleA=0.0000, SampleB=-0.0133)
⚠️ GoffiMatMul Warning: Result is exactly zero despite non-zero inputs (M=2048, N=256, K=4080, SampleA=0.0000, SampleB=0.1474)
⚠️ GoffiMatMul Warning: Result is exactly zero despite non-zero inputs (M=2048, N=256, K=256, SampleA=0.0000, SampleB=-0.0133)
⚠️ GoffiMatMul Warning: Result is exactly zero despite non-zero inputs (M=2048, N=256, K=4080, SampleA=0.0000, SampleB=0.1474)
⚠️ GoffiMatMul Warning: Result is exactly zero despite non-zero inputs (M=2048, N=256, K=256, SampleA=0.0000, SampleB=-0.0133)
⚠️ GoffiMatMul Warning: Result is exactly zero despite non-zero inputs (M=2048, N=256, K=4080, SampleA=0.0000, SampleB=0.1474)
⚠️ GoffiMatMul Warning: Result is exactly zero despite non-zero inputs (M=2048, N=256, K=4080, SampleA=0.0000, SampleB=0.1474)
⚠️ GoffiMatMul Warning: Result is exactly zero despite non-zero inputs (M=2048, N=256, K=256, SampleA=0.0000, SampleB=-0.0132)
⚠️ GoffiMatMul Warning: Result is exactly zero despite non-zero inputs (M=2048, N=256, K=4080, SampleA=0.0000, SampleB=0.1475)
⚠️ GoffiMatMul Warning: Result is exactly zero despite non-zero inputs (M=2048, N=256, K=256, SampleA=0.0000, SampleB=-0.0131)
⚠️ GoffiMatMul Warning: Result is exactly zero despite non-zero inputs (M=2048, N=256, K=4080, SampleA=0.0000, SampleB=0.1475)
⚠️ GoffiMatMul Warning: Result is exactly zero despite non-zero inputs (M=2048, N=256, K=256, SampleA=0.0000, SampleB=-0.0130)
⚠️ GoffiMatMul Warning: Result is exactly zero despite non-zero inputs (M=2048, N=256, K=4080, SampleA=0.0000, SampleB=0.1475)
⚠️ GoffiMatMul Warning: Result is exactly zero despite non-zero inputs (M=2048, N=256, K=256, SampleA=0.0000, SampleB=-0.0130)
⚠️ GoffiMatMul Warning: Result is exactly zero despite non-zero inputs (M=2048, N=256, K=4080, SampleA=0.0000, SampleB=0.1475)
⚠️ GoffiMatMul Warning: Result is exactly zero despite non-zero inputs (M=2048, N=256, K=256, SampleA=0.0000, SampleB=-0.0129)
⚠️ GoffiMatMul Warning: Result is exactly zero despite non-zero inputs (M=2048, N=256, K=4080, SampleA=0.0000, SampleB=0.1476)
⚠️ GoffiMatMul Warning: Result is exactly zero despite non-zero inputs (M=2048, N=256, K=256, SampleA=0.0000, SampleB=-0.0129)
2026/04/18 10:11:43 mlm_training.go:569: ⏳ MLM: Step 330 in progress...
⚠️ GoffiMatMul Warning: Result is exactly zero despite non-zero inputs (M=2048, N=256, K=4080, SampleA=0.0000, SampleB=0.1476)
⚠️ GoffiMatMul Warning: Result is exactly zero despite non-zero inputs (M=2048, N=256, K=256, SampleA=0.0000, SampleB=-0.0128)
⚠️ GoffiMatMul Warning: Result is exactly zero despite non-zero inputs (M=2048, N=256, K=4080, SampleA=0.0000, SampleB=0.1476)
⚠️ GoffiMatMul Warning: Result is exactly zero despite non-zero inputs (M=2048, N=256, K=256, SampleA=0.0000, SampleB=-0.0128)
⚠️ GoffiMatMul Warning: Result is exactly zero despite non-zero inputs (M=2048, N=256, K=4080, SampleA=0.0000, SampleB=0.1476)
⚠️ GoffiMatMul Warning: Result is exactly zero despite non-zero inputs (M=2048, N=256, K=256, SampleA=0.0000, SampleB=-0.0127)
⚠️ GoffiMatMul Warning: Result is exactly zero despite non-zero inputs (M=2048, N=256, K=4080, SampleA=0.0000, SampleB=0.1476)
⚠️ GoffiMatMul Warning: Result is exactly zero despite non-zero inputs (M=2048, N=256, K=256, SampleA=0.0000, SampleB=-0.0127)
⚠️ GoffiMatMul Warning: Result is exactly zero despite non-zero inputs (M=2048, N=256, K=4080, SampleA=0.0000, SampleB=0.1477)
⚠️ GoffiMatMul Warning: Result is exactly zero despite non-zero inputs (M=2048, N=256, K=256, SampleA=0.0000, SampleB=-0.0126)
⚠️ GoffiMatMul Warning: Result is exactly zero despite non-zero inputs (M=2048, N=256, K=4080, SampleA=0.0000, SampleB=0.1477)
⚠️ GoffiMatMul Warning: Result is exactly zero despite non-zero inputs (M=2048, N=256, K=256, SampleA=0.0000, SampleB=-0.0126)
⚠️ GoffiMatMul Warning: Result is exactly zero despite non-zero inputs (M=2048, N=256, K=4080, SampleA=0.0000, SampleB=0.1477)
⚠️ GoffiMatMul Warning: Result is exactly zero despite non-zero inputs (M=2048, N=256, K=4080, SampleA=0.0000, SampleB=0.1477)
⚠️ GoffiMatMul Warning: Result is exactly zero despite non-zero inputs (M=2048, N=256, K=256, SampleA=0.0000, SampleB=-0.0125)
⚠️ GoffiMatMul Warning: Result is exactly zero despite non-zero inputs (M=2048, N=256, K=4080, SampleA=0.0000, SampleB=0.1477)
⚠️ GoffiMatMul Warning: Result is exactly zero despite non-zero inputs (M=2048, N=256, K=256, SampleA=0.0000, SampleB=-0.0125)
⚠️ GoffiMatMul Warning: Result is exactly zero despite non-zero inputs (M=2048, N=256, K=4080, SampleA=0.0000, SampleB=0.1477)
⚠️ GoffiMatMul Warning: Result is exactly zero despite non-zero inputs (M=2048, N=256, K=256, SampleA=0.0000, SampleB=-0.0124)
2026/04/18 10:14:15 mlm_training.go:569: ⏳ MLM: Step 340 in progress...
⚠️ GoffiMatMul Warning: Result is exactly zero despite non-zero inputs (M=2048, N=256, K=4080, SampleA=0.0000, SampleB=0.1478)
⚠️ GoffiMatMul Warning: Result is exactly zero despite non-zero inputs (M=2048, N=256, K=256, SampleA=0.0000, SampleB=-0.0124)
⚠️ GoffiMatMul Warning: Result is exactly zero despite non-zero inputs (M=2048, N=256, K=4080, SampleA=0.0000, SampleB=0.1478)
⚠️ GoffiMatMul Warning: Result is exactly zero despite non-zero inputs (M=2048, N=256, K=256, SampleA=0.0000, SampleB=-0.0124)
⚠️ GoffiMatMul Warning: Result is exactly zero despite non-zero inputs (M=2048, N=256, K=4080, SampleA=0.0000, SampleB=0.1478)
⚠️ GoffiMatMul Warning: Result is exactly zero despite non-zero inputs (M=2048, N=256, K=256, SampleA=0.0000, SampleB=-0.0124)
⚠️ GoffiMatMul Warning: Result is exactly zero despite non-zero inputs (M=2048, N=256, K=4080, SampleA=0.0000, SampleB=0.1478)
⚠️ GoffiMatMul Warning: Result is exactly zero despite non-zero inputs (M=2048, N=256, K=256, SampleA=0.0000, SampleB=-0.0123)
⚠️ GoffiMatMul Warning: Result is exactly zero despite non-zero inputs (M=2048, N=256, K=4080, SampleA=0.0000, SampleB=0.1478)
⚠️ GoffiMatMul Warning: Result is exactly zero despite non-zero inputs (M=2048, N=256, K=256, SampleA=0.0000, SampleB=-0.0123)
⚠️ GoffiMatMul Warning: Result is exactly zero despite non-zero inputs (M=2048, N=256, K=4080, SampleA=0.0000, SampleB=0.1478)
⚠️ GoffiMatMul Warning: Result is exactly zero despite non-zero inputs (M=2048, N=256, K=256, SampleA=0.0000, SampleB=-0.0123)
⚠️ GoffiMatMul Warning: Result is exactly zero despite non-zero inputs (M=2048, N=256, K=4080, SampleA=0.0000, SampleB=0.1479)
⚠️ GoffiMatMul Warning: Result is exactly zero despite non-zero inputs (M=2048, N=256, K=256, SampleA=0.0000, SampleB=-0.0122)
⚠️ GoffiMatMul Warning: Result is exactly zero despite non-zero inputs (M=2048, N=256, K=4080, SampleA=0.0000, SampleB=0.1479)
⚠️ GoffiMatMul Warning: Result is exactly zero despite non-zero inputs (M=2048, N=256, K=256, SampleA=0.0000, SampleB=-0.0122)
⚠️ GoffiMatMul Warning: Result is exactly zero despite non-zero inputs (M=2048, N=256, K=4080, SampleA=0.0000, SampleB=0.1479)
⚠️ GoffiMatMul Warning: Result is exactly zero despite non-zero inputs (M=2048, N=256, K=256, SampleA=0.0000, SampleB=-0.0122)
2026/04/18 10:16:37 mlm_training.go:590: 🎓 [MLM] Step 350 | Loss: 5.9346 (smooth: 6.1355) | PPL: 1360.0 | LR: 0.003776 | 0.1 steps/s
2026/04/18 10:16:38 mlm_training.go:775: [Intent: social]    🔍 'savings [___] sponsored' → Answer: 'plan' | Predicted: .(5.0%), ?(3.2%), to(2.1%) ❌
⚠️ GoffiMatMul Warning: Result is exactly zero despite non-zero inputs (M=2048, N=256, K=4080, SampleA=0.0000, SampleB=0.1479)
⚠️ GoffiMatMul Warning: Result is exactly zero despite non-zero inputs (M=2048, N=256, K=256, SampleA=0.0000, SampleB=-0.0121)
2026/04/18 10:16:53 mlm_training.go:569: ⏳ MLM: Step 350 in progress...
⚠️ GoffiMatMul Warning: Result is exactly zero despite non-zero inputs (M=2048, N=256, K=4080, SampleA=0.0000, SampleB=0.1480)
⚠️ GoffiMatMul Warning: Result is exactly zero despite non-zero inputs (M=2048, N=256, K=256, SampleA=0.0000, SampleB=-0.0121)
⚠️ GoffiMatMul Warning: Result is exactly zero despite non-zero inputs (M=2048, N=256, K=4080, SampleA=0.0000, SampleB=0.1480)
⚠️ GoffiMatMul Warning: Result is exactly zero despite non-zero inputs (M=2048, N=256, K=256, SampleA=0.0000, SampleB=-0.0120)
⚠️ GoffiMatMul Warning: Result is exactly zero despite non-zero inputs (M=2048, N=256, K=4080, SampleA=0.0000, SampleB=0.1480)
⚠️ GoffiMatMul Warning: Result is exactly zero despite non-zero inputs (M=2048, N=256, K=256, SampleA=0.0000, SampleB=-0.0120)
⚠️ GoffiMatMul Warning: Result is exactly zero despite non-zero inputs (M=2048, N=256, K=4080, SampleA=0.0000, SampleB=0.1480)
⚠️ GoffiMatMul Warning: Result is exactly zero despite non-zero inputs (M=2048, N=256, K=256, SampleA=0.0000, SampleB=-0.0120)
⚠️ GoffiMatMul Warning: Result is exactly zero despite non-zero inputs (M=2048, N=256, K=4080, SampleA=0.0000, SampleB=0.1480)
⚠️ GoffiMatMul Warning: Result is exactly zero despite non-zero inputs (M=2048, N=256, K=256, SampleA=0.0000, SampleB=-0.0120)
⚠️ GoffiMatMul Warning: Result is exactly zero despite non-zero inputs (M=527, N=256, K=4080, SampleA=0.0000, SampleB=0.1480)
⚠️ GoffiMatMul Warning: Result is exactly zero despite non-zero inputs (M=527, N=256, K=256, SampleA=0.0000, SampleB=-0.0120)
2026/04/18 10:19:07 mlm_training.go:635: 🎓 [MLM] Epoch 8/20 Complete | Avg Loss: 6.1749 | PPL: 480.6 | Batches: 45
2026/04/18 10:19:07 mlm_training.go:420: 🎓 MLM: Starting epoch 9 with 2833 sentences (Batch Size: 64)
⚠️ GoffiMatMul Warning: Result is exactly zero despite non-zero inputs (M=2048, N=256, K=4080, SampleA=0.0000, SampleB=0.1480)
⚠️ GoffiMatMul Warning: Result is exactly zero despite non-zero inputs (M=2048, N=256, K=256, SampleA=0.0000, SampleB=-0.0119)
2026/04/18 10:19:22 mlm_training.go:569: ⏳ MLM: Step 360 in progress...
⚠️ GoffiMatMul Warning: Result is exactly zero despite non-zero inputs (M=2048, N=256, K=4080, SampleA=0.0000, SampleB=0.1481)
⚠️ GoffiMatMul Warning: Result is exactly zero despite non-zero inputs (M=2048, N=256, K=256, SampleA=0.0000, SampleB=-0.0119)
⚠️ GoffiMatMul Warning: Result is exactly zero despite non-zero inputs (M=2048, N=256, K=4080, SampleA=0.0000, SampleB=0.1481)
⚠️ GoffiMatMul Warning: Result is exactly zero despite non-zero inputs (M=2048, N=256, K=256, SampleA=0.0000, SampleB=-0.0119)
⚠️ GoffiMatMul Warning: Result is exactly zero despite non-zero inputs (M=2048, N=256, K=4080, SampleA=0.0000, SampleB=0.1481)
⚠️ GoffiMatMul Warning: Result is exactly zero despite non-zero inputs (M=2048, N=256, K=256, SampleA=0.0000, SampleB=-0.0119)
⚠️ GoffiMatMul Warning: Result is exactly zero despite non-zero inputs (M=2048, N=256, K=4080, SampleA=0.0000, SampleB=0.1481)
⚠️ GoffiMatMul Warning: Result is exactly zero despite non-zero inputs (M=2048, N=256, K=256, SampleA=0.0000, SampleB=-0.0119)
⚠️ GoffiMatMul Warning: Result is exactly zero despite non-zero inputs (M=2048, N=256, K=4080, SampleA=0.0000, SampleB=0.1481)
⚠️ GoffiMatMul Warning: Result is exactly zero despite non-zero inputs (M=2048, N=256, K=256, SampleA=0.0000, SampleB=-0.0119)
⚠️ GoffiMatMul Warning: Result is exactly zero despite non-zero inputs (M=2048, N=256, K=4080, SampleA=0.0000, SampleB=0.1481)
⚠️ GoffiMatMul Warning: Result is exactly zero despite non-zero inputs (M=2048, N=256, K=256, SampleA=0.0000, SampleB=-0.0118)
⚠️ GoffiMatMul Warning: Result is exactly zero despite non-zero inputs (M=2048, N=256, K=4080, SampleA=0.0000, SampleB=0.1481)
⚠️ GoffiMatMul Warning: Result is exactly zero despite non-zero inputs (M=2048, N=256, K=256, SampleA=0.0000, SampleB=-0.0118)
⚠️ GoffiMatMul Warning: Result is exactly zero despite non-zero inputs (M=2048, N=256, K=4080, SampleA=0.0000, SampleB=0.1481)
⚠️ GoffiMatMul Warning: Result is exactly zero despite non-zero inputs (M=2048, N=256, K=256, SampleA=0.0000, SampleB=-0.0118)
⚠️ GoffiMatMul Warning: Result is exactly zero despite non-zero inputs (M=2048, N=256, K=4080, SampleA=0.0000, SampleB=0.1481)
⚠️ GoffiMatMul Warning: Result is exactly zero despite non-zero inputs (M=2048, N=256, K=256, SampleA=0.0000, SampleB=-0.0117)
⚠️ GoffiMatMul Warning: Result is exactly zero despite non-zero inputs (M=2048, N=256, K=4080, SampleA=0.0000, SampleB=0.1481)
2026/04/18 10:21:56 mlm_training.go:569: ⏳ MLM: Step 370 in progress...
⚠️ GoffiMatMul Warning: Result is exactly zero despite non-zero inputs (M=2048, N=256, K=4080, SampleA=0.0000, SampleB=0.1482)
⚠️ GoffiMatMul Warning: Result is exactly zero despite non-zero inputs (M=2048, N=256, K=256, SampleA=0.0000, SampleB=-0.0117)
⚠️ GoffiMatMul Warning: Result is exactly zero despite non-zero inputs (M=2048, N=256, K=4080, SampleA=0.0000, SampleB=0.1482)
⚠️ GoffiMatMul Warning: Result is exactly zero despite non-zero inputs (M=2048, N=256, K=256, SampleA=0.0000, SampleB=-0.0117)
⚠️ GoffiMatMul Warning: Result is exactly zero despite non-zero inputs (M=2048, N=256, K=4080, SampleA=0.0000, SampleB=0.1482)
⚠️ GoffiMatMul Warning: Result is exactly zero despite non-zero inputs (M=2048, N=256, K=256, SampleA=0.0000, SampleB=-0.0117)
⚠️ GoffiMatMul Warning: Result is exactly zero despite non-zero inputs (M=1792, N=256, K=4080, SampleA=0.0000, SampleB=0.1482)
⚠️ GoffiMatMul Warning: Result is exactly zero despite non-zero inputs (M=2048, N=256, K=4080, SampleA=0.0000, SampleB=0.1482)
⚠️ GoffiMatMul Warning: Result is exactly zero despite non-zero inputs (M=2048, N=256, K=256, SampleA=0.0000, SampleB=-0.0116)
⚠️ GoffiMatMul Warning: Result is exactly zero despite non-zero inputs (M=2048, N=256, K=4080, SampleA=0.0000, SampleB=0.1482)
⚠️ GoffiMatMul Warning: Result is exactly zero despite non-zero inputs (M=2048, N=256, K=256, SampleA=0.0000, SampleB=-0.0116)
⚠️ GoffiMatMul Warning: Result is exactly zero despite non-zero inputs (M=2048, N=256, K=4080, SampleA=0.0000, SampleB=0.1482)
⚠️ GoffiMatMul Warning: Result is exactly zero despite non-zero inputs (M=2048, N=256, K=256, SampleA=0.0000, SampleB=-0.0116)
2026/04/18 10:24:24 mlm_training.go:569: ⏳ MLM: Step 380 in progress...
⚠️ GoffiMatMul Warning: Result is exactly zero despite non-zero inputs (M=2048, N=256, K=4080, SampleA=0.0000, SampleB=0.1482)
⚠️ GoffiMatMul Warning: Result is exactly zero despite non-zero inputs (M=2048, N=256, K=4080, SampleA=0.0000, SampleB=0.1482)
⚠️ GoffiMatMul Warning: Result is exactly zero despite non-zero inputs (M=2048, N=256, K=256, SampleA=0.0000, SampleB=-0.0116)
⚠️ GoffiMatMul Warning: Result is exactly zero despite non-zero inputs (M=2048, N=256, K=4080, SampleA=0.0000, SampleB=0.1482)
⚠️ GoffiMatMul Warning: Result is exactly zero despite non-zero inputs (M=2048, N=256, K=256, SampleA=0.0000, SampleB=-0.0116)
⚠️ GoffiMatMul Warning: Result is exactly zero despite non-zero inputs (M=2048, N=256, K=4080, SampleA=0.0000, SampleB=0.1482)
⚠️ GoffiMatMul Warning: Result is exactly zero despite non-zero inputs (M=2048, N=256, K=256, SampleA=0.0000, SampleB=-0.0116)
⚠️ GoffiMatMul Warning: Result is exactly zero despite non-zero inputs (M=2048, N=256, K=4080, SampleA=0.0000, SampleB=0.1482)
⚠️ GoffiMatMul Warning: Result is exactly zero despite non-zero inputs (M=2048, N=256, K=256, SampleA=0.0000, SampleB=-0.0116)
⚠️ GoffiMatMul Warning: Result is exactly zero despite non-zero inputs (M=2048, N=256, K=4080, SampleA=0.0000, SampleB=0.1482)
⚠️ GoffiMatMul Warning: Result is exactly zero despite non-zero inputs (M=2048, N=256, K=256, SampleA=0.0000, SampleB=-0.0116)
⚠️ GoffiMatMul Warning: Result is exactly zero despite non-zero inputs (M=2048, N=256, K=4080, SampleA=0.0000, SampleB=0.1482)
⚠️ GoffiMatMul Warning: Result is exactly zero despite non-zero inputs (M=2048, N=256, K=256, SampleA=0.0000, SampleB=-0.0116)
⚠️ GoffiMatMul Warning: Result is exactly zero despite non-zero inputs (M=2048, N=256, K=4080, SampleA=0.0000, SampleB=0.1483)
⚠️ GoffiMatMul Warning: Result is exactly zero despite non-zero inputs (M=2048, N=256, K=256, SampleA=0.0000, SampleB=-0.0115)
⚠️ GoffiMatMul Warning: Result is exactly zero despite non-zero inputs (M=2048, N=256, K=4080, SampleA=0.0000, SampleB=0.1483)
⚠️ GoffiMatMul Warning: Result is exactly zero despite non-zero inputs (M=2048, N=256, K=4080, SampleA=0.0000, SampleB=0.1483)
⚠️ GoffiMatMul Warning: Result is exactly zero despite non-zero inputs (M=2048, N=256, K=256, SampleA=0.0000, SampleB=-0.0115)
2026/04/18 10:27:02 mlm_training.go:569: ⏳ MLM: Step 390 in progress...
⚠️ GoffiMatMul Warning: Result is exactly zero despite non-zero inputs (M=2048, N=256, K=4080, SampleA=0.0000, SampleB=0.1483)
⚠️ GoffiMatMul Warning: Result is exactly zero despite non-zero inputs (M=2048, N=256, K=256, SampleA=0.0000, SampleB=-0.0115)
⚠️ GoffiMatMul Warning: Result is exactly zero despite non-zero inputs (M=1856, N=256, K=4080, SampleA=0.0000, SampleB=0.1483)
⚠️ GoffiMatMul Warning: Result is exactly zero despite non-zero inputs (M=1856, N=256, K=256, SampleA=0.0000, SampleB=-0.0115)
⚠️ GoffiMatMul Warning: Result is exactly zero despite non-zero inputs (M=2048, N=256, K=4080, SampleA=0.0000, SampleB=0.1483)
⚠️ GoffiMatMul Warning: Result is exactly zero despite non-zero inputs (M=2048, N=256, K=256, SampleA=0.0000, SampleB=-0.0115)
⚠️ GoffiMatMul Warning: Result is exactly zero despite non-zero inputs (M=2048, N=256, K=4080, SampleA=0.0000, SampleB=0.1483)
⚠️ GoffiMatMul Warning: Result is exactly zero despite non-zero inputs (M=2048, N=256, K=256, SampleA=0.0000, SampleB=-0.0115)
⚠️ GoffiMatMul Warning: Result is exactly zero despite non-zero inputs (M=2048, N=256, K=4080, SampleA=0.0000, SampleB=0.1483)
⚠️ GoffiMatMul Warning: Result is exactly zero despite non-zero inputs (M=2048, N=256, K=256, SampleA=0.0000, SampleB=-0.0114)
⚠️ GoffiMatMul Warning: Result is exactly zero despite non-zero inputs (M=2048, N=256, K=4080, SampleA=0.0000, SampleB=0.1483)
⚠️ GoffiMatMul Warning: Result is exactly zero despite non-zero inputs (M=2048, N=256, K=256, SampleA=0.0000, SampleB=-0.0114)
⚠️ GoffiMatMul Warning: Result is exactly zero despite non-zero inputs (M=2048, N=256, K=4080, SampleA=0.0000, SampleB=0.1483)
⚠️ GoffiMatMul Warning: Result is exactly zero despite non-zero inputs (M=2048, N=256, K=256, SampleA=0.0000, SampleB=-0.0114)
2026/04/18 10:29:19 mlm_training.go:590: 🎓 [MLM] Step 400 | Loss: 6.6731 (smooth: 6.1575) | PPL: 1271.2 | LR: 0.003327 | 0.1 steps/s
2026/04/18 10:29:19 mlm_training.go:775: [Intent: social]    🔍 'what [___] a' → Answer: 'is' | Predicted: .(5.1%), ?(3.4%), a(2.2%) ❌
⚠️ GoffiMatMul Warning: Result is exactly zero despite non-zero inputs (M=2048, N=256, K=4080, SampleA=0.0000, SampleB=0.1483)
⚠️ GoffiMatMul Warning: Result is exactly zero despite non-zero inputs (M=2048, N=256, K=256, SampleA=0.0000, SampleB=-0.0114)
2026/04/18 10:29:35 mlm_training.go:569: ⏳ MLM: Step 400 in progress...
⚠️ GoffiMatMul Warning: Result is exactly zero despite non-zero inputs (M=2048, N=256, K=4080, SampleA=0.0000, SampleB=0.1483)
⚠️ GoffiMatMul Warning: Result is exactly zero despite non-zero inputs (M=2048, N=256, K=256, SampleA=0.0000, SampleB=-0.0113)
⚠️ GoffiMatMul Warning: Result is exactly zero despite non-zero inputs (M=2048, N=256, K=4080, SampleA=0.0000, SampleB=0.1483)
⚠️ GoffiMatMul Warning: Result is exactly zero despite non-zero inputs (M=2048, N=256, K=256, SampleA=0.0000, SampleB=-0.0113)
⚠️ GoffiMatMul Warning: Result is exactly zero despite non-zero inputs (M=2048, N=256, K=4080, SampleA=0.0000, SampleB=0.1483)
⚠️ GoffiMatMul Warning: Result is exactly zero despite non-zero inputs (M=544, N=256, K=4080, SampleA=0.0000, SampleB=0.1483)
⚠️ GoffiMatMul Warning: Result is exactly zero despite non-zero inputs (M=544, N=256, K=256, SampleA=0.0000, SampleB=-0.0113)
2026/04/18 10:30:27 mlm_training.go:635: 🎓 [MLM] Epoch 9/20 Complete | Avg Loss: 6.1371 | PPL: 462.7 | Batches: 45
2026/04/18 10:30:27 mlm_training.go:420: 🎓 MLM: Starting epoch 10 with 2833 sentences (Batch Size: 64)
⚠️ GoffiMatMul Warning: Result is exactly zero despite non-zero inputs (M=2048, N=256, K=4080, SampleA=0.0000, SampleB=0.1483)
⚠️ GoffiMatMul Warning: Result is exactly zero despite non-zero inputs (M=2048, N=256, K=256, SampleA=0.0000, SampleB=-0.0113)
⚠️ GoffiMatMul Warning: Result is exactly zero despite non-zero inputs (M=2048, N=256, K=4080, SampleA=0.0000, SampleB=0.1483)
⚠️ GoffiMatMul Warning: Result is exactly zero despite non-zero inputs (M=2048, N=256, K=256, SampleA=0.0000, SampleB=-0.0113)
⚠️ GoffiMatMul Warning: Result is exactly zero despite non-zero inputs (M=2048, N=256, K=4080, SampleA=0.0000, SampleB=0.1483)
⚠️ GoffiMatMul Warning: Result is exactly zero despite non-zero inputs (M=2048, N=256, K=256, SampleA=0.0000, SampleB=-0.0113)
⚠️ GoffiMatMul Warning: Result is exactly zero despite non-zero inputs (M=2048, N=256, K=4080, SampleA=0.0000, SampleB=0.1483)
⚠️ GoffiMatMul Warning: Result is exactly zero despite non-zero inputs (M=2048, N=256, K=256, SampleA=0.0000, SampleB=-0.0113)
⚠️ GoffiMatMul Warning: Result is exactly zero despite non-zero inputs (M=2048, N=256, K=4080, SampleA=0.0000, SampleB=0.1483)
⚠️ GoffiMatMul Warning: Result is exactly zero despite non-zero inputs (M=2048, N=256, K=256, SampleA=0.0000, SampleB=-0.0113)
⚠️ GoffiMatMul Warning: Result is exactly zero despite non-zero inputs (M=2048, N=256, K=4080, SampleA=0.0000, SampleB=0.1483)
⚠️ GoffiMatMul Warning: Result is exactly zero despite non-zero inputs (M=2048, N=256, K=256, SampleA=0.0000, SampleB=-0.0113)
2026/04/18 10:32:03 mlm_training.go:569: ⏳ MLM: Step 410 in progress...
⚠️ GoffiMatMul Warning: Result is exactly zero despite non-zero inputs (M=2048, N=256, K=4080, SampleA=0.0000, SampleB=0.1483)
⚠️ GoffiMatMul Warning: Result is exactly zero despite non-zero inputs (M=2048, N=256, K=256, SampleA=0.0000, SampleB=-0.0113)
⚠️ GoffiMatMul Warning: Result is exactly zero despite non-zero inputs (M=2048, N=256, K=4080, SampleA=0.0000, SampleB=0.1483)
⚠️ GoffiMatMul Warning: Result is exactly zero despite non-zero inputs (M=2048, N=256, K=256, SampleA=0.0000, SampleB=-0.0113)
⚠️ GoffiMatMul Warning: Result is exactly zero despite non-zero inputs (M=2048, N=256, K=4080, SampleA=0.0000, SampleB=0.1483)
⚠️ GoffiMatMul Warning: Result is exactly zero despite non-zero inputs (M=2048, N=256, K=256, SampleA=0.0000, SampleB=-0.0113)
⚠️ GoffiMatMul Warning: Result is exactly zero despite non-zero inputs (M=2048, N=256, K=4080, SampleA=0.0000, SampleB=0.1483)
⚠️ GoffiMatMul Warning: Result is exactly zero despite non-zero inputs (M=2048, N=256, K=256, SampleA=0.0000, SampleB=-0.0112)
⚠️ GoffiMatMul Warning: Result is exactly zero despite non-zero inputs (M=2048, N=256, K=4080, SampleA=0.0000, SampleB=0.1483)
⚠️ GoffiMatMul Warning: Result is exactly zero despite non-zero inputs (M=2048, N=256, K=256, SampleA=0.0000, SampleB=-0.0112)
⚠️ GoffiMatMul Warning: Result is exactly zero despite non-zero inputs (M=2048, N=256, K=4080, SampleA=0.0000, SampleB=0.1483)
⚠️ GoffiMatMul Warning: Result is exactly zero despite non-zero inputs (M=2048, N=256, K=256, SampleA=0.0000, SampleB=-0.0112)
⚠️ GoffiMatMul Warning: Result is exactly zero despite non-zero inputs (M=2048, N=256, K=4080, SampleA=0.0000, SampleB=0.1483)
⚠️ GoffiMatMul Warning: Result is exactly zero despite non-zero inputs (M=2048, N=256, K=256, SampleA=0.0000, SampleB=-0.0112)
⚠️ GoffiMatMul Warning: Result is exactly zero despite non-zero inputs (M=2048, N=256, K=4080, SampleA=0.0000, SampleB=0.1483)
⚠️ GoffiMatMul Warning: Result is exactly zero despite non-zero inputs (M=2048, N=256, K=256, SampleA=0.0000, SampleB=-0.0112)
⚠️ GoffiMatMul Warning: Result is exactly zero despite non-zero inputs (M=2048, N=256, K=4080, SampleA=0.0000, SampleB=0.1484)
⚠️ GoffiMatMul Warning: Result is exactly zero despite non-zero inputs (M=2048, N=256, K=256, SampleA=0.0000, SampleB=-0.0112)
⚠️ GoffiMatMul Warning: Result is exactly zero despite non-zero inputs (M=2048, N=256, K=4080, SampleA=0.0000, SampleB=0.1484)
⚠️ GoffiMatMul Warning: Result is exactly zero despite non-zero inputs (M=2048, N=256, K=256, SampleA=0.0000, SampleB=-0.0112)
2026/04/18 10:35:29 mlm_training.go:569: ⏳ MLM: Step 420 in progress...
⚠️ GoffiMatMul Warning: Result is exactly zero despite non-zero inputs (M=2048, N=256, K=4080, SampleA=0.0000, SampleB=0.1484)
⚠️ GoffiMatMul Warning: Result is exactly zero despite non-zero inputs (M=2048, N=256, K=256, SampleA=0.0000, SampleB=-0.0111)
⚠️ GoffiMatMul Warning: Result is exactly zero despite non-zero inputs (M=2048, N=256, K=4080, SampleA=0.0000, SampleB=0.1484)
⚠️ GoffiMatMul Warning: Result is exactly zero despite non-zero inputs (M=2048, N=256, K=256, SampleA=0.0000, SampleB=-0.0111)
⚠️ GoffiMatMul Warning: Result is exactly zero despite non-zero inputs (M=2048, N=256, K=4080, SampleA=0.0000, SampleB=0.1484)
⚠️ GoffiMatMul Warning: Result is exactly zero despite non-zero inputs (M=2048, N=256, K=256, SampleA=0.0000, SampleB=-0.0111)
⚠️ GoffiMatMul Warning: Result is exactly zero despite non-zero inputs (M=2048, N=256, K=4080, SampleA=0.0000, SampleB=0.1484)
⚠️ GoffiMatMul Warning: Result is exactly zero despite non-zero inputs (M=2048, N=256, K=256, SampleA=0.0000, SampleB=-0.0111)
⚠️ GoffiMatMul Warning: Result is exactly zero despite non-zero inputs (M=2048, N=256, K=4080, SampleA=0.0000, SampleB=0.1484)
⚠️ GoffiMatMul Warning: Result is exactly zero despite non-zero inputs (M=2048, N=256, K=256, SampleA=0.0000, SampleB=-0.0111)
⚠️ GoffiMatMul Warning: Result is exactly zero despite non-zero inputs (M=2048, N=256, K=4080, SampleA=0.0000, SampleB=0.1484)
⚠️ GoffiMatMul Warning: Result is exactly zero despite non-zero inputs (M=2048, N=256, K=256, SampleA=0.0000, SampleB=-0.0110)
⚠️ GoffiMatMul Warning: Result is exactly zero despite non-zero inputs (M=2048, N=256, K=4080, SampleA=0.0000, SampleB=0.1484)
⚠️ GoffiMatMul Warning: Result is exactly zero despite non-zero inputs (M=2048, N=256, K=4080, SampleA=0.0000, SampleB=0.1484)
⚠️ GoffiMatMul Warning: Result is exactly zero despite non-zero inputs (M=2048, N=256, K=256, SampleA=0.0000, SampleB=-0.0110)
⚠️ GoffiMatMul Warning: Result is exactly zero despite non-zero inputs (M=2048, N=256, K=4080, SampleA=0.0000, SampleB=0.1484)
⚠️ GoffiMatMul Warning: Result is exactly zero despite non-zero inputs (M=2048, N=256, K=256, SampleA=0.0000, SampleB=-0.0110)
2026/04/18 10:38:54 mlm_training.go:569: ⏳ MLM: Step 430 in progress...
⚠️ GoffiMatMul Warning: Result is exactly zero despite non-zero inputs (M=2048, N=256, K=4080, SampleA=0.0000, SampleB=0.1484)
⚠️ GoffiMatMul Warning: Result is exactly zero despite non-zero inputs (M=2048, N=256, K=256, SampleA=0.0000, SampleB=-0.0110)
⚠️ GoffiMatMul Warning: Result is exactly zero despite non-zero inputs (M=2048, N=256, K=4080, SampleA=0.0000, SampleB=0.1484)
⚠️ GoffiMatMul Warning: Result is exactly zero despite non-zero inputs (M=2048, N=256, K=256, SampleA=0.0000, SampleB=-0.0110)
⚠️ GoffiMatMul Warning: Result is exactly zero despite non-zero inputs (M=2048, N=256, K=4080, SampleA=0.0000, SampleB=0.1484)
⚠️ GoffiMatMul Warning: Result is exactly zero despite non-zero inputs (M=2048, N=256, K=256, SampleA=0.0000, SampleB=-0.0110)
⚠️ GoffiMatMul Warning: Result is exactly zero despite non-zero inputs (M=2048, N=256, K=4080, SampleA=0.0000, SampleB=0.1484)
⚠️ GoffiMatMul Warning: Result is exactly zero despite non-zero inputs (M=2048, N=256, K=256, SampleA=0.0000, SampleB=-0.0110)
⚠️ GoffiMatMul Warning: Result is exactly zero despite non-zero inputs (M=2048, N=256, K=4080, SampleA=0.0000, SampleB=0.1484)
⚠️ GoffiMatMul Warning: Result is exactly zero despite non-zero inputs (M=2048, N=256, K=256, SampleA=0.0000, SampleB=-0.0110)
⚠️ GoffiMatMul Warning: Result is exactly zero despite non-zero inputs (M=2048, N=256, K=4080, SampleA=0.0000, SampleB=0.1484)
⚠️ GoffiMatMul Warning: Result is exactly zero despite non-zero inputs (M=2048, N=256, K=4080, SampleA=0.0000, SampleB=0.1484)
⚠️ GoffiMatMul Warning: Result is exactly zero despite non-zero inputs (M=2048, N=256, K=256, SampleA=0.0000, SampleB=-0.0109)
⚠️ GoffiMatMul Warning: Result is exactly zero despite non-zero inputs (M=2048, N=256, K=4080, SampleA=0.0000, SampleB=0.1484)
⚠️ GoffiMatMul Warning: Result is exactly zero despite non-zero inputs (M=2048, N=256, K=256, SampleA=0.0000, SampleB=-0.0109)
2026/04/18 10:42:20 mlm_training.go:569: ⏳ MLM: Step 440 in progress...
⚠️ GoffiMatMul Warning: Result is exactly zero despite non-zero inputs (M=1920, N=256, K=4080, SampleA=0.0000, SampleB=0.1484)
⚠️ GoffiMatMul Warning: Result is exactly zero despite non-zero inputs (M=1920, N=256, K=256, SampleA=0.0000, SampleB=-0.0109)
⚠️ GoffiMatMul Warning: Result is exactly zero despite non-zero inputs (M=2048, N=256, K=4080, SampleA=0.0000, SampleB=0.1484)
⚠️ GoffiMatMul Warning: Result is exactly zero despite non-zero inputs (M=2048, N=256, K=4080, SampleA=0.0000, SampleB=0.1484)
⚠️ GoffiMatMul Warning: Result is exactly zero despite non-zero inputs (M=2048, N=256, K=4080, SampleA=0.0000, SampleB=0.1484)
⚠️ GoffiMatMul Warning: Result is exactly zero despite non-zero inputs (M=2048, N=256, K=256, SampleA=0.0000, SampleB=-0.0109)
⚠️ GoffiMatMul Warning: Result is exactly zero despite non-zero inputs (M=2048, N=256, K=4080, SampleA=0.0000, SampleB=0.1484)
⚠️ GoffiMatMul Warning: Result is exactly zero despite non-zero inputs (M=2048, N=256, K=256, SampleA=0.0000, SampleB=-0.0109)
⚠️ GoffiMatMul Warning: Result is exactly zero despite non-zero inputs (M=2048, N=256, K=4080, SampleA=0.0000, SampleB=0.1484)
⚠️ GoffiMatMul Warning: Result is exactly zero despite non-zero inputs (M=2048, N=256, K=256, SampleA=0.0000, SampleB=-0.0109)
⚠️ GoffiMatMul Warning: Result is exactly zero despite non-zero inputs (M=2048, N=256, K=4080, SampleA=0.0000, SampleB=0.1484)
⚠️ GoffiMatMul Warning: Result is exactly zero despite non-zero inputs (M=2048, N=256, K=256, SampleA=0.0000, SampleB=-0.0109)
⚠️ GoffiMatMul Warning: Result is exactly zero despite non-zero inputs (M=544, N=256, K=4080, SampleA=0.0000, SampleB=0.1484)
⚠️ GoffiMatMul Warning: Result is exactly zero despite non-zero inputs (M=544, N=256, K=256, SampleA=0.0000, SampleB=-0.0109)
2026/04/18 10:45:04 mlm_training.go:590: 🎓 [MLM] Step 450 | Loss: 5.9377 (smooth: 6.1362) | PPL: 1190.3 | LR: 0.002846 | 0.1 steps/s
2026/04/18 10:45:04 mlm_training.go:775: [Intent: social]    🔍 'pocket [___] <pad>' → Answer: '.' | Predicted: .(5.4%), ?(3.4%), a(2.4%) ✅
2026/04/18 10:45:04 mlm_training.go:635: 🎓 [MLM] Epoch 10/20 Complete | Avg Loss: 6.1402 | PPL: 464.2 | Batches: 45
2026/04/18 10:45:04 mlm_training.go:420: 🎓 MLM: Starting epoch 11 with 2833 sentences (Batch Size: 64)
⚠️ GoffiMatMul Warning: Result is exactly zero despite non-zero inputs (M=2048, N=256, K=4080, SampleA=0.0000, SampleB=0.1484)
⚠️ GoffiMatMul Warning: Result is exactly zero despite non-zero inputs (M=2048, N=256, K=256, SampleA=0.0000, SampleB=-0.0108)
2026/04/18 10:45:25 mlm_training.go:569: ⏳ MLM: Step 450 in progress...
⚠️ GoffiMatMul Warning: Result is exactly zero despite non-zero inputs (M=2048, N=256, K=4080, SampleA=0.0000, SampleB=0.1484)
⚠️ GoffiMatMul Warning: Result is exactly zero despite non-zero inputs (M=2048, N=256, K=256, SampleA=0.0000, SampleB=-0.0108)
⚠️ GoffiMatMul Warning: Result is exactly zero despite non-zero inputs (M=2048, N=256, K=4080, SampleA=0.0000, SampleB=0.1484)
⚠️ GoffiMatMul Warning: Result is exactly zero despite non-zero inputs (M=2048, N=256, K=256, SampleA=0.0000, SampleB=-0.0108)
⚠️ GoffiMatMul Warning: Result is exactly zero despite non-zero inputs (M=2048, N=256, K=4080, SampleA=0.0000, SampleB=0.1484)
⚠️ GoffiMatMul Warning: Result is exactly zero despite non-zero inputs (M=2048, N=256, K=256, SampleA=0.0000, SampleB=-0.0107)
⚠️ GoffiMatMul Warning: Result is exactly zero despite non-zero inputs (M=2048, N=256, K=4080, SampleA=0.0000, SampleB=0.1484)
⚠️ GoffiMatMul Warning: Result is exactly zero despite non-zero inputs (M=2048, N=256, K=4080, SampleA=0.0000, SampleB=0.1484)
⚠️ GoffiMatMul Warning: Result is exactly zero despite non-zero inputs (M=2048, N=256, K=256, SampleA=0.0000, SampleB=-0.0107)
⚠️ GoffiMatMul Warning: Result is exactly zero despite non-zero inputs (M=2048, N=256, K=4080, SampleA=0.0000, SampleB=0.1484)
⚠️ GoffiMatMul Warning: Result is exactly zero despite non-zero inputs (M=2048, N=256, K=256, SampleA=0.0000, SampleB=-0.0106)
⚠️ GoffiMatMul Warning: Result is exactly zero despite non-zero inputs (M=2048, N=256, K=4080, SampleA=0.0000, SampleB=0.1484)
⚠️ GoffiMatMul Warning: Result is exactly zero despite non-zero inputs (M=2048, N=256, K=256, SampleA=0.0000, SampleB=-0.0106)
⚠️ GoffiMatMul Warning: Result is exactly zero despite non-zero inputs (M=2048, N=256, K=4080, SampleA=0.0000, SampleB=0.1484)
⚠️ GoffiMatMul Warning: Result is exactly zero despite non-zero inputs (M=2048, N=256, K=256, SampleA=0.0000, SampleB=-0.0106)
⚠️ GoffiMatMul Warning: Result is exactly zero despite non-zero inputs (M=2048, N=256, K=4080, SampleA=0.0000, SampleB=0.1484)
⚠️ GoffiMatMul Warning: Result is exactly zero despite non-zero inputs (M=2048, N=256, K=256, SampleA=0.0000, SampleB=-0.0106)
2026/04/18 10:48:40 mlm_training.go:569: ⏳ MLM: Step 460 in progress...
⚠️ GoffiMatMul Warning: Result is exactly zero despite non-zero inputs (M=2048, N=256, K=4080, SampleA=0.0000, SampleB=0.1484)
⚠️ GoffiMatMul Warning: Result is exactly zero despite non-zero inputs (M=2048, N=256, K=256, SampleA=0.0000, SampleB=-0.0106)
⚠️ GoffiMatMul Warning: Result is exactly zero despite non-zero inputs (M=2048, N=256, K=4080, SampleA=0.0000, SampleB=0.1484)
⚠️ GoffiMatMul Warning: Result is exactly zero despite non-zero inputs (M=2048, N=256, K=256, SampleA=0.0000, SampleB=-0.0106)
⚠️ GoffiMatMul Warning: Result is exactly zero despite non-zero inputs (M=2048, N=256, K=4080, SampleA=0.0000, SampleB=0.1484)
⚠️ GoffiMatMul Warning: Result is exactly zero despite non-zero inputs (M=2048, N=256, K=256, SampleA=0.0000, SampleB=-0.0106)
⚠️ GoffiMatMul Warning: Result is exactly zero despite non-zero inputs (M=2048, N=256, K=4080, SampleA=0.0000, SampleB=0.1484)
⚠️ GoffiMatMul Warning: Result is exactly zero despite non-zero inputs (M=2048, N=256, K=256, SampleA=0.0000, SampleB=-0.0106)
⚠️ GoffiMatMul Warning: Result is exactly zero despite non-zero inputs (M=2048, N=256, K=4080, SampleA=0.0000, SampleB=0.1484)
⚠️ GoffiMatMul Warning: Result is exactly zero despite non-zero inputs (M=2048, N=256, K=256, SampleA=0.0000, SampleB=-0.0105)
⚠️ GoffiMatMul Warning: Result is exactly zero despite non-zero inputs (M=2048, N=256, K=4080, SampleA=0.0000, SampleB=0.1484)
⚠️ GoffiMatMul Warning: Result is exactly zero despite non-zero inputs (M=2048, N=256, K=256, SampleA=0.0000, SampleB=-0.0105)
⚠️ GoffiMatMul Warning: Result is exactly zero despite non-zero inputs (M=2048, N=256, K=4080, SampleA=0.0000, SampleB=0.1485)
⚠️ GoffiMatMul Warning: Result is exactly zero despite non-zero inputs (M=2048, N=256, K=256, SampleA=0.0000, SampleB=-0.0105)
⚠️ GoffiMatMul Warning: Result is exactly zero despite non-zero inputs (M=2048, N=256, K=4080, SampleA=0.0000, SampleB=0.1485)
⚠️ GoffiMatMul Warning: Result is exactly zero despite non-zero inputs (M=2048, N=256, K=256, SampleA=0.0000, SampleB=-0.0105)
⚠️ GoffiMatMul Warning: Result is exactly zero despite non-zero inputs (M=2048, N=256, K=4080, SampleA=0.0000, SampleB=0.1485)
⚠️ GoffiMatMul Warning: Result is exactly zero despite non-zero inputs (M=2048, N=256, K=256, SampleA=0.0000, SampleB=-0.0105)
2026/04/18 10:52:02 mlm_training.go:569: ⏳ MLM: Step 470 in progress...
⚠️ GoffiMatMul Warning: Result is exactly zero despite non-zero inputs (M=2048, N=256, K=4080, SampleA=0.0000, SampleB=0.1485)
⚠️ GoffiMatMul Warning: Result is exactly zero despite non-zero inputs (M=2048, N=256, K=256, SampleA=0.0000, SampleB=-0.0105)
⚠️ GoffiMatMul Warning: Result is exactly zero despite non-zero inputs (M=2048, N=256, K=4080, SampleA=0.0000, SampleB=0.1485)
⚠️ GoffiMatMul Warning: Result is exactly zero despite non-zero inputs (M=2048, N=256, K=256, SampleA=0.0000, SampleB=-0.0105)
⚠️ GoffiMatMul Warning: Result is exactly zero despite non-zero inputs (M=2048, N=256, K=4080, SampleA=0.0000, SampleB=0.1485)
⚠️ GoffiMatMul Warning: Result is exactly zero despite non-zero inputs (M=2048, N=256, K=4080, SampleA=0.0000, SampleB=0.1485)
⚠️ GoffiMatMul Warning: Result is exactly zero despite non-zero inputs (M=2048, N=256, K=256, SampleA=0.0000, SampleB=-0.0104)
⚠️ GoffiMatMul Warning: Result is exactly zero despite non-zero inputs (M=2048, N=256, K=4080, SampleA=0.0000, SampleB=0.1485)
⚠️ GoffiMatMul Warning: Result is exactly zero despite non-zero inputs (M=2048, N=256, K=256, SampleA=0.0000, SampleB=-0.0104)
⚠️ GoffiMatMul Warning: Result is exactly zero despite non-zero inputs (M=2048, N=256, K=4080, SampleA=0.0000, SampleB=0.1485)
⚠️ GoffiMatMul Warning: Result is exactly zero despite non-zero inputs (M=2048, N=256, K=256, SampleA=0.0000, SampleB=-0.0104)
⚠️ GoffiMatMul Warning: Result is exactly zero despite non-zero inputs (M=2048, N=256, K=4080, SampleA=0.0000, SampleB=0.1485)
⚠️ GoffiMatMul Warning: Result is exactly zero despite non-zero inputs (M=2048, N=256, K=256, SampleA=0.0000, SampleB=-0.0104)
2026/04/18 10:55:20 mlm_training.go:569: ⏳ MLM: Step 480 in progress...
⚠️ GoffiMatMul Warning: Result is exactly zero despite non-zero inputs (M=2048, N=256, K=4080, SampleA=0.0000, SampleB=0.1485)
⚠️ GoffiMatMul Warning: Result is exactly zero despite non-zero inputs (M=2048, N=256, K=4080, SampleA=0.0000, SampleB=0.1485)
⚠️ GoffiMatMul Warning: Result is exactly zero despite non-zero inputs (M=2048, N=256, K=256, SampleA=0.0000, SampleB=-0.0104)
⚠️ GoffiMatMul Warning: Result is exactly zero despite non-zero inputs (M=2048, N=256, K=4080, SampleA=0.0000, SampleB=0.1485)
⚠️ GoffiMatMul Warning: Result is exactly zero despite non-zero inputs (M=2048, N=256, K=256, SampleA=0.0000, SampleB=-0.0104)
⚠️ GoffiMatMul Warning: Result is exactly zero despite non-zero inputs (M=2048, N=256, K=4080, SampleA=0.0000, SampleB=0.1485)
⚠️ GoffiMatMul Warning: Result is exactly zero despite non-zero inputs (M=2048, N=256, K=4080, SampleA=0.0000, SampleB=0.1485)
⚠️ GoffiMatMul Warning: Result is exactly zero despite non-zero inputs (M=2048, N=256, K=256, SampleA=0.0000, SampleB=-0.0104)
⚠️ GoffiMatMul Warning: Result is exactly zero despite non-zero inputs (M=2048, N=256, K=4080, SampleA=0.0000, SampleB=0.1485)
⚠️ GoffiMatMul Warning: Result is exactly zero despite non-zero inputs (M=2048, N=256, K=256, SampleA=0.0000, SampleB=-0.0104)
⚠️ GoffiMatMul Warning: Result is exactly zero despite non-zero inputs (M=2048, N=256, K=4080, SampleA=0.0000, SampleB=0.1485)
⚠️ GoffiMatMul Warning: Result is exactly zero despite non-zero inputs (M=2048, N=256, K=256, SampleA=0.0000, SampleB=-0.0104)
⚠️ GoffiMatMul Warning: Result is exactly zero despite non-zero inputs (M=2048, N=256, K=4080, SampleA=0.0000, SampleB=0.1485)
⚠️ GoffiMatMul Warning: Result is exactly zero despite non-zero inputs (M=2048, N=256, K=4080, SampleA=0.0000, SampleB=0.1485)
⚠️ GoffiMatMul Warning: Result is exactly zero despite non-zero inputs (M=2048, N=256, K=256, SampleA=0.0000, SampleB=-0.0104)
⚠️ GoffiMatMul Warning: Result is exactly zero despite non-zero inputs (M=2048, N=256, K=4080, SampleA=0.0000, SampleB=0.1485)
⚠️ GoffiMatMul Warning: Result is exactly zero despite non-zero inputs (M=2048, N=256, K=256, SampleA=0.0000, SampleB=-0.0104)
2026/04/18 10:58:35 mlm_training.go:569: ⏳ MLM: Step 490 in progress...
⚠️ GoffiMatMul Warning: Result is exactly zero despite non-zero inputs (M=2048, N=256, K=4080, SampleA=0.0000, SampleB=0.1485)
⚠️ GoffiMatMul Warning: Result is exactly zero despite non-zero inputs (M=2048, N=256, K=256, SampleA=0.0000, SampleB=-0.0104)
⚠️ GoffiMatMul Warning: Result is exactly zero despite non-zero inputs (M=2048, N=256, K=4080, SampleA=0.0000, SampleB=0.1485)
⚠️ GoffiMatMul Warning: Result is exactly zero despite non-zero inputs (M=2048, N=256, K=256, SampleA=0.0000, SampleB=-0.0104)
⚠️ GoffiMatMul Warning: Result is exactly zero despite non-zero inputs (M=2048, N=256, K=4080, SampleA=0.0000, SampleB=0.1485)
⚠️ GoffiMatMul Warning: Result is exactly zero despite non-zero inputs (M=2048, N=256, K=256, SampleA=0.0000, SampleB=-0.0104)
⚠️ GoffiMatMul Warning: Result is exactly zero despite non-zero inputs (M=544, N=256, K=4080, SampleA=0.0000, SampleB=0.1485)
⚠️ GoffiMatMul Warning: Result is exactly zero despite non-zero inputs (M=544, N=256, K=256, SampleA=0.0000, SampleB=-0.0104)
2026/04/18 10:59:38 mlm_training.go:635: 🎓 [MLM] Epoch 11/20 Complete | Avg Loss: 6.1057 | PPL: 448.4 | Batches: 45
2026/04/18 10:59:38 mlm_training.go:420: 🎓 MLM: Starting epoch 12 with 2833 sentences (Batch Size: 64)
⚠️ GoffiMatMul Warning: Result is exactly zero despite non-zero inputs (M=2048, N=256, K=4080, SampleA=0.0000, SampleB=0.1486)
⚠️ GoffiMatMul Warning: Result is exactly zero despite non-zero inputs (M=2048, N=256, K=256, SampleA=0.0000, SampleB=-0.0104)
⚠️ GoffiMatMul Warning: Result is exactly zero despite non-zero inputs (M=2048, N=256, K=4080, SampleA=0.0000, SampleB=0.1486)
⚠️ GoffiMatMul Warning: Result is exactly zero despite non-zero inputs (M=2048, N=256, K=256, SampleA=0.0000, SampleB=-0.0103)
⚠️ GoffiMatMul Warning: Result is exactly zero despite non-zero inputs (M=2048, N=256, K=4080, SampleA=0.0000, SampleB=0.1486)
⚠️ GoffiMatMul Warning: Result is exactly zero despite non-zero inputs (M=2048, N=256, K=256, SampleA=0.0000, SampleB=-0.0103)
⚠️ GoffiMatMul Warning: Result is exactly zero despite non-zero inputs (M=2048, N=256, K=4080, SampleA=0.0000, SampleB=0.1486)
⚠️ GoffiMatMul Warning: Result is exactly zero despite non-zero inputs (M=2048, N=256, K=256, SampleA=0.0000, SampleB=-0.0103)
⚠️ GoffiMatMul Warning: Result is exactly zero despite non-zero inputs (M=2048, N=256, K=4080, SampleA=0.0000, SampleB=0.1486)
⚠️ GoffiMatMul Warning: Result is exactly zero despite non-zero inputs (M=2048, N=256, K=256, SampleA=0.0000, SampleB=-0.0103)
2026/04/18 11:01:18 mlm_training.go:590: 🎓 [MLM] Step 500 | Loss: 6.0375 (smooth: 6.1206) | PPL: 1116.8 | LR: 0.002351 | 0.1 steps/s
2026/04/18 11:01:18 mlm_training.go:775: [Intent: social]    🔍 'is [___] ' → Answer: 'it' | Predicted: .(5.8%), ?(3.3%), a(2.5%) ❌
2026/04/18 11:01:18 mlm_training.go:599: 💾 [MLM CHECKPOINT] Saving progress at Step 500...
2026/04/18 11:01:27 intent_moe.go:1200: ✅ [CHECKPOINT] Saved model to data/models/gob_models/moe_social_model.gob (Size: 135.11 MB)
⚠️ GoffiMatMul Warning: Result is exactly zero despite non-zero inputs (M=2048, N=256, K=4080, SampleA=0.0000, SampleB=0.1486)
2026/04/18 11:01:47 mlm_training.go:569: ⏳ MLM: Step 500 in progress...
⚠️ GoffiMatMul Warning: Result is exactly zero despite non-zero inputs (M=2048, N=256, K=4080, SampleA=0.0000, SampleB=0.1486)
⚠️ GoffiMatMul Warning: Result is exactly zero despite non-zero inputs (M=2048, N=256, K=256, SampleA=0.0000, SampleB=-0.0103)
⚠️ GoffiMatMul Warning: Result is exactly zero despite non-zero inputs (M=2048, N=256, K=4080, SampleA=0.0000, SampleB=0.1486)
⚠️ GoffiMatMul Warning: Result is exactly zero despite non-zero inputs (M=2048, N=256, K=256, SampleA=0.0000, SampleB=-0.0103)
⚠️ GoffiMatMul Warning: Result is exactly zero despite non-zero inputs (M=2048, N=256, K=4080, SampleA=0.0000, SampleB=0.1486)
⚠️ GoffiMatMul Warning: Result is exactly zero despite non-zero inputs (M=2048, N=256, K=4080, SampleA=0.0000, SampleB=0.1486)
⚠️ GoffiMatMul Warning: Result is exactly zero despite non-zero inputs (M=2048, N=256, K=256, SampleA=0.0000, SampleB=-0.0102)
⚠️ GoffiMatMul Warning: Result is exactly zero despite non-zero inputs (M=2048, N=256, K=4080, SampleA=0.0000, SampleB=0.1486)
⚠️ GoffiMatMul Warning: Result is exactly zero despite non-zero inputs (M=1984, N=256, K=4080, SampleA=0.0000, SampleB=0.1486)
⚠️ GoffiMatMul Warning: Result is exactly zero despite non-zero inputs (M=1984, N=256, K=256, SampleA=0.0000, SampleB=-0.0102)
⚠️ GoffiMatMul Warning: Result is exactly zero despite non-zero inputs (M=2048, N=256, K=4080, SampleA=0.0000, SampleB=0.1486)
⚠️ GoffiMatMul Warning: Result is exactly zero despite non-zero inputs (M=2048, N=256, K=256, SampleA=0.0000, SampleB=-0.0102)
⚠️ GoffiMatMul Warning: Result is exactly zero despite non-zero inputs (M=2048, N=256, K=4080, SampleA=0.0000, SampleB=0.1486)
⚠️ GoffiMatMul Warning: Result is exactly zero despite non-zero inputs (M=2048, N=256, K=256, SampleA=0.0000, SampleB=-0.0102)
2026/04/18 11:05:02 mlm_training.go:569: ⏳ MLM: Step 510 in progress...
⚠️ GoffiMatMul Warning: Result is exactly zero despite non-zero inputs (M=2048, N=256, K=4080, SampleA=0.0000, SampleB=0.1486)
⚠️ GoffiMatMul Warning: Result is exactly zero despite non-zero inputs (M=2048, N=256, K=256, SampleA=0.0000, SampleB=-0.0102)
⚠️ GoffiMatMul Warning: Result is exactly zero despite non-zero inputs (M=2048, N=256, K=4080, SampleA=0.0000, SampleB=0.1486)
⚠️ GoffiMatMul Warning: Result is exactly zero despite non-zero inputs (M=2048, N=256, K=256, SampleA=0.0000, SampleB=-0.0102)
⚠️ GoffiMatMul Warning: Result is exactly zero despite non-zero inputs (M=2048, N=256, K=4080, SampleA=0.0000, SampleB=0.1486)
⚠️ GoffiMatMul Warning: Result is exactly zero despite non-zero inputs (M=2048, N=256, K=256, SampleA=0.0000, SampleB=-0.0102)
⚠️ GoffiMatMul Warning: Result is exactly zero despite non-zero inputs (M=2048, N=256, K=4080, SampleA=0.0000, SampleB=0.1486)
⚠️ GoffiMatMul Warning: Result is exactly zero despite non-zero inputs (M=2048, N=256, K=4080, SampleA=0.0000, SampleB=0.1486)
⚠️ GoffiMatMul Warning: Result is exactly zero despite non-zero inputs (M=2048, N=256, K=256, SampleA=0.0000, SampleB=-0.0101)
⚠️ GoffiMatMul Warning: Result is exactly zero despite non-zero inputs (M=2048, N=256, K=4080, SampleA=0.0000, SampleB=0.1486)
⚠️ GoffiMatMul Warning: Result is exactly zero despite non-zero inputs (M=2048, N=256, K=256, SampleA=0.0000, SampleB=-0.0101)
⚠️ GoffiMatMul Warning: Result is exactly zero despite non-zero inputs (M=2048, N=256, K=4080, SampleA=0.0000, SampleB=0.1486)
⚠️ GoffiMatMul Warning: Result is exactly zero despite non-zero inputs (M=2048, N=256, K=256, SampleA=0.0000, SampleB=-0.0101)
⚠️ GoffiMatMul Warning: Result is exactly zero despite non-zero inputs (M=2048, N=256, K=4080, SampleA=0.0000, SampleB=0.1486)
⚠️ GoffiMatMul Warning: Result is exactly zero despite non-zero inputs (M=2048, N=256, K=256, SampleA=0.0000, SampleB=-0.0101)
⚠️ GoffiMatMul Warning: Result is exactly zero despite non-zero inputs (M=2048, N=256, K=4080, SampleA=0.0000, SampleB=0.1486)
⚠️ GoffiMatMul Warning: Result is exactly zero despite non-zero inputs (M=2048, N=256, K=256, SampleA=0.0000, SampleB=-0.0101)
2026/04/18 11:08:17 mlm_training.go:569: ⏳ MLM: Step 520 in progress...
⚠️ GoffiMatMul Warning: Result is exactly zero despite non-zero inputs (M=2048, N=256, K=4080, SampleA=0.0000, SampleB=0.1486)
⚠️ GoffiMatMul Warning: Result is exactly zero despite non-zero inputs (M=2048, N=256, K=256, SampleA=0.0000, SampleB=-0.0100)
⚠️ GoffiMatMul Warning: Result is exactly zero despite non-zero inputs (M=2048, N=256, K=4080, SampleA=0.0000, SampleB=0.1486)
⚠️ GoffiMatMul Warning: Result is exactly zero despite non-zero inputs (M=2048, N=256, K=256, SampleA=0.0000, SampleB=-0.0100)
⚠️ GoffiMatMul Warning: Result is exactly zero despite non-zero inputs (M=2048, N=256, K=4080, SampleA=0.0000, SampleB=0.1486)
⚠️ GoffiMatMul Warning: Result is exactly zero despite non-zero inputs (M=2048, N=256, K=4080, SampleA=0.0000, SampleB=0.1486)
⚠️ GoffiMatMul Warning: Result is exactly zero despite non-zero inputs (M=2048, N=256, K=4080, SampleA=0.0000, SampleB=0.1486)
⚠️ GoffiMatMul Warning: Result is exactly zero despite non-zero inputs (M=2048, N=256, K=4080, SampleA=0.0000, SampleB=0.1487)
⚠️ GoffiMatMul Warning: Result is exactly zero despite non-zero inputs (M=2048, N=256, K=256, SampleA=0.0000, SampleB=-0.0100)
⚠️ GoffiMatMul Warning: Result is exactly zero despite non-zero inputs (M=1920, N=256, K=4080, SampleA=0.0000, SampleB=0.1487)
⚠️ GoffiMatMul Warning: Result is exactly zero despite non-zero inputs (M=2048, N=256, K=4080, SampleA=0.0000, SampleB=0.1487)
⚠️ GoffiMatMul Warning: Result is exactly zero despite non-zero inputs (M=2048, N=256, K=4080, SampleA=0.0000, SampleB=0.1487)
⚠️ GoffiMatMul Warning: Result is exactly zero despite non-zero inputs (M=2048, N=256, K=256, SampleA=0.0000, SampleB=-0.0100)
⚠️ GoffiMatMul Warning: Result is exactly zero despite non-zero inputs (M=2048, N=256, K=4080, SampleA=0.0000, SampleB=0.1487)
⚠️ GoffiMatMul Warning: Result is exactly zero despite non-zero inputs (M=2048, N=256, K=256, SampleA=0.0000, SampleB=-0.0099)
2026/04/18 11:11:34 mlm_training.go:569: ⏳ MLM: Step 530 in progress...
⚠️ GoffiMatMul Warning: Result is exactly zero despite non-zero inputs (M=2048, N=256, K=4080, SampleA=0.0000, SampleB=0.1487)
⚠️ GoffiMatMul Warning: Result is exactly zero despite non-zero inputs (M=2048, N=256, K=256, SampleA=0.0000, SampleB=-0.0099)
⚠️ GoffiMatMul Warning: Result is exactly zero despite non-zero inputs (M=2048, N=256, K=4080, SampleA=0.0000, SampleB=0.1487)
⚠️ GoffiMatMul Warning: Result is exactly zero despite non-zero inputs (M=2048, N=256, K=256, SampleA=0.0000, SampleB=-0.0099)
⚠️ GoffiMatMul Warning: Result is exactly zero despite non-zero inputs (M=2048, N=256, K=4080, SampleA=0.0000, SampleB=0.1487)
⚠️ GoffiMatMul Warning: Result is exactly zero despite non-zero inputs (M=2048, N=256, K=256, SampleA=0.0000, SampleB=-0.0099)
⚠️ GoffiMatMul Warning: Result is exactly zero despite non-zero inputs (M=2048, N=256, K=4080, SampleA=0.0000, SampleB=0.1487)
⚠️ GoffiMatMul Warning: Result is exactly zero despite non-zero inputs (M=2048, N=256, K=4080, SampleA=0.0000, SampleB=0.1487)
⚠️ GoffiMatMul Warning: Result is exactly zero despite non-zero inputs (M=2048, N=256, K=4080, SampleA=0.0000, SampleB=0.1487)
⚠️ GoffiMatMul Warning: Result is exactly zero despite non-zero inputs (M=2048, N=256, K=256, SampleA=0.0000, SampleB=-0.0099)
⚠️ GoffiMatMul Warning: Result is exactly zero despite non-zero inputs (M=2048, N=256, K=4080, SampleA=0.0000, SampleB=0.1487)
⚠️ GoffiMatMul Warning: Result is exactly zero despite non-zero inputs (M=2048, N=256, K=4080, SampleA=0.0000, SampleB=0.1487)
⚠️ GoffiMatMul Warning: Result is exactly zero despite non-zero inputs (M=2048, N=256, K=256, SampleA=0.0000, SampleB=-0.0099)
⚠️ GoffiMatMul Warning: Result is exactly zero despite non-zero inputs (M=544, N=256, K=4080, SampleA=0.0000, SampleB=0.1487)
⚠️ GoffiMatMul Warning: Result is exactly zero despite non-zero inputs (M=544, N=256, K=256, SampleA=0.0000, SampleB=-0.0099)
2026/04/18 11:14:19 mlm_training.go:635: 🎓 [MLM] Epoch 12/20 Complete | Avg Loss: 6.1020 | PPL: 446.7 | Batches: 45
2026/04/18 11:14:19 mlm_training.go:420: 🎓 MLM: Starting epoch 13 with 2833 sentences (Batch Size: 64)
⚠️ GoffiMatMul Warning: Result is exactly zero despite non-zero inputs (M=2048, N=256, K=4080, SampleA=0.0000, SampleB=0.1487)
⚠️ GoffiMatMul Warning: Result is exactly zero despite non-zero inputs (M=2048, N=256, K=256, SampleA=0.0000, SampleB=-0.0098)
2026/04/18 11:14:40 mlm_training.go:569: ⏳ MLM: Step 540 in progress...
⚠️ GoffiMatMul Warning: Result is exactly zero despite non-zero inputs (M=2048, N=256, K=4080, SampleA=0.0000, SampleB=0.1487)
⚠️ GoffiMatMul Warning: Result is exactly zero despite non-zero inputs (M=2048, N=256, K=256, SampleA=0.0000, SampleB=-0.0098)
⚠️ GoffiMatMul Warning: Result is exactly zero despite non-zero inputs (M=1984, N=256, K=4080, SampleA=0.0000, SampleB=0.1487)
⚠️ GoffiMatMul Warning: Result is exactly zero despite non-zero inputs (M=2048, N=256, K=4080, SampleA=0.0000, SampleB=0.1487)
⚠️ GoffiMatMul Warning: Result is exactly zero despite non-zero inputs (M=2048, N=256, K=256, SampleA=0.0000, SampleB=-0.0098)
⚠️ GoffiMatMul Warning: Result is exactly zero despite non-zero inputs (M=2048, N=256, K=4080, SampleA=0.0000, SampleB=0.1487)
⚠️ GoffiMatMul Warning: Result is exactly zero despite non-zero inputs (M=2048, N=256, K=256, SampleA=0.0000, SampleB=-0.0097)
⚠️ GoffiMatMul Warning: Result is exactly zero despite non-zero inputs (M=2048, N=256, K=4080, SampleA=0.0000, SampleB=0.1487)
⚠️ GoffiMatMul Warning: Result is exactly zero despite non-zero inputs (M=2048, N=256, K=4080, SampleA=0.0000, SampleB=0.1487)
⚠️ GoffiMatMul Warning: Result is exactly zero despite non-zero inputs (M=2048, N=256, K=256, SampleA=0.0000, SampleB=-0.0097)
⚠️ GoffiMatMul Warning: Result is exactly zero despite non-zero inputs (M=2048, N=256, K=4080, SampleA=0.0000, SampleB=0.1487)
⚠️ GoffiMatMul Warning: Result is exactly zero despite non-zero inputs (M=2048, N=256, K=256, SampleA=0.0000, SampleB=-0.0097)
⚠️ GoffiMatMul Warning: Result is exactly zero despite non-zero inputs (M=2048, N=256, K=4080, SampleA=0.0000, SampleB=0.1487)
⚠️ GoffiMatMul Warning: Result is exactly zero despite non-zero inputs (M=2048, N=256, K=256, SampleA=0.0000, SampleB=-0.0097)
⚠️ GoffiMatMul Warning: Result is exactly zero despite non-zero inputs (M=2048, N=256, K=4080, SampleA=0.0000, SampleB=0.1487)
⚠️ GoffiMatMul Warning: Result is exactly zero despite non-zero inputs (M=2048, N=256, K=256, SampleA=0.0000, SampleB=-0.0097)
2026/04/18 11:17:38 mlm_training.go:590: 🎓 [MLM] Step 550 | Loss: 5.9774 (smooth: 6.0937) | PPL: 1049.4 | LR: 0.001863 | 0.1 steps/s
2026/04/18 11:17:38 mlm_training.go:775: [Intent: social]    🔍 'buying [___] telescope' → Answer: 'a' | Predicted: .(6.2%), ?(3.1%), a(2.6%) ❌
⚠️ GoffiMatMul Warning: Result is exactly zero despite non-zero inputs (M=2048, N=256, K=4080, SampleA=0.0000, SampleB=0.1487)
2026/04/18 11:17:58 mlm_training.go:569: ⏳ MLM: Step 550 in progress...
⚠️ GoffiMatMul Warning: Result is exactly zero despite non-zero inputs (M=2048, N=256, K=4080, SampleA=0.0000, SampleB=0.1487)
⚠️ GoffiMatMul Warning: Result is exactly zero despite non-zero inputs (M=2048, N=256, K=4080, SampleA=0.0000, SampleB=0.1487)
⚠️ GoffiMatMul Warning: Result is exactly zero despite non-zero inputs (M=2048, N=256, K=256, SampleA=0.0000, SampleB=-0.0096)
⚠️ GoffiMatMul Warning: Result is exactly zero despite non-zero inputs (M=2048, N=256, K=4080, SampleA=0.0000, SampleB=0.1487)
⚠️ GoffiMatMul Warning: Result is exactly zero despite non-zero inputs (M=2048, N=256, K=4080, SampleA=0.0000, SampleB=0.1487)
⚠️ GoffiMatMul Warning: Result is exactly zero despite non-zero inputs (M=2048, N=256, K=256, SampleA=0.0000, SampleB=-0.0096)
⚠️ GoffiMatMul Warning: Result is exactly zero despite non-zero inputs (M=2048, N=256, K=4080, SampleA=0.0000, SampleB=0.1487)
⚠️ GoffiMatMul Warning: Result is exactly zero despite non-zero inputs (M=2048, N=256, K=256, SampleA=0.0000, SampleB=-0.0096)
⚠️ GoffiMatMul Warning: Result is exactly zero despite non-zero inputs (M=2048, N=256, K=4080, SampleA=0.0000, SampleB=0.1487)
⚠️ GoffiMatMul Warning: Result is exactly zero despite non-zero inputs (M=2048, N=256, K=256, SampleA=0.0000, SampleB=-0.0096)
⚠️ GoffiMatMul Warning: Result is exactly zero despite non-zero inputs (M=2048, N=256, K=4080, SampleA=0.0000, SampleB=0.1487)
⚠️ GoffiMatMul Warning: Result is exactly zero despite non-zero inputs (M=2048, N=256, K=256, SampleA=0.0000, SampleB=-0.0096)
⚠️ GoffiMatMul Warning: Result is exactly zero despite non-zero inputs (M=2048, N=256, K=4080, SampleA=0.0000, SampleB=0.1487)
⚠️ GoffiMatMul Warning: Result is exactly zero despite non-zero inputs (M=2048, N=256, K=256, SampleA=0.0000, SampleB=-0.0096)
⚠️ GoffiMatMul Warning: Result is exactly zero despite non-zero inputs (M=2048, N=256, K=4080, SampleA=0.0000, SampleB=0.1487)
⚠️ GoffiMatMul Warning: Result is exactly zero despite non-zero inputs (M=2048, N=256, K=256, SampleA=0.0000, SampleB=-0.0096)
2026/04/18 11:21:15 mlm_training.go:569: ⏳ MLM: Step 560 in progress...
⚠️ GoffiMatMul Warning: Result is exactly zero despite non-zero inputs (M=2048, N=256, K=4080, SampleA=0.0000, SampleB=0.1487)
⚠️ GoffiMatMul Warning: Result is exactly zero despite non-zero inputs (M=2048, N=256, K=256, SampleA=0.0000, SampleB=-0.0096)
⚠️ GoffiMatMul Warning: Result is exactly zero despite non-zero inputs (M=2048, N=256, K=4080, SampleA=0.0000, SampleB=0.1487)
⚠️ GoffiMatMul Warning: Result is exactly zero despite non-zero inputs (M=2048, N=256, K=256, SampleA=0.0000, SampleB=-0.0096)
⚠️ GoffiMatMul Warning: Result is exactly zero despite non-zero inputs (M=2048, N=256, K=4080, SampleA=0.0000, SampleB=0.1487)
⚠️ GoffiMatMul Warning: Result is exactly zero despite non-zero inputs (M=2048, N=256, K=256, SampleA=0.0000, SampleB=-0.0096)
⚠️ GoffiMatMul Warning: Result is exactly zero despite non-zero inputs (M=2048, N=256, K=4080, SampleA=0.0000, SampleB=0.1487)
⚠️ GoffiMatMul Warning: Result is exactly zero despite non-zero inputs (M=2048, N=256, K=256, SampleA=0.0000, SampleB=-0.0096)
⚠️ GoffiMatMul Warning: Result is exactly zero despite non-zero inputs (M=2048, N=256, K=4080, SampleA=0.0000, SampleB=0.1487)
⚠️ GoffiMatMul Warning: Result is exactly zero despite non-zero inputs (M=2048, N=256, K=256, SampleA=0.0000, SampleB=-0.0096)
⚠️ GoffiMatMul Warning: Result is exactly zero despite non-zero inputs (M=2048, N=256, K=4080, SampleA=0.0000, SampleB=0.1487)
⚠️ GoffiMatMul Warning: Result is exactly zero despite non-zero inputs (M=2048, N=256, K=256, SampleA=0.0000, SampleB=-0.0096)
⚠️ GoffiMatMul Warning: Result is exactly zero despite non-zero inputs (M=2048, N=256, K=4080, SampleA=0.0000, SampleB=0.1487)
⚠️ GoffiMatMul Warning: Result is exactly zero despite non-zero inputs (M=2048, N=256, K=256, SampleA=0.0000, SampleB=-0.0096)
⚠️ GoffiMatMul Warning: Result is exactly zero despite non-zero inputs (M=2048, N=256, K=4080, SampleA=0.0000, SampleB=0.1487)
⚠️ GoffiMatMul Warning: Result is exactly zero despite non-zero inputs (M=2048, N=256, K=256, SampleA=0.0000, SampleB=-0.0096)
⚠️ GoffiMatMul Warning: Result is exactly zero despite non-zero inputs (M=2048, N=256, K=4080, SampleA=0.0000, SampleB=0.1488)
⚠️ GoffiMatMul Warning: Result is exactly zero despite non-zero inputs (M=2048, N=256, K=256, SampleA=0.0000, SampleB=-0.0096)
⚠️ GoffiMatMul Warning: Result is exactly zero despite non-zero inputs (M=2048, N=256, K=4080, SampleA=0.0000, SampleB=0.1488)
⚠️ GoffiMatMul Warning: Result is exactly zero despite non-zero inputs (M=2048, N=256, K=256, SampleA=0.0000, SampleB=-0.0096)
2026/04/18 11:24:33 mlm_training.go:569: ⏳ MLM: Step 570 in progress...
⚠️ GoffiMatMul Warning: Result is exactly zero despite non-zero inputs (M=2048, N=256, K=4080, SampleA=0.0000, SampleB=0.1488)
⚠️ GoffiMatMul Warning: Result is exactly zero despite non-zero inputs (M=2048, N=256, K=256, SampleA=0.0000, SampleB=-0.0096)
⚠️ GoffiMatMul Warning: Result is exactly zero despite non-zero inputs (M=2048, N=256, K=4080, SampleA=0.0000, SampleB=0.1488)
⚠️ GoffiMatMul Warning: Result is exactly zero despite non-zero inputs (M=2048, N=256, K=256, SampleA=0.0000, SampleB=-0.0096)
⚠️ GoffiMatMul Warning: Result is exactly zero despite non-zero inputs (M=2048, N=256, K=4080, SampleA=0.0000, SampleB=0.1488)
⚠️ GoffiMatMul Warning: Result is exactly zero despite non-zero inputs (M=2048, N=256, K=256, SampleA=0.0000, SampleB=-0.0096)
⚠️ GoffiMatMul Warning: Result is exactly zero despite non-zero inputs (M=2048, N=256, K=4080, SampleA=0.0000, SampleB=0.1488)
⚠️ GoffiMatMul Warning: Result is exactly zero despite non-zero inputs (M=2048, N=256, K=256, SampleA=0.0000, SampleB=-0.0096)
⚠️ GoffiMatMul Warning: Result is exactly zero despite non-zero inputs (M=2048, N=256, K=4080, SampleA=0.0000, SampleB=0.1488)
⚠️ GoffiMatMul Warning: Result is exactly zero despite non-zero inputs (M=2048, N=256, K=256, SampleA=0.0000, SampleB=-0.0096)
⚠️ GoffiMatMul Warning: Result is exactly zero despite non-zero inputs (M=2048, N=256, K=4080, SampleA=0.0000, SampleB=0.1488)
⚠️ GoffiMatMul Warning: Result is exactly zero despite non-zero inputs (M=2048, N=256, K=256, SampleA=0.0000, SampleB=-0.0096)
⚠️ GoffiMatMul Warning: Result is exactly zero despite non-zero inputs (M=2048, N=256, K=4080, SampleA=0.0000, SampleB=0.1488)
⚠️ GoffiMatMul Warning: Result is exactly zero despite non-zero inputs (M=2048, N=256, K=256, SampleA=0.0000, SampleB=-0.0096)
⚠️ GoffiMatMul Warning: Result is exactly zero despite non-zero inputs (M=2048, N=256, K=4080, SampleA=0.0000, SampleB=0.1488)
⚠️ GoffiMatMul Warning: Result is exactly zero despite non-zero inputs (M=2048, N=256, K=256, SampleA=0.0000, SampleB=-0.0096)
⚠️ GoffiMatMul Warning: Result is exactly zero despite non-zero inputs (M=2048, N=256, K=4080, SampleA=0.0000, SampleB=0.1488)
⚠️ GoffiMatMul Warning: Result is exactly zero despite non-zero inputs (M=2048, N=256, K=256, SampleA=0.0000, SampleB=-0.0096)
2026/04/18 11:27:50 mlm_training.go:569: ⏳ MLM: Step 580 in progress...
⚠️ GoffiMatMul Warning: Result is exactly zero despite non-zero inputs (M=2048, N=256, K=4080, SampleA=0.0000, SampleB=0.1488)
⚠️ GoffiMatMul Warning: Result is exactly zero despite non-zero inputs (M=2048, N=256, K=256, SampleA=0.0000, SampleB=-0.0096)
⚠️ GoffiMatMul Warning: Result is exactly zero despite non-zero inputs (M=2048, N=256, K=4080, SampleA=0.0000, SampleB=0.1488)
⚠️ GoffiMatMul Warning: Result is exactly zero despite non-zero inputs (M=2048, N=256, K=256, SampleA=0.0000, SampleB=-0.0095)
⚠️ GoffiMatMul Warning: Result is exactly zero despite non-zero inputs (M=2048, N=256, K=4080, SampleA=0.0000, SampleB=0.1488)
⚠️ GoffiMatMul Warning: Result is exactly zero despite non-zero inputs (M=2048, N=256, K=256, SampleA=0.0000, SampleB=-0.0095)
⚠️ GoffiMatMul Warning: Result is exactly zero despite non-zero inputs (M=544, N=256, K=4080, SampleA=0.0000, SampleB=0.1488)
⚠️ GoffiMatMul Warning: Result is exactly zero despite non-zero inputs (M=544, N=256, K=256, SampleA=0.0000, SampleB=-0.0095)
2026/04/18 11:28:56 mlm_training.go:635: 🎓 [MLM] Epoch 13/20 Complete | Avg Loss: 6.0933 | PPL: 442.9 | Batches: 45
2026/04/18 11:28:56 mlm_training.go:420: 🎓 MLM: Starting epoch 14 with 2833 sentences (Batch Size: 64)
⚠️ GoffiMatMul Warning: Result is exactly zero despite non-zero inputs (M=2048, N=256, K=4080, SampleA=0.0000, SampleB=0.1488)
⚠️ GoffiMatMul Warning: Result is exactly zero despite non-zero inputs (M=2048, N=256, K=256, SampleA=0.0000, SampleB=-0.0095)
⚠️ GoffiMatMul Warning: Result is exactly zero despite non-zero inputs (M=2048, N=256, K=4080, SampleA=0.0000, SampleB=0.1488)
⚠️ GoffiMatMul Warning: Result is exactly zero despite non-zero inputs (M=2048, N=256, K=256, SampleA=0.0000, SampleB=-0.0095)
⚠️ GoffiMatMul Warning: Result is exactly zero despite non-zero inputs (M=2048, N=256, K=4080, SampleA=0.0000, SampleB=0.1488)
⚠️ GoffiMatMul Warning: Result is exactly zero despite non-zero inputs (M=2048, N=256, K=256, SampleA=0.0000, SampleB=-0.0095)
⚠️ GoffiMatMul Warning: Result is exactly zero despite non-zero inputs (M=2048, N=256, K=4080, SampleA=0.0000, SampleB=0.1488)
⚠️ GoffiMatMul Warning: Result is exactly zero despite non-zero inputs (M=2048, N=256, K=256, SampleA=0.0000, SampleB=-0.0095)
⚠️ GoffiMatMul Warning: Result is exactly zero despite non-zero inputs (M=2048, N=256, K=4080, SampleA=0.0000, SampleB=0.1488)
⚠️ GoffiMatMul Warning: Result is exactly zero despite non-zero inputs (M=2048, N=256, K=256, SampleA=0.0000, SampleB=-0.0095)
⚠️ GoffiMatMul Warning: Result is exactly zero despite non-zero inputs (M=2048, N=256, K=4080, SampleA=0.0000, SampleB=0.1488)
⚠️ GoffiMatMul Warning: Result is exactly zero despite non-zero inputs (M=2048, N=256, K=256, SampleA=0.0000, SampleB=-0.0095)
2026/04/18 11:30:53 mlm_training.go:569: ⏳ MLM: Step 590 in progress...
⚠️ GoffiMatMul Warning: Result is exactly zero despite non-zero inputs (M=2048, N=256, K=4080, SampleA=0.0000, SampleB=0.1488)
⚠️ GoffiMatMul Warning: Result is exactly zero despite non-zero inputs (M=2048, N=256, K=256, SampleA=0.0000, SampleB=-0.0095)
⚠️ GoffiMatMul Warning: Result is exactly zero despite non-zero inputs (M=2048, N=256, K=4080, SampleA=0.0000, SampleB=0.1488)
⚠️ GoffiMatMul Warning: Result is exactly zero despite non-zero inputs (M=2048, N=256, K=4080, SampleA=0.0000, SampleB=0.1488)
⚠️ GoffiMatMul Warning: Result is exactly zero despite non-zero inputs (M=2048, N=256, K=256, SampleA=0.0000, SampleB=-0.0095)
⚠️ GoffiMatMul Warning: Result is exactly zero despite non-zero inputs (M=2048, N=256, K=4080, SampleA=0.0000, SampleB=0.1488)
⚠️ GoffiMatMul Warning: Result is exactly zero despite non-zero inputs (M=2048, N=256, K=256, SampleA=0.0000, SampleB=-0.0095)
⚠️ GoffiMatMul Warning: Result is exactly zero despite non-zero inputs (M=2048, N=256, K=4080, SampleA=0.0000, SampleB=0.1488)
⚠️ GoffiMatMul Warning: Result is exactly zero despite non-zero inputs (M=2048, N=256, K=256, SampleA=0.0000, SampleB=-0.0095)
⚠️ GoffiMatMul Warning: Result is exactly zero despite non-zero inputs (M=2048, N=256, K=4080, SampleA=0.0000, SampleB=0.1488)
⚠️ GoffiMatMul Warning: Result is exactly zero despite non-zero inputs (M=2048, N=256, K=256, SampleA=0.0000, SampleB=-0.0095)
⚠️ GoffiMatMul Warning: Result is exactly zero despite non-zero inputs (M=2048, N=256, K=4080, SampleA=0.0000, SampleB=0.1488)
⚠️ GoffiMatMul Warning: Result is exactly zero despite non-zero inputs (M=2048, N=256, K=256, SampleA=0.0000, SampleB=-0.0095)
⚠️ GoffiMatMul Warning: Result is exactly zero despite non-zero inputs (M=2048, N=256, K=4080, SampleA=0.0000, SampleB=0.1488)
⚠️ GoffiMatMul Warning: Result is exactly zero despite non-zero inputs (M=2048, N=256, K=4080, SampleA=0.0000, SampleB=0.1488)
⚠️ GoffiMatMul Warning: Result is exactly zero despite non-zero inputs (M=2048, N=256, K=256, SampleA=0.0000, SampleB=-0.0095)
2026/04/18 11:33:51 mlm_training.go:590: 🎓 [MLM] Step 600 | Loss: 5.9204 (smooth: 6.0583) | PPL: 987.2 | LR: 0.001399 | 0.1 steps/s
2026/04/18 11:33:51 mlm_training.go:775: [Intent: social]    🔍 '] [___] don't' → Answer: 'i' | Predicted: .(6.3%), ?(3.2%), a(2.7%) ❌
⚠️ GoffiMatMul Warning: Result is exactly zero despite non-zero inputs (M=2048, N=256, K=4080, SampleA=0.0000, SampleB=0.1488)
⚠️ GoffiMatMul Warning: Result is exactly zero despite non-zero inputs (M=2048, N=256, K=256, SampleA=0.0000, SampleB=-0.0095)
2026/04/18 11:34:12 mlm_training.go:569: ⏳ MLM: Step 600 in progress...
⚠️ GoffiMatMul Warning: Result is exactly zero despite non-zero inputs (M=2048, N=256, K=4080, SampleA=0.0000, SampleB=0.1488)
⚠️ GoffiMatMul Warning: Result is exactly zero despite non-zero inputs (M=2048, N=256, K=256, SampleA=0.0000, SampleB=-0.0095)
⚠️ GoffiMatMul Warning: Result is exactly zero despite non-zero inputs (M=2048, N=256, K=4080, SampleA=0.0000, SampleB=0.1488)
⚠️ GoffiMatMul Warning: Result is exactly zero despite non-zero inputs (M=2048, N=256, K=256, SampleA=0.0000, SampleB=-0.0095)
⚠️ GoffiMatMul Warning: Result is exactly zero despite non-zero inputs (M=2048, N=256, K=4080, SampleA=0.0000, SampleB=0.1488)
⚠️ GoffiMatMul Warning: Result is exactly zero despite non-zero inputs (M=2048, N=256, K=256, SampleA=0.0000, SampleB=-0.0095)
⚠️ GoffiMatMul Warning: Result is exactly zero despite non-zero inputs (M=2048, N=256, K=4080, SampleA=0.0000, SampleB=0.1488)
⚠️ GoffiMatMul Warning: Result is exactly zero despite non-zero inputs (M=2048, N=256, K=256, SampleA=0.0000, SampleB=-0.0095)
⚠️ GoffiMatMul Warning: Result is exactly zero despite non-zero inputs (M=2048, N=256, K=4080, SampleA=0.0000, SampleB=0.1489)
⚠️ GoffiMatMul Warning: Result is exactly zero despite non-zero inputs (M=2048, N=256, K=256, SampleA=0.0000, SampleB=-0.0095)
⚠️ GoffiMatMul Warning: Result is exactly zero despite non-zero inputs (M=2048, N=256, K=4080, SampleA=0.0000, SampleB=0.1489)
⚠️ GoffiMatMul Warning: Result is exactly zero despite non-zero inputs (M=2048, N=256, K=256, SampleA=0.0000, SampleB=-0.0095)
⚠️ GoffiMatMul Warning: Result is exactly zero despite non-zero inputs (M=2048, N=256, K=4080, SampleA=0.0000, SampleB=0.1489)
⚠️ GoffiMatMul Warning: Result is exactly zero despite non-zero inputs (M=2048, N=256, K=256, SampleA=0.0000, SampleB=-0.0095)
⚠️ GoffiMatMul Warning: Result is exactly zero despite non-zero inputs (M=2048, N=256, K=4080, SampleA=0.0000, SampleB=0.1489)
⚠️ GoffiMatMul Warning: Result is exactly zero despite non-zero inputs (M=2048, N=256, K=256, SampleA=0.0000, SampleB=-0.0095)
⚠️ GoffiMatMul Warning: Result is exactly zero despite non-zero inputs (M=2048, N=256, K=4080, SampleA=0.0000, SampleB=0.1489)
⚠️ GoffiMatMul Warning: Result is exactly zero despite non-zero inputs (M=2048, N=256, K=256, SampleA=0.0000, SampleB=-0.0095)
⚠️ GoffiMatMul Warning: Result is exactly zero despite non-zero inputs (M=2048, N=256, K=4080, SampleA=0.0000, SampleB=0.1489)
⚠️ GoffiMatMul Warning: Result is exactly zero despite non-zero inputs (M=2048, N=256, K=256, SampleA=0.0000, SampleB=-0.0094)
2026/04/18 11:37:30 mlm_training.go:569: ⏳ MLM: Step 610 in progress...
⚠️ GoffiMatMul Warning: Result is exactly zero despite non-zero inputs (M=2048, N=256, K=4080, SampleA=0.0000, SampleB=0.1489)
⚠️ GoffiMatMul Warning: Result is exactly zero despite non-zero inputs (M=2048, N=256, K=256, SampleA=0.0000, SampleB=-0.0094)
⚠️ GoffiMatMul Warning: Result is exactly zero despite non-zero inputs (M=2048, N=256, K=4080, SampleA=0.0000, SampleB=0.1489)
⚠️ GoffiMatMul Warning: Result is exactly zero despite non-zero inputs (M=2048, N=256, K=256, SampleA=0.0000, SampleB=-0.0094)
⚠️ GoffiMatMul Warning: Result is exactly zero despite non-zero inputs (M=2048, N=256, K=4080, SampleA=0.0000, SampleB=0.1490)
⚠️ GoffiMatMul Warning: Result is exactly zero despite non-zero inputs (M=2048, N=256, K=256, SampleA=0.0000, SampleB=-0.0094)
⚠️ GoffiMatMul Warning: Result is exactly zero despite non-zero inputs (M=2048, N=256, K=4080, SampleA=0.0000, SampleB=0.1490)
⚠️ GoffiMatMul Warning: Result is exactly zero despite non-zero inputs (M=2048, N=256, K=4080, SampleA=0.0000, SampleB=0.1490)
⚠️ GoffiMatMul Warning: Result is exactly zero despite non-zero inputs (M=2048, N=256, K=256, SampleA=0.0000, SampleB=-0.0094)
⚠️ GoffiMatMul Warning: Result is exactly zero despite non-zero inputs (M=2048, N=256, K=4080, SampleA=0.0000, SampleB=0.1490)
⚠️ GoffiMatMul Warning: Result is exactly zero despite non-zero inputs (M=2048, N=256, K=4080, SampleA=0.0000, SampleB=0.1490)
⚠️ GoffiMatMul Warning: Result is exactly zero despite non-zero inputs (M=2048, N=256, K=256, SampleA=0.0000, SampleB=-0.0093)
⚠️ GoffiMatMul Warning: Result is exactly zero despite non-zero inputs (M=2048, N=256, K=4080, SampleA=0.0000, SampleB=0.1490)
2026/04/18 11:40:49 mlm_training.go:569: ⏳ MLM: Step 620 in progress...
⚠️ GoffiMatMul Warning: Result is exactly zero despite non-zero inputs (M=2048, N=256, K=4080, SampleA=0.0000, SampleB=0.1490)
⚠️ GoffiMatMul Warning: Result is exactly zero despite non-zero inputs (M=2048, N=256, K=256, SampleA=0.0000, SampleB=-0.0093)
⚠️ GoffiMatMul Warning: Result is exactly zero despite non-zero inputs (M=2048, N=256, K=4080, SampleA=0.0000, SampleB=0.1490)
⚠️ GoffiMatMul Warning: Result is exactly zero despite non-zero inputs (M=2048, N=256, K=256, SampleA=0.0000, SampleB=-0.0093)
⚠️ GoffiMatMul Warning: Result is exactly zero despite non-zero inputs (M=2048, N=256, K=4080, SampleA=0.0000, SampleB=0.1490)
⚠️ GoffiMatMul Warning: Result is exactly zero despite non-zero inputs (M=2048, N=256, K=256, SampleA=0.0000, SampleB=-0.0093)
⚠️ GoffiMatMul Warning: Result is exactly zero despite non-zero inputs (M=2048, N=256, K=4080, SampleA=0.0000, SampleB=0.1491)
⚠️ GoffiMatMul Warning: Result is exactly zero despite non-zero inputs (M=2048, N=256, K=256, SampleA=0.0000, SampleB=-0.0093)
⚠️ GoffiMatMul Warning: Result is exactly zero despite non-zero inputs (M=2048, N=256, K=4080, SampleA=0.0000, SampleB=0.1491)
⚠️ GoffiMatMul Warning: Result is exactly zero despite non-zero inputs (M=2048, N=256, K=256, SampleA=0.0000, SampleB=-0.0093)
⚠️ GoffiMatMul Warning: Result is exactly zero despite non-zero inputs (M=2048, N=256, K=4080, SampleA=0.0000, SampleB=0.1491)
⚠️ GoffiMatMul Warning: Result is exactly zero despite non-zero inputs (M=2048, N=256, K=256, SampleA=0.0000, SampleB=-0.0093)
⚠️ GoffiMatMul Warning: Result is exactly zero despite non-zero inputs (M=2048, N=256, K=4080, SampleA=0.0000, SampleB=0.1491)
⚠️ GoffiMatMul Warning: Result is exactly zero despite non-zero inputs (M=2048, N=256, K=256, SampleA=0.0000, SampleB=-0.0093)
⚠️ GoffiMatMul Warning: Result is exactly zero despite non-zero inputs (M=2048, N=256, K=4080, SampleA=0.0000, SampleB=0.1491)
2026/04/18 11:43:34 mlm_training.go:635: 🎓 [MLM] Epoch 14/20 Complete | Avg Loss: 6.0618 | PPL: 429.1 | Batches: 45
2026/04/18 11:43:34 mlm_training.go:420: 🎓 MLM: Starting epoch 15 with 2833 sentences (Batch Size: 64)
⚠️ GoffiMatMul Warning: Result is exactly zero despite non-zero inputs (M=2048, N=256, K=4080, SampleA=0.0000, SampleB=0.1491)
⚠️ GoffiMatMul Warning: Result is exactly zero despite non-zero inputs (M=2048, N=256, K=256, SampleA=0.0000, SampleB=-0.0092)
2026/04/18 11:43:54 mlm_training.go:569: ⏳ MLM: Step 630 in progress...
⚠️ GoffiMatMul Warning: Result is exactly zero despite non-zero inputs (M=2048, N=256, K=4080, SampleA=0.0000, SampleB=0.1491)
⚠️ GoffiMatMul Warning: Result is exactly zero despite non-zero inputs (M=2048, N=256, K=256, SampleA=0.0000, SampleB=-0.0092)
⚠️ GoffiMatMul Warning: Result is exactly zero despite non-zero inputs (M=2048, N=256, K=4080, SampleA=0.0000, SampleB=0.1491)
⚠️ GoffiMatMul Warning: Result is exactly zero despite non-zero inputs (M=2048, N=256, K=256, SampleA=0.0000, SampleB=-0.0092)
⚠️ GoffiMatMul Warning: Result is exactly zero despite non-zero inputs (M=2048, N=256, K=4080, SampleA=0.0000, SampleB=0.1491)
⚠️ GoffiMatMul Warning: Result is exactly zero despite non-zero inputs (M=2048, N=256, K=256, SampleA=0.0000, SampleB=-0.0092)
⚠️ GoffiMatMul Warning: Result is exactly zero despite non-zero inputs (M=2048, N=256, K=4080, SampleA=0.0000, SampleB=0.1491)
⚠️ GoffiMatMul Warning: Result is exactly zero despite non-zero inputs (M=2048, N=256, K=256, SampleA=0.0000, SampleB=-0.0092)
⚠️ GoffiMatMul Warning: Result is exactly zero despite non-zero inputs (M=2048, N=256, K=4080, SampleA=0.0000, SampleB=0.1491)
⚠️ GoffiMatMul Warning: Result is exactly zero despite non-zero inputs (M=2048, N=256, K=256, SampleA=0.0000, SampleB=-0.0092)
⚠️ GoffiMatMul Warning: Result is exactly zero despite non-zero inputs (M=2048, N=256, K=4080, SampleA=0.0000, SampleB=0.1491)
⚠️ GoffiMatMul Warning: Result is exactly zero despite non-zero inputs (M=2048, N=256, K=256, SampleA=0.0000, SampleB=-0.0092)
⚠️ GoffiMatMul Warning: Result is exactly zero despite non-zero inputs (M=2048, N=256, K=4080, SampleA=0.0000, SampleB=0.1491)
⚠️ GoffiMatMul Warning: Result is exactly zero despite non-zero inputs (M=2048, N=256, K=256, SampleA=0.0000, SampleB=-0.0091)
⚠️ GoffiMatMul Warning: Result is exactly zero despite non-zero inputs (M=2048, N=256, K=4080, SampleA=0.0000, SampleB=0.1491)
⚠️ GoffiMatMul Warning: Result is exactly zero despite non-zero inputs (M=2048, N=256, K=256, SampleA=0.0000, SampleB=-0.0091)
⚠️ GoffiMatMul Warning: Result is exactly zero despite non-zero inputs (M=2048, N=256, K=4080, SampleA=0.0000, SampleB=0.1491)
⚠️ GoffiMatMul Warning: Result is exactly zero despite non-zero inputs (M=2048, N=256, K=256, SampleA=0.0000, SampleB=-0.0091)
⚠️ GoffiMatMul Warning: Result is exactly zero despite non-zero inputs (M=2048, N=256, K=4080, SampleA=0.0000, SampleB=0.1491)
⚠️ GoffiMatMul Warning: Result is exactly zero despite non-zero inputs (M=2048, N=256, K=256, SampleA=0.0000, SampleB=-0.0091)
2026/04/18 11:47:12 mlm_training.go:569: ⏳ MLM: Step 640 in progress...
⚠️ GoffiMatMul Warning: Result is exactly zero despite non-zero inputs (M=2048, N=256, K=4080, SampleA=0.0000, SampleB=0.1491)
⚠️ GoffiMatMul Warning: Result is exactly zero despite non-zero inputs (M=2048, N=256, K=256, SampleA=0.0000, SampleB=-0.0091)
⚠️ GoffiMatMul Warning: Result is exactly zero despite non-zero inputs (M=2048, N=256, K=4080, SampleA=0.0000, SampleB=0.1491)
⚠️ GoffiMatMul Warning: Result is exactly zero despite non-zero inputs (M=2048, N=256, K=256, SampleA=0.0000, SampleB=-0.0091)
⚠️ GoffiMatMul Warning: Result is exactly zero despite non-zero inputs (M=2048, N=256, K=4080, SampleA=0.0000, SampleB=0.1491)
⚠️ GoffiMatMul Warning: Result is exactly zero despite non-zero inputs (M=2048, N=256, K=256, SampleA=0.0000, SampleB=-0.0091)
⚠️ GoffiMatMul Warning: Result is exactly zero despite non-zero inputs (M=2048, N=256, K=4080, SampleA=0.0000, SampleB=0.1491)
⚠️ GoffiMatMul Warning: Result is exactly zero despite non-zero inputs (M=2048, N=256, K=256, SampleA=0.0000, SampleB=-0.0091)
⚠️ GoffiMatMul Warning: Result is exactly zero despite non-zero inputs (M=2048, N=256, K=4080, SampleA=0.0000, SampleB=0.1491)
⚠️ GoffiMatMul Warning: Result is exactly zero despite non-zero inputs (M=2048, N=256, K=256, SampleA=0.0000, SampleB=-0.0091)
⚠️ GoffiMatMul Warning: Result is exactly zero despite non-zero inputs (M=2048, N=256, K=4080, SampleA=0.0000, SampleB=0.1491)
⚠️ GoffiMatMul Warning: Result is exactly zero despite non-zero inputs (M=2048, N=256, K=256, SampleA=0.0000, SampleB=-0.0091)
⚠️ GoffiMatMul Warning: Result is exactly zero despite non-zero inputs (M=2048, N=256, K=4080, SampleA=0.0000, SampleB=0.1491)
⚠️ GoffiMatMul Warning: Result is exactly zero despite non-zero inputs (M=2048, N=256, K=256, SampleA=0.0000, SampleB=-0.0091)
⚠️ GoffiMatMul Warning: Result is exactly zero despite non-zero inputs (M=2048, N=256, K=4080, SampleA=0.0000, SampleB=0.1491)
⚠️ GoffiMatMul Warning: Result is exactly zero despite non-zero inputs (M=2048, N=256, K=256, SampleA=0.0000, SampleB=-0.0091)
⚠️ GoffiMatMul Warning: Result is exactly zero despite non-zero inputs (M=2048, N=256, K=4080, SampleA=0.0000, SampleB=0.1491)
⚠️ GoffiMatMul Warning: Result is exactly zero despite non-zero inputs (M=2048, N=256, K=256, SampleA=0.0000, SampleB=-0.0091)
2026/04/18 11:50:13 mlm_training.go:590: 🎓 [MLM] Step 650 | Loss: 6.1404 (smooth: 6.1255) | PPL: 934.2 | LR: 0.000978 | 0.1 steps/s
2026/04/18 11:50:13 mlm_training.go:775: [Intent: social]    🔍 'on [___] of' → Answer: 'top' | Predicted: .(6.3%), ?(3.1%), a(3.0%) ❌
⚠️ GoffiMatMul Warning: Result is exactly zero despite non-zero inputs (M=2048, N=256, K=4080, SampleA=0.0000, SampleB=0.1491)
⚠️ GoffiMatMul Warning: Result is exactly zero despite non-zero inputs (M=2048, N=256, K=256, SampleA=0.0000, SampleB=-0.0091)
2026/04/18 11:50:34 mlm_training.go:569: ⏳ MLM: Step 650 in progress...
⚠️ GoffiMatMul Warning: Result is exactly zero despite non-zero inputs (M=2048, N=256, K=4080, SampleA=0.0000, SampleB=0.1491)
⚠️ GoffiMatMul Warning: Result is exactly zero despite non-zero inputs (M=2048, N=256, K=256, SampleA=0.0000, SampleB=-0.0091)
⚠️ GoffiMatMul Warning: Result is exactly zero despite non-zero inputs (M=2048, N=256, K=4080, SampleA=0.0000, SampleB=0.1491)
⚠️ GoffiMatMul Warning: Result is exactly zero despite non-zero inputs (M=2048, N=256, K=256, SampleA=0.0000, SampleB=-0.0091)
⚠️ GoffiMatMul Warning: Result is exactly zero despite non-zero inputs (M=2048, N=256, K=4080, SampleA=0.0000, SampleB=0.1491)
⚠️ GoffiMatMul Warning: Result is exactly zero despite non-zero inputs (M=2048, N=256, K=256, SampleA=0.0000, SampleB=-0.0091)
⚠️ GoffiMatMul Warning: Result is exactly zero despite non-zero inputs (M=2048, N=256, K=4080, SampleA=0.0000, SampleB=0.1491)
⚠️ GoffiMatMul Warning: Result is exactly zero despite non-zero inputs (M=2048, N=256, K=256, SampleA=0.0000, SampleB=-0.0091)
⚠️ GoffiMatMul Warning: Result is exactly zero despite non-zero inputs (M=2048, N=256, K=4080, SampleA=0.0000, SampleB=0.1491)
⚠️ GoffiMatMul Warning: Result is exactly zero despite non-zero inputs (M=2048, N=256, K=256, SampleA=0.0000, SampleB=-0.0091)
⚠️ GoffiMatMul Warning: Result is exactly zero despite non-zero inputs (M=2048, N=256, K=4080, SampleA=0.0000, SampleB=0.1491)
⚠️ GoffiMatMul Warning: Result is exactly zero despite non-zero inputs (M=2048, N=256, K=256, SampleA=0.0000, SampleB=-0.0091)
⚠️ GoffiMatMul Warning: Result is exactly zero despite non-zero inputs (M=2048, N=256, K=4080, SampleA=0.0000, SampleB=0.1491)
⚠️ GoffiMatMul Warning: Result is exactly zero despite non-zero inputs (M=2048, N=256, K=256, SampleA=0.0000, SampleB=-0.0091)
⚠️ GoffiMatMul Warning: Result is exactly zero despite non-zero inputs (M=2048, N=256, K=4080, SampleA=0.0000, SampleB=0.1491)
⚠️ GoffiMatMul Warning: Result is exactly zero despite non-zero inputs (M=2048, N=256, K=256, SampleA=0.0000, SampleB=-0.0091)
⚠️ GoffiMatMul Warning: Result is exactly zero despite non-zero inputs (M=2048, N=256, K=4080, SampleA=0.0000, SampleB=0.1491)
⚠️ GoffiMatMul Warning: Result is exactly zero despite non-zero inputs (M=2048, N=256, K=256, SampleA=0.0000, SampleB=-0.0091)
2026/04/18 11:53:52 mlm_training.go:569: ⏳ MLM: Step 660 in progress...
⚠️ GoffiMatMul Warning: Result is exactly zero despite non-zero inputs (M=2048, N=256, K=4080, SampleA=0.0000, SampleB=0.1492)
⚠️ GoffiMatMul Warning: Result is exactly zero despite non-zero inputs (M=2048, N=256, K=256, SampleA=0.0000, SampleB=-0.0090)
⚠️ GoffiMatMul Warning: Result is exactly zero despite non-zero inputs (M=2048, N=256, K=4080, SampleA=0.0000, SampleB=0.1492)
⚠️ GoffiMatMul Warning: Result is exactly zero despite non-zero inputs (M=2048, N=256, K=256, SampleA=0.0000, SampleB=-0.0090)
⚠️ GoffiMatMul Warning: Result is exactly zero despite non-zero inputs (M=2048, N=256, K=4080, SampleA=0.0000, SampleB=0.1492)
⚠️ GoffiMatMul Warning: Result is exactly zero despite non-zero inputs (M=2048, N=256, K=256, SampleA=0.0000, SampleB=-0.0090)
⚠️ GoffiMatMul Warning: Result is exactly zero despite non-zero inputs (M=2048, N=256, K=4080, SampleA=0.0000, SampleB=0.1492)
⚠️ GoffiMatMul Warning: Result is exactly zero despite non-zero inputs (M=2048, N=256, K=256, SampleA=0.0000, SampleB=-0.0090)
⚠️ GoffiMatMul Warning: Result is exactly zero despite non-zero inputs (M=2048, N=256, K=4080, SampleA=0.0000, SampleB=0.1492)
⚠️ GoffiMatMul Warning: Result is exactly zero despite non-zero inputs (M=2048, N=256, K=256, SampleA=0.0000, SampleB=-0.0090)
⚠️ GoffiMatMul Warning: Result is exactly zero despite non-zero inputs (M=2048, N=256, K=4080, SampleA=0.0000, SampleB=0.1492)
⚠️ GoffiMatMul Warning: Result is exactly zero despite non-zero inputs (M=2048, N=256, K=256, SampleA=0.0000, SampleB=-0.0090)
⚠️ GoffiMatMul Warning: Result is exactly zero despite non-zero inputs (M=2048, N=256, K=4080, SampleA=0.0000, SampleB=0.1492)
⚠️ GoffiMatMul Warning: Result is exactly zero despite non-zero inputs (M=2048, N=256, K=256, SampleA=0.0000, SampleB=-0.0090)
⚠️ GoffiMatMul Warning: Result is exactly zero despite non-zero inputs (M=2048, N=256, K=4080, SampleA=0.0000, SampleB=0.1492)
⚠️ GoffiMatMul Warning: Result is exactly zero despite non-zero inputs (M=2048, N=256, K=256, SampleA=0.0000, SampleB=-0.0090)
⚠️ GoffiMatMul Warning: Result is exactly zero despite non-zero inputs (M=2048, N=256, K=4080, SampleA=0.0000, SampleB=0.1492)
⚠️ GoffiMatMul Warning: Result is exactly zero despite non-zero inputs (M=2048, N=256, K=256, SampleA=0.0000, SampleB=-0.0090)
2026/04/18 11:57:09 mlm_training.go:569: ⏳ MLM: Step 670 in progress...
⚠️ GoffiMatMul Warning: Result is exactly zero despite non-zero inputs (M=2048, N=256, K=4080, SampleA=0.0000, SampleB=0.1492)
⚠️ GoffiMatMul Warning: Result is exactly zero despite non-zero inputs (M=2048, N=256, K=256, SampleA=0.0000, SampleB=-0.0090)
⚠️ GoffiMatMul Warning: Result is exactly zero despite non-zero inputs (M=2048, N=256, K=4080, SampleA=0.0000, SampleB=0.1492)
⚠️ GoffiMatMul Warning: Result is exactly zero despite non-zero inputs (M=2048, N=256, K=256, SampleA=0.0000, SampleB=-0.0090)
⚠️ GoffiMatMul Warning: Result is exactly zero despite non-zero inputs (M=2048, N=256, K=4080, SampleA=0.0000, SampleB=0.1492)
⚠️ GoffiMatMul Warning: Result is exactly zero despite non-zero inputs (M=2048, N=256, K=256, SampleA=0.0000, SampleB=-0.0090)
⚠️ GoffiMatMul Warning: Result is exactly zero despite non-zero inputs (M=544, N=256, K=4080, SampleA=0.0000, SampleB=0.1492)
2026/04/18 11:58:13 mlm_training.go:635: 🎓 [MLM] Epoch 15/20 Complete | Avg Loss: 6.0916 | PPL: 442.1 | Batches: 45
2026/04/18 11:58:13 mlm_training.go:420: 🎓 MLM: Starting epoch 16 with 2833 sentences (Batch Size: 64)
⚠️ GoffiMatMul Warning: Result is exactly zero despite non-zero inputs (M=2048, N=256, K=4080, SampleA=0.0000, SampleB=0.1492)
⚠️ GoffiMatMul Warning: Result is exactly zero despite non-zero inputs (M=2048, N=256, K=256, SampleA=0.0000, SampleB=-0.0090)
⚠️ GoffiMatMul Warning: Result is exactly zero despite non-zero inputs (M=2048, N=256, K=4080, SampleA=0.0000, SampleB=0.1492)
⚠️ GoffiMatMul Warning: Result is exactly zero despite non-zero inputs (M=2048, N=256, K=256, SampleA=0.0000, SampleB=-0.0090)
⚠️ GoffiMatMul Warning: Result is exactly zero despite non-zero inputs (M=2048, N=256, K=4080, SampleA=0.0000, SampleB=0.1492)
⚠️ GoffiMatMul Warning: Result is exactly zero despite non-zero inputs (M=2048, N=256, K=256, SampleA=0.0000, SampleB=-0.0090)
⚠️ GoffiMatMul Warning: Result is exactly zero despite non-zero inputs (M=2048, N=256, K=4080, SampleA=0.0000, SampleB=0.1492)
⚠️ GoffiMatMul Warning: Result is exactly zero despite non-zero inputs (M=2048, N=256, K=4080, SampleA=0.0000, SampleB=0.1492)
⚠️ GoffiMatMul Warning: Result is exactly zero despite non-zero inputs (M=2048, N=256, K=256, SampleA=0.0000, SampleB=-0.0090)
⚠️ GoffiMatMul Warning: Result is exactly zero despite non-zero inputs (M=2048, N=256, K=4080, SampleA=0.0000, SampleB=0.1492)
⚠️ GoffiMatMul Warning: Result is exactly zero despite non-zero inputs (M=2048, N=256, K=256, SampleA=0.0000, SampleB=-0.0090)
2026/04/18 12:00:14 mlm_training.go:569: ⏳ MLM: Step 680 in progress...
⚠️ GoffiMatMul Warning: Result is exactly zero despite non-zero inputs (M=2048, N=256, K=4080, SampleA=0.0000, SampleB=0.1492)
⚠️ GoffiMatMul Warning: Result is exactly zero despite non-zero inputs (M=2048, N=256, K=256, SampleA=0.0000, SampleB=-0.0089)
⚠️ GoffiMatMul Warning: Result is exactly zero despite non-zero inputs (M=2048, N=256, K=4080, SampleA=0.0000, SampleB=0.1492)
⚠️ GoffiMatMul Warning: Result is exactly zero despite non-zero inputs (M=2048, N=256, K=4080, SampleA=0.0000, SampleB=0.1492)
⚠️ GoffiMatMul Warning: Result is exactly zero despite non-zero inputs (M=2048, N=256, K=4080, SampleA=0.0000, SampleB=0.1492)
⚠️ GoffiMatMul Warning: Result is exactly zero despite non-zero inputs (M=2048, N=256, K=256, SampleA=0.0000, SampleB=-0.0089)
⚠️ GoffiMatMul Warning: Result is exactly zero despite non-zero inputs (M=2048, N=256, K=4080, SampleA=0.0000, SampleB=0.1492)
⚠️ GoffiMatMul Warning: Result is exactly zero despite non-zero inputs (M=2048, N=256, K=256, SampleA=0.0000, SampleB=-0.0089)
⚠️ GoffiMatMul Warning: Result is exactly zero despite non-zero inputs (M=2048, N=256, K=4080, SampleA=0.0000, SampleB=0.1492)
⚠️ GoffiMatMul Warning: Result is exactly zero despite non-zero inputs (M=2048, N=256, K=256, SampleA=0.0000, SampleB=-0.0089)
⚠️ GoffiMatMul Warning: Result is exactly zero despite non-zero inputs (M=2048, N=256, K=4080, SampleA=0.0000, SampleB=0.1492)
⚠️ GoffiMatMul Warning: Result is exactly zero despite non-zero inputs (M=2048, N=256, K=4080, SampleA=0.0000, SampleB=0.1492)
⚠️ GoffiMatMul Warning: Result is exactly zero despite non-zero inputs (M=2048, N=256, K=256, SampleA=0.0000, SampleB=-0.0089)
⚠️ GoffiMatMul Warning: Result is exactly zero despite non-zero inputs (M=2048, N=256, K=4080, SampleA=0.0000, SampleB=0.1492)
⚠️ GoffiMatMul Warning: Result is exactly zero despite non-zero inputs (M=2048, N=256, K=256, SampleA=0.0000, SampleB=-0.0089)
⚠️ GoffiMatMul Warning: Result is exactly zero despite non-zero inputs (M=2048, N=256, K=4080, SampleA=0.0000, SampleB=0.1492)
⚠️ GoffiMatMul Warning: Result is exactly zero despite non-zero inputs (M=2048, N=256, K=256, SampleA=0.0000, SampleB=-0.0089)
2026/04/18 12:03:32 mlm_training.go:569: ⏳ MLM: Step 690 in progress...
⚠️ GoffiMatMul Warning: Result is exactly zero despite non-zero inputs (M=2048, N=256, K=4080, SampleA=0.0000, SampleB=0.1492)
⚠️ GoffiMatMul Warning: Result is exactly zero despite non-zero inputs (M=2048, N=256, K=256, SampleA=0.0000, SampleB=-0.0089)
⚠️ GoffiMatMul Warning: Result is exactly zero despite non-zero inputs (M=2048, N=256, K=4080, SampleA=0.0000, SampleB=0.1492)
⚠️ GoffiMatMul Warning: Result is exactly zero despite non-zero inputs (M=2048, N=256, K=256, SampleA=0.0000, SampleB=-0.0089)
⚠️ GoffiMatMul Warning: Result is exactly zero despite non-zero inputs (M=2048, N=256, K=4080, SampleA=0.0000, SampleB=0.1492)
⚠️ GoffiMatMul Warning: Result is exactly zero despite non-zero inputs (M=2048, N=256, K=256, SampleA=0.0000, SampleB=-0.0089)
⚠️ GoffiMatMul Warning: Result is exactly zero despite non-zero inputs (M=2048, N=256, K=4080, SampleA=0.0000, SampleB=0.1492)
⚠️ GoffiMatMul Warning: Result is exactly zero despite non-zero inputs (M=2048, N=256, K=4080, SampleA=0.0000, SampleB=0.1492)
⚠️ GoffiMatMul Warning: Result is exactly zero despite non-zero inputs (M=2048, N=256, K=256, SampleA=0.0000, SampleB=-0.0089)
⚠️ GoffiMatMul Warning: Result is exactly zero despite non-zero inputs (M=2048, N=256, K=4080, SampleA=0.0000, SampleB=0.1492)
⚠️ GoffiMatMul Warning: Result is exactly zero despite non-zero inputs (M=2048, N=256, K=256, SampleA=0.0000, SampleB=-0.0089)
⚠️ GoffiMatMul Warning: Result is exactly zero despite non-zero inputs (M=2048, N=256, K=4080, SampleA=0.0000, SampleB=0.1493)
⚠️ GoffiMatMul Warning: Result is exactly zero despite non-zero inputs (M=2048, N=256, K=256, SampleA=0.0000, SampleB=-0.0089)
⚠️ GoffiMatMul Warning: Result is exactly zero despite non-zero inputs (M=2048, N=256, K=4080, SampleA=0.0000, SampleB=0.1493)
⚠️ GoffiMatMul Warning: Result is exactly zero despite non-zero inputs (M=2048, N=256, K=4080, SampleA=0.0000, SampleB=0.1493)
⚠️ GoffiMatMul Warning: Result is exactly zero despite non-zero inputs (M=2048, N=256, K=256, SampleA=0.0000, SampleB=-0.0089)
2026/04/18 12:06:31 mlm_training.go:590: 🎓 [MLM] Step 700 | Loss: 6.3437 (smooth: 6.0666) | PPL: 883.9 | LR: 0.000617 | 0.1 steps/s
2026/04/18 12:06:31 mlm_training.go:775: [Intent: social]    🔍 'ready [___] waiting' → Answer: 'and' | Predicted: .(6.3%), ?(3.2%), a(2.8%) ❌
⚠️ GoffiMatMul Warning: Result is exactly zero despite non-zero inputs (M=2048, N=256, K=4080, SampleA=0.0000, SampleB=0.1493)
2026/04/18 12:06:51 mlm_training.go:569: ⏳ MLM: Step 700 in progress...
⚠️ GoffiMatMul Warning: Result is exactly zero despite non-zero inputs (M=2048, N=256, K=4080, SampleA=0.0000, SampleB=0.1493)
⚠️ GoffiMatMul Warning: Result is exactly zero despite non-zero inputs (M=2048, N=256, K=256, SampleA=0.0000, SampleB=-0.0089)
⚠️ GoffiMatMul Warning: Result is exactly zero despite non-zero inputs (M=2048, N=256, K=4080, SampleA=0.0000, SampleB=0.1493)
⚠️ GoffiMatMul Warning: Result is exactly zero despite non-zero inputs (M=2048, N=256, K=256, SampleA=0.0000, SampleB=-0.0089)
⚠️ GoffiMatMul Warning: Result is exactly zero despite non-zero inputs (M=2048, N=256, K=4080, SampleA=0.0000, SampleB=0.1493)
⚠️ GoffiMatMul Warning: Result is exactly zero despite non-zero inputs (M=2048, N=256, K=256, SampleA=0.0000, SampleB=-0.0089)
⚠️ GoffiMatMul Warning: Result is exactly zero despite non-zero inputs (M=2048, N=256, K=4080, SampleA=0.0000, SampleB=0.1493)
⚠️ GoffiMatMul Warning: Result is exactly zero despite non-zero inputs (M=2048, N=256, K=4080, SampleA=0.0000, SampleB=0.1493)
⚠️ GoffiMatMul Warning: Result is exactly zero despite non-zero inputs (M=2048, N=256, K=4080, SampleA=0.0000, SampleB=0.1493)
⚠️ GoffiMatMul Warning: Result is exactly zero despite non-zero inputs (M=2048, N=256, K=256, SampleA=0.0000, SampleB=-0.0089)
⚠️ GoffiMatMul Warning: Result is exactly zero despite non-zero inputs (M=2048, N=256, K=4080, SampleA=0.0000, SampleB=0.1493)
⚠️ GoffiMatMul Warning: Result is exactly zero despite non-zero inputs (M=2048, N=256, K=256, SampleA=0.0000, SampleB=-0.0089)
⚠️ GoffiMatMul Warning: Result is exactly zero despite non-zero inputs (M=2048, N=256, K=4080, SampleA=0.0000, SampleB=0.1493)
⚠️ GoffiMatMul Warning: Result is exactly zero despite non-zero inputs (M=2048, N=256, K=256, SampleA=0.0000, SampleB=-0.0089)
⚠️ GoffiMatMul Warning: Result is exactly zero despite non-zero inputs (M=2048, N=256, K=4080, SampleA=0.0000, SampleB=0.1493)
⚠️ GoffiMatMul Warning: Result is exactly zero despite non-zero inputs (M=2048, N=256, K=256, SampleA=0.0000, SampleB=-0.0089)
2026/04/18 12:10:12 mlm_training.go:569: ⏳ MLM: Step 710 in progress...
⚠️ GoffiMatMul Warning: Result is exactly zero despite non-zero inputs (M=2048, N=256, K=4080, SampleA=0.0000, SampleB=0.1493)
⚠️ GoffiMatMul Warning: Result is exactly zero despite non-zero inputs (M=2048, N=256, K=256, SampleA=0.0000, SampleB=-0.0089)
⚠️ GoffiMatMul Warning: Result is exactly zero despite non-zero inputs (M=2048, N=256, K=4080, SampleA=0.0000, SampleB=0.1493)
⚠️ GoffiMatMul Warning: Result is exactly zero despite non-zero inputs (M=2048, N=256, K=256, SampleA=0.0000, SampleB=-0.0089)
⚠️ GoffiMatMul Warning: Result is exactly zero despite non-zero inputs (M=2048, N=256, K=4080, SampleA=0.0000, SampleB=0.1493)
⚠️ GoffiMatMul Warning: Result is exactly zero despite non-zero inputs (M=2048, N=256, K=4080, SampleA=0.0000, SampleB=0.1493)
⚠️ GoffiMatMul Warning: Result is exactly zero despite non-zero inputs (M=2048, N=256, K=256, SampleA=0.0000, SampleB=-0.0089)
⚠️ GoffiMatMul Warning: Result is exactly zero despite non-zero inputs (M=2048, N=256, K=4080, SampleA=0.0000, SampleB=0.1493)
⚠️ GoffiMatMul Warning: Result is exactly zero despite non-zero inputs (M=2048, N=256, K=256, SampleA=0.0000, SampleB=-0.0089)
⚠️ GoffiMatMul Warning: Result is exactly zero despite non-zero inputs (M=2048, N=256, K=4080, SampleA=0.0000, SampleB=0.1493)
⚠️ GoffiMatMul Warning: Result is exactly zero despite non-zero inputs (M=2048, N=256, K=256, SampleA=0.0000, SampleB=-0.0089)
⚠️ GoffiMatMul Warning: Result is exactly zero despite non-zero inputs (M=2048, N=256, K=4080, SampleA=0.0000, SampleB=0.1493)
⚠️ GoffiMatMul Warning: Result is exactly zero despite non-zero inputs (M=2048, N=256, K=256, SampleA=0.0000, SampleB=-0.0089)
⚠️ GoffiMatMul Warning: Result is exactly zero despite non-zero inputs (M=2048, N=256, K=4080, SampleA=0.0000, SampleB=0.1493)
⚠️ GoffiMatMul Warning: Result is exactly zero despite non-zero inputs (M=2048, N=256, K=256, SampleA=0.0000, SampleB=-0.0089)
⚠️ GoffiMatMul Warning: Result is exactly zero despite non-zero inputs (M=544, N=256, K=4080, SampleA=0.0000, SampleB=0.1493)
⚠️ GoffiMatMul Warning: Result is exactly zero despite non-zero inputs (M=544, N=256, K=256, SampleA=0.0000, SampleB=-0.0089)
2026/04/18 12:12:59 mlm_training.go:635: 🎓 [MLM] Epoch 16/20 Complete | Avg Loss: 6.0595 | PPL: 428.2 | Batches: 45
2026/04/18 12:12:59 mlm_training.go:420: 🎓 MLM: Starting epoch 17 with 2833 sentences (Batch Size: 64)
⚠️ GoffiMatMul Warning: Result is exactly zero despite non-zero inputs (M=2048, N=256, K=4080, SampleA=0.0000, SampleB=0.1493)
⚠️ GoffiMatMul Warning: Result is exactly zero despite non-zero inputs (M=2048, N=256, K=256, SampleA=0.0000, SampleB=-0.0089)
2026/04/18 12:13:18 mlm_training.go:569: ⏳ MLM: Step 720 in progress...
⚠️ GoffiMatMul Warning: Result is exactly zero despite non-zero inputs (M=2048, N=256, K=4080, SampleA=0.0000, SampleB=0.1493)
⚠️ GoffiMatMul Warning: Result is exactly zero despite non-zero inputs (M=2048, N=256, K=256, SampleA=0.0000, SampleB=-0.0089)
⚠️ GoffiMatMul Warning: Result is exactly zero despite non-zero inputs (M=2048, N=256, K=4080, SampleA=0.0000, SampleB=0.1493)
⚠️ GoffiMatMul Warning: Result is exactly zero despite non-zero inputs (M=2048, N=256, K=256, SampleA=0.0000, SampleB=-0.0089)
⚠️ GoffiMatMul Warning: Result is exactly zero despite non-zero inputs (M=2048, N=256, K=4080, SampleA=0.0000, SampleB=0.1493)
⚠️ GoffiMatMul Warning: Result is exactly zero despite non-zero inputs (M=2048, N=256, K=256, SampleA=0.0000, SampleB=-0.0089)
⚠️ GoffiMatMul Warning: Result is exactly zero despite non-zero inputs (M=2048, N=256, K=4080, SampleA=0.0000, SampleB=0.1493)
⚠️ GoffiMatMul Warning: Result is exactly zero despite non-zero inputs (M=2048, N=256, K=256, SampleA=0.0000, SampleB=-0.0089)
⚠️ GoffiMatMul Warning: Result is exactly zero despite non-zero inputs (M=2048, N=256, K=4080, SampleA=0.0000, SampleB=0.1493)
⚠️ GoffiMatMul Warning: Result is exactly zero despite non-zero inputs (M=2048, N=256, K=256, SampleA=0.0000, SampleB=-0.0089)
⚠️ GoffiMatMul Warning: Result is exactly zero despite non-zero inputs (M=2048, N=256, K=4080, SampleA=0.0000, SampleB=0.1493)
⚠️ GoffiMatMul Warning: Result is exactly zero despite non-zero inputs (M=2048, N=256, K=256, SampleA=0.0000, SampleB=-0.0089)
⚠️ GoffiMatMul Warning: Result is exactly zero despite non-zero inputs (M=2048, N=256, K=4080, SampleA=0.0000, SampleB=0.1493)
⚠️ GoffiMatMul Warning: Result is exactly zero despite non-zero inputs (M=2048, N=256, K=256, SampleA=0.0000, SampleB=-0.0089)
⚠️ GoffiMatMul Warning: Result is exactly zero despite non-zero inputs (M=2048, N=256, K=4080, SampleA=0.0000, SampleB=0.1493)
⚠️ GoffiMatMul Warning: Result is exactly zero despite non-zero inputs (M=2048, N=256, K=256, SampleA=0.0000, SampleB=-0.0089)
⚠️ GoffiMatMul Warning: Result is exactly zero despite non-zero inputs (M=2048, N=256, K=4080, SampleA=0.0000, SampleB=0.1493)
⚠️ GoffiMatMul Warning: Result is exactly zero despite non-zero inputs (M=2048, N=256, K=256, SampleA=0.0000, SampleB=-0.0089)
2026/04/18 12:16:38 mlm_training.go:569: ⏳ MLM: Step 730 in progress...
⚠️ GoffiMatMul Warning: Result is exactly zero despite non-zero inputs (M=2048, N=256, K=4080, SampleA=0.0000, SampleB=0.1493)
⚠️ GoffiMatMul Warning: Result is exactly zero despite non-zero inputs (M=2048, N=256, K=256, SampleA=0.0000, SampleB=-0.0089)
⚠️ GoffiMatMul Warning: Result is exactly zero despite non-zero inputs (M=2048, N=256, K=4080, SampleA=0.0000, SampleB=0.1493)
⚠️ GoffiMatMul Warning: Result is exactly zero despite non-zero inputs (M=2048, N=256, K=256, SampleA=0.0000, SampleB=-0.0088)
⚠️ GoffiMatMul Warning: Result is exactly zero despite non-zero inputs (M=2048, N=256, K=4080, SampleA=0.0000, SampleB=0.1493)
⚠️ GoffiMatMul Warning: Result is exactly zero despite non-zero inputs (M=2048, N=256, K=256, SampleA=0.0000, SampleB=-0.0088)
⚠️ GoffiMatMul Warning: Result is exactly zero despite non-zero inputs (M=2048, N=256, K=4080, SampleA=0.0000, SampleB=0.1493)
⚠️ GoffiMatMul Warning: Result is exactly zero despite non-zero inputs (M=2048, N=256, K=256, SampleA=0.0000, SampleB=-0.0088)
⚠️ GoffiMatMul Warning: Result is exactly zero despite non-zero inputs (M=2048, N=256, K=4080, SampleA=0.0000, SampleB=0.1493)
⚠️ GoffiMatMul Warning: Result is exactly zero despite non-zero inputs (M=2048, N=256, K=256, SampleA=0.0000, SampleB=-0.0088)
⚠️ GoffiMatMul Warning: Result is exactly zero despite non-zero inputs (M=2048, N=256, K=4080, SampleA=0.0000, SampleB=0.1493)
⚠️ GoffiMatMul Warning: Result is exactly zero despite non-zero inputs (M=2048, N=256, K=256, SampleA=0.0000, SampleB=-0.0088)
⚠️ GoffiMatMul Warning: Result is exactly zero despite non-zero inputs (M=2048, N=256, K=4080, SampleA=0.0000, SampleB=0.1493)
⚠️ GoffiMatMul Warning: Result is exactly zero despite non-zero inputs (M=2048, N=256, K=256, SampleA=0.0000, SampleB=-0.0088)
⚠️ GoffiMatMul Warning: Result is exactly zero despite non-zero inputs (M=2048, N=256, K=4080, SampleA=0.0000, SampleB=0.1493)
⚠️ GoffiMatMul Warning: Result is exactly zero despite non-zero inputs (M=2048, N=256, K=256, SampleA=0.0000, SampleB=-0.0088)
⚠️ GoffiMatMul Warning: Result is exactly zero despite non-zero inputs (M=2048, N=256, K=4080, SampleA=0.0000, SampleB=0.1493)
⚠️ GoffiMatMul Warning: Result is exactly zero despite non-zero inputs (M=2048, N=256, K=256, SampleA=0.0000, SampleB=-0.0088)
⚠️ GoffiMatMul Warning: Result is exactly zero despite non-zero inputs (M=2048, N=256, K=4080, SampleA=0.0000, SampleB=0.1493)
⚠️ GoffiMatMul Warning: Result is exactly zero despite non-zero inputs (M=2048, N=256, K=256, SampleA=0.0000, SampleB=-0.0088)
2026/04/18 12:19:58 mlm_training.go:569: ⏳ MLM: Step 740 in progress...
⚠️ GoffiMatMul Warning: Result is exactly zero despite non-zero inputs (M=2048, N=256, K=4080, SampleA=0.0000, SampleB=0.1493)
⚠️ GoffiMatMul Warning: Result is exactly zero despite non-zero inputs (M=2048, N=256, K=4080, SampleA=0.0000, SampleB=0.1494)
⚠️ GoffiMatMul Warning: Result is exactly zero despite non-zero inputs (M=2048, N=256, K=256, SampleA=0.0000, SampleB=-0.0088)
⚠️ GoffiMatMul Warning: Result is exactly zero despite non-zero inputs (M=2048, N=256, K=4080, SampleA=0.0000, SampleB=0.1494)
⚠️ GoffiMatMul Warning: Result is exactly zero despite non-zero inputs (M=2048, N=256, K=256, SampleA=0.0000, SampleB=-0.0088)
⚠️ GoffiMatMul Warning: Result is exactly zero despite non-zero inputs (M=2048, N=256, K=4080, SampleA=0.0000, SampleB=0.1494)
⚠️ GoffiMatMul Warning: Result is exactly zero despite non-zero inputs (M=2048, N=256, K=256, SampleA=0.0000, SampleB=-0.0088)
⚠️ GoffiMatMul Warning: Result is exactly zero despite non-zero inputs (M=2048, N=256, K=4080, SampleA=0.0000, SampleB=0.1494)
⚠️ GoffiMatMul Warning: Result is exactly zero despite non-zero inputs (M=2048, N=256, K=256, SampleA=0.0000, SampleB=-0.0088)
⚠️ GoffiMatMul Warning: Result is exactly zero despite non-zero inputs (M=2048, N=256, K=4080, SampleA=0.0000, SampleB=0.1494)
⚠️ GoffiMatMul Warning: Result is exactly zero despite non-zero inputs (M=2048, N=256, K=4080, SampleA=0.0000, SampleB=0.1494)
⚠️ GoffiMatMul Warning: Result is exactly zero despite non-zero inputs (M=2048, N=256, K=256, SampleA=0.0000, SampleB=-0.0087)
⚠️ GoffiMatMul Warning: Result is exactly zero despite non-zero inputs (M=2048, N=256, K=4080, SampleA=0.0000, SampleB=0.1494)
⚠️ GoffiMatMul Warning: Result is exactly zero despite non-zero inputs (M=2048, N=256, K=256, SampleA=0.0000, SampleB=-0.0087)
⚠️ GoffiMatMul Warning: Result is exactly zero despite non-zero inputs (M=2048, N=256, K=4080, SampleA=0.0000, SampleB=0.1494)
⚠️ GoffiMatMul Warning: Result is exactly zero despite non-zero inputs (M=2048, N=256, K=256, SampleA=0.0000, SampleB=-0.0087)
2026/04/18 12:22:52 mlm_training.go:590: 🎓 [MLM] Step 750 | Loss: 5.7834 (smooth: 5.9921) | PPL: 835.6 | LR: 0.000330 | 0.1 steps/s
2026/04/18 12:22:52 mlm_training.go:775: [Intent: social]    🔍 'i [___] i'll' → Answer: 'think' | Predicted: .(6.3%), ?(3.2%), a(2.9%) ❌
⚠️ GoffiMatMul Warning: Result is exactly zero despite non-zero inputs (M=2048, N=256, K=4080, SampleA=0.0000, SampleB=0.1494)
⚠️ GoffiMatMul Warning: Result is exactly zero despite non-zero inputs (M=2048, N=256, K=256, SampleA=0.0000, SampleB=-0.0087)
2026/04/18 12:23:13 mlm_training.go:569: ⏳ MLM: Step 750 in progress...
⚠️ GoffiMatMul Warning: Result is exactly zero despite non-zero inputs (M=2048, N=256, K=4080, SampleA=0.0000, SampleB=0.1494)
⚠️ GoffiMatMul Warning: Result is exactly zero despite non-zero inputs (M=2048, N=256, K=256, SampleA=0.0000, SampleB=-0.0087)
⚠️ GoffiMatMul Warning: Result is exactly zero despite non-zero inputs (M=2048, N=256, K=4080, SampleA=0.0000, SampleB=0.1494)
⚠️ GoffiMatMul Warning: Result is exactly zero despite non-zero inputs (M=2048, N=256, K=256, SampleA=0.0000, SampleB=-0.0087)
⚠️ GoffiMatMul Warning: Result is exactly zero despite non-zero inputs (M=2048, N=256, K=4080, SampleA=0.0000, SampleB=0.1494)
⚠️ GoffiMatMul Warning: Result is exactly zero despite non-zero inputs (M=2048, N=256, K=256, SampleA=0.0000, SampleB=-0.0087)
⚠️ GoffiMatMul Warning: Result is exactly zero despite non-zero inputs (M=2048, N=256, K=4080, SampleA=0.0000, SampleB=0.1494)
⚠️ GoffiMatMul Warning: Result is exactly zero despite non-zero inputs (M=2048, N=256, K=256, SampleA=0.0000, SampleB=-0.0087)
⚠️ GoffiMatMul Warning: Result is exactly zero despite non-zero inputs (M=2048, N=256, K=4080, SampleA=0.0000, SampleB=0.1494)
⚠️ GoffiMatMul Warning: Result is exactly zero despite non-zero inputs (M=2048, N=256, K=4080, SampleA=0.0000, SampleB=0.1494)
⚠️ GoffiMatMul Warning: Result is exactly zero despite non-zero inputs (M=2048, N=256, K=256, SampleA=0.0000, SampleB=-0.0087)
⚠️ GoffiMatMul Warning: Result is exactly zero despite non-zero inputs (M=2048, N=256, K=4080, SampleA=0.0000, SampleB=0.1494)
⚠️ GoffiMatMul Warning: Result is exactly zero despite non-zero inputs (M=2048, N=256, K=256, SampleA=0.0000, SampleB=-0.0087)
⚠️ GoffiMatMul Warning: Result is exactly zero despite non-zero inputs (M=2048, N=256, K=4080, SampleA=0.0000, SampleB=0.1494)
⚠️ GoffiMatMul Warning: Result is exactly zero despite non-zero inputs (M=2048, N=256, K=256, SampleA=0.0000, SampleB=-0.0087)
⚠️ GoffiMatMul Warning: Result is exactly zero despite non-zero inputs (M=2048, N=256, K=4080, SampleA=0.0000, SampleB=0.1494)
⚠️ GoffiMatMul Warning: Result is exactly zero despite non-zero inputs (M=2048, N=256, K=256, SampleA=0.0000, SampleB=-0.0087)
⚠️ GoffiMatMul Warning: Result is exactly zero despite non-zero inputs (M=2048, N=256, K=4080, SampleA=0.0000, SampleB=0.1494)
⚠️ GoffiMatMul Warning: Result is exactly zero despite non-zero inputs (M=2048, N=256, K=256, SampleA=0.0000, SampleB=-0.0087)
2026/04/18 12:26:34 mlm_training.go:569: ⏳ MLM: Step 760 in progress...
⚠️ GoffiMatMul Warning: Result is exactly zero despite non-zero inputs (M=2048, N=256, K=4080, SampleA=0.0000, SampleB=0.1494)
⚠️ GoffiMatMul Warning: Result is exactly zero despite non-zero inputs (M=2048, N=256, K=256, SampleA=0.0000, SampleB=-0.0087)
⚠️ GoffiMatMul Warning: Result is exactly zero despite non-zero inputs (M=2048, N=256, K=4080, SampleA=0.0000, SampleB=0.1494)
⚠️ GoffiMatMul Warning: Result is exactly zero despite non-zero inputs (M=2048, N=256, K=256, SampleA=0.0000, SampleB=-0.0087)
⚠️ GoffiMatMul Warning: Result is exactly zero despite non-zero inputs (M=544, N=256, K=4080, SampleA=0.0000, SampleB=0.1494)
⚠️ GoffiMatMul Warning: Result is exactly zero despite non-zero inputs (M=544, N=256, K=256, SampleA=0.0000, SampleB=-0.0087)
2026/04/18 12:27:36 mlm_training.go:635: 🎓 [MLM] Epoch 17/20 Complete | Avg Loss: 6.0242 | PPL: 413.3 | Batches: 45
2026/04/18 12:27:36 mlm_training.go:420: 🎓 MLM: Starting epoch 18 with 2833 sentences (Batch Size: 64)
⚠️ GoffiMatMul Warning: Result is exactly zero despite non-zero inputs (M=2048, N=256, K=4080, SampleA=0.0000, SampleB=0.1494)
⚠️ GoffiMatMul Warning: Result is exactly zero despite non-zero inputs (M=2048, N=256, K=256, SampleA=0.0000, SampleB=-0.0087)
⚠️ GoffiMatMul Warning: Result is exactly zero despite non-zero inputs (M=2048, N=256, K=4080, SampleA=0.0000, SampleB=0.1494)
⚠️ GoffiMatMul Warning: Result is exactly zero despite non-zero inputs (M=2048, N=256, K=256, SampleA=0.0000, SampleB=-0.0087)
⚠️ GoffiMatMul Warning: Result is exactly zero despite non-zero inputs (M=2048, N=256, K=4080, SampleA=0.0000, SampleB=0.1494)
⚠️ GoffiMatMul Warning: Result is exactly zero despite non-zero inputs (M=2048, N=256, K=4080, SampleA=0.0000, SampleB=0.1494)
⚠️ GoffiMatMul Warning: Result is exactly zero despite non-zero inputs (M=2048, N=256, K=256, SampleA=0.0000, SampleB=-0.0087)
⚠️ GoffiMatMul Warning: Result is exactly zero despite non-zero inputs (M=2048, N=256, K=4080, SampleA=0.0000, SampleB=0.1494)
⚠️ GoffiMatMul Warning: Result is exactly zero despite non-zero inputs (M=2048, N=256, K=256, SampleA=0.0000, SampleB=-0.0087)
⚠️ GoffiMatMul Warning: Result is exactly zero despite non-zero inputs (M=2048, N=256, K=4080, SampleA=0.0000, SampleB=0.1494)
⚠️ GoffiMatMul Warning: Result is exactly zero despite non-zero inputs (M=2048, N=256, K=256, SampleA=0.0000, SampleB=-0.0087)
2026/04/18 12:29:36 mlm_training.go:569: ⏳ MLM: Step 770 in progress...
⚠️ GoffiMatMul Warning: Result is exactly zero despite non-zero inputs (M=2048, N=256, K=4080, SampleA=0.0000, SampleB=0.1494)
⚠️ GoffiMatMul Warning: Result is exactly zero despite non-zero inputs (M=2048, N=256, K=4080, SampleA=0.0000, SampleB=0.1495)
⚠️ GoffiMatMul Warning: Result is exactly zero despite non-zero inputs (M=2048, N=256, K=4080, SampleA=0.0000, SampleB=0.1495)
⚠️ GoffiMatMul Warning: Result is exactly zero despite non-zero inputs (M=2048, N=256, K=256, SampleA=0.0000, SampleB=-0.0087)
⚠️ GoffiMatMul Warning: Result is exactly zero despite non-zero inputs (M=2048, N=256, K=4080, SampleA=0.0000, SampleB=0.1495)
⚠️ GoffiMatMul Warning: Result is exactly zero despite non-zero inputs (M=2048, N=256, K=256, SampleA=0.0000, SampleB=-0.0087)
⚠️ GoffiMatMul Warning: Result is exactly zero despite non-zero inputs (M=2048, N=256, K=4080, SampleA=0.0000, SampleB=0.1495)
⚠️ GoffiMatMul Warning: Result is exactly zero despite non-zero inputs (M=2048, N=256, K=256, SampleA=0.0000, SampleB=-0.0087)
⚠️ GoffiMatMul Warning: Result is exactly zero despite non-zero inputs (M=2048, N=256, K=4080, SampleA=0.0000, SampleB=0.1495)
⚠️ GoffiMatMul Warning: Result is exactly zero despite non-zero inputs (M=2048, N=256, K=256, SampleA=0.0000, SampleB=-0.0087)
⚠️ GoffiMatMul Warning: Result is exactly zero despite non-zero inputs (M=2048, N=256, K=4080, SampleA=0.0000, SampleB=0.1495)
⚠️ GoffiMatMul Warning: Result is exactly zero despite non-zero inputs (M=2048, N=256, K=256, SampleA=0.0000, SampleB=-0.0087)
⚠️ GoffiMatMul Warning: Result is exactly zero despite non-zero inputs (M=2048, N=256, K=4080, SampleA=0.0000, SampleB=0.1495)
⚠️ GoffiMatMul Warning: Result is exactly zero despite non-zero inputs (M=2048, N=256, K=256, SampleA=0.0000, SampleB=-0.0087)
⚠️ GoffiMatMul Warning: Result is exactly zero despite non-zero inputs (M=2048, N=256, K=4080, SampleA=0.0000, SampleB=0.1495)
⚠️ GoffiMatMul Warning: Result is exactly zero despite non-zero inputs (M=2048, N=256, K=256, SampleA=0.0000, SampleB=-0.0087)
⚠️ GoffiMatMul Warning: Result is exactly zero despite non-zero inputs (M=2048, N=256, K=4080, SampleA=0.0000, SampleB=0.1495)
⚠️ GoffiMatMul Warning: Result is exactly zero despite non-zero inputs (M=2048, N=256, K=256, SampleA=0.0000, SampleB=-0.0087)
2026/04/18 12:32:58 mlm_training.go:569: ⏳ MLM: Step 780 in progress...
⚠️ GoffiMatMul Warning: Result is exactly zero despite non-zero inputs (M=2048, N=256, K=4080, SampleA=0.0000, SampleB=0.1495)
⚠️ GoffiMatMul Warning: Result is exactly zero despite non-zero inputs (M=2048, N=256, K=256, SampleA=0.0000, SampleB=-0.0087)
⚠️ GoffiMatMul Warning: Result is exactly zero despite non-zero inputs (M=2048, N=256, K=4080, SampleA=0.0000, SampleB=0.1495)
⚠️ GoffiMatMul Warning: Result is exactly zero despite non-zero inputs (M=2048, N=256, K=256, SampleA=0.0000, SampleB=-0.0087)
⚠️ GoffiMatMul Warning: Result is exactly zero despite non-zero inputs (M=2048, N=256, K=4080, SampleA=0.0000, SampleB=0.1495)
⚠️ GoffiMatMul Warning: Result is exactly zero despite non-zero inputs (M=2048, N=256, K=256, SampleA=0.0000, SampleB=-0.0087)
⚠️ GoffiMatMul Warning: Result is exactly zero despite non-zero inputs (M=2048, N=256, K=4080, SampleA=0.0000, SampleB=0.1495)
⚠️ GoffiMatMul Warning: Result is exactly zero despite non-zero inputs (M=2048, N=256, K=256, SampleA=0.0000, SampleB=-0.0087)
⚠️ GoffiMatMul Warning: Result is exactly zero despite non-zero inputs (M=2048, N=256, K=4080, SampleA=0.0000, SampleB=0.1495)
⚠️ GoffiMatMul Warning: Result is exactly zero despite non-zero inputs (M=2048, N=256, K=256, SampleA=0.0000, SampleB=-0.0087)
⚠️ GoffiMatMul Warning: Result is exactly zero despite non-zero inputs (M=2048, N=256, K=4080, SampleA=0.0000, SampleB=0.1495)
⚠️ GoffiMatMul Warning: Result is exactly zero despite non-zero inputs (M=2048, N=256, K=256, SampleA=0.0000, SampleB=-0.0087)
⚠️ GoffiMatMul Warning: Result is exactly zero despite non-zero inputs (M=2048, N=256, K=4080, SampleA=0.0000, SampleB=0.1495)
⚠️ GoffiMatMul Warning: Result is exactly zero despite non-zero inputs (M=2048, N=256, K=256, SampleA=0.0000, SampleB=-0.0087)
⚠️ GoffiMatMul Warning: Result is exactly zero despite non-zero inputs (M=2048, N=256, K=4080, SampleA=0.0000, SampleB=0.1495)
⚠️ GoffiMatMul Warning: Result is exactly zero despite non-zero inputs (M=2048, N=256, K=256, SampleA=0.0000, SampleB=-0.0087)
2026/04/18 12:36:15 mlm_training.go:569: ⏳ MLM: Step 790 in progress...
⚠️ GoffiMatMul Warning: Result is exactly zero despite non-zero inputs (M=2048, N=256, K=4080, SampleA=0.0000, SampleB=0.1495)
⚠️ GoffiMatMul Warning: Result is exactly zero despite non-zero inputs (M=2048, N=256, K=256, SampleA=0.0000, SampleB=-0.0087)
⚠️ GoffiMatMul Warning: Result is exactly zero despite non-zero inputs (M=2048, N=256, K=4080, SampleA=0.0000, SampleB=0.1495)
⚠️ GoffiMatMul Warning: Result is exactly zero despite non-zero inputs (M=2048, N=256, K=256, SampleA=0.0000, SampleB=-0.0087)
⚠️ GoffiMatMul Warning: Result is exactly zero despite non-zero inputs (M=2048, N=256, K=4080, SampleA=0.0000, SampleB=0.1495)
⚠️ GoffiMatMul Warning: Result is exactly zero despite non-zero inputs (M=2048, N=256, K=256, SampleA=0.0000, SampleB=-0.0087)
⚠️ GoffiMatMul Warning: Result is exactly zero despite non-zero inputs (M=2048, N=256, K=4080, SampleA=0.0000, SampleB=0.1495)
⚠️ GoffiMatMul Warning: Result is exactly zero despite non-zero inputs (M=2048, N=256, K=256, SampleA=0.0000, SampleB=-0.0087)
⚠️ GoffiMatMul Warning: Result is exactly zero despite non-zero inputs (M=2048, N=256, K=4080, SampleA=0.0000, SampleB=0.1495)
⚠️ GoffiMatMul Warning: Result is exactly zero despite non-zero inputs (M=2048, N=256, K=4080, SampleA=0.0000, SampleB=0.1495)
⚠️ GoffiMatMul Warning: Result is exactly zero despite non-zero inputs (M=2048, N=256, K=256, SampleA=0.0000, SampleB=-0.0087)
⚠️ GoffiMatMul Warning: Result is exactly zero despite non-zero inputs (M=2048, N=256, K=4080, SampleA=0.0000, SampleB=0.1495)
⚠️ GoffiMatMul Warning: Result is exactly zero despite non-zero inputs (M=2048, N=256, K=256, SampleA=0.0000, SampleB=-0.0087)
⚠️ GoffiMatMul Warning: Result is exactly zero despite non-zero inputs (M=2048, N=256, K=4080, SampleA=0.0000, SampleB=0.1495)
⚠️ GoffiMatMul Warning: Result is exactly zero despite non-zero inputs (M=2048, N=256, K=256, SampleA=0.0000, SampleB=-0.0087)
⚠️ GoffiMatMul Warning: Result is exactly zero despite non-zero inputs (M=2048, N=256, K=4080, SampleA=0.0000, SampleB=0.1495)
⚠️ GoffiMatMul Warning: Result is exactly zero despite non-zero inputs (M=2048, N=256, K=256, SampleA=0.0000, SampleB=-0.0087)
2026/04/18 12:39:11 mlm_training.go:590: 🎓 [MLM] Step 800 | Loss: 6.5145 (smooth: 6.0295) | PPL: 793.6 | LR: 0.000128 | 0.1 steps/s
2026/04/18 12:39:11 mlm_training.go:775: [Intent: social]    🔍 '] [___] sounds' → Answer: 'that' | Predicted: .(6.3%), ?(3.2%), a(2.8%) ❌
⚠️ GoffiMatMul Warning: Result is exactly zero despite non-zero inputs (M=2048, N=256, K=4080, SampleA=0.0000, SampleB=0.1495)
⚠️ GoffiMatMul Warning: Result is exactly zero despite non-zero inputs (M=2048, N=256, K=256, SampleA=0.0000, SampleB=-0.0087)
2026/04/18 12:39:31 mlm_training.go:569: ⏳ MLM: Step 800 in progress...
⚠️ GoffiMatMul Warning: Result is exactly zero despite non-zero inputs (M=2048, N=256, K=4080, SampleA=0.0000, SampleB=0.1495)
⚠️ GoffiMatMul Warning: Result is exactly zero despite non-zero inputs (M=2048, N=256, K=256, SampleA=0.0000, SampleB=-0.0087)
⚠️ GoffiMatMul Warning: Result is exactly zero despite non-zero inputs (M=2048, N=256, K=4080, SampleA=0.0000, SampleB=0.1495)
⚠️ GoffiMatMul Warning: Result is exactly zero despite non-zero inputs (M=2048, N=256, K=256, SampleA=0.0000, SampleB=-0.0087)
⚠️ GoffiMatMul Warning: Result is exactly zero despite non-zero inputs (M=2048, N=256, K=4080, SampleA=0.0000, SampleB=0.1495)
⚠️ GoffiMatMul Warning: Result is exactly zero despite non-zero inputs (M=2048, N=256, K=256, SampleA=0.0000, SampleB=-0.0087)
⚠️ GoffiMatMul Warning: Result is exactly zero despite non-zero inputs (M=2048, N=256, K=4080, SampleA=0.0000, SampleB=0.1495)
⚠️ GoffiMatMul Warning: Result is exactly zero despite non-zero inputs (M=2048, N=256, K=256, SampleA=0.0000, SampleB=-0.0087)
⚠️ GoffiMatMul Warning: Result is exactly zero despite non-zero inputs (M=2048, N=256, K=4080, SampleA=0.0000, SampleB=0.1495)
⚠️ GoffiMatMul Warning: Result is exactly zero despite non-zero inputs (M=2048, N=256, K=256, SampleA=0.0000, SampleB=-0.0087)
⚠️ GoffiMatMul Warning: Result is exactly zero despite non-zero inputs (M=2048, N=256, K=4080, SampleA=0.0000, SampleB=0.1495)
⚠️ GoffiMatMul Warning: Result is exactly zero despite non-zero inputs (M=2048, N=256, K=256, SampleA=0.0000, SampleB=-0.0087)
⚠️ GoffiMatMul Warning: Result is exactly zero despite non-zero inputs (M=2048, N=256, K=4080, SampleA=0.0000, SampleB=0.1495)
⚠️ GoffiMatMul Warning: Result is exactly zero despite non-zero inputs (M=2048, N=256, K=256, SampleA=0.0000, SampleB=-0.0087)
⚠️ GoffiMatMul Warning: Result is exactly zero despite non-zero inputs (M=2048, N=256, K=4080, SampleA=0.0000, SampleB=0.1495)
⚠️ GoffiMatMul Warning: Result is exactly zero despite non-zero inputs (M=493, N=256, K=4080, SampleA=0.0000, SampleB=0.1495)
⚠️ GoffiMatMul Warning: Result is exactly zero despite non-zero inputs (M=493, N=256, K=256, SampleA=0.0000, SampleB=-0.0087)
2026/04/18 12:42:12 mlm_training.go:635: 🎓 [MLM] Epoch 18/20 Complete | Avg Loss: 6.0392 | PPL: 419.6 | Batches: 45
2026/04/18 12:42:12 mlm_training.go:420: 🎓 MLM: Starting epoch 19 with 2833 sentences (Batch Size: 64)
⚠️ GoffiMatMul Warning: Result is exactly zero despite non-zero inputs (M=2048, N=256, K=4080, SampleA=0.0000, SampleB=0.1495)
⚠️ GoffiMatMul Warning: Result is exactly zero despite non-zero inputs (M=2048, N=256, K=256, SampleA=0.0000, SampleB=-0.0087)
2026/04/18 12:42:32 mlm_training.go:569: ⏳ MLM: Step 810 in progress...
⚠️ GoffiMatMul Warning: Result is exactly zero despite non-zero inputs (M=2048, N=256, K=4080, SampleA=0.0000, SampleB=0.1495)
⚠️ GoffiMatMul Warning: Result is exactly zero despite non-zero inputs (M=2048, N=256, K=256, SampleA=0.0000, SampleB=-0.0087)
⚠️ GoffiMatMul Warning: Result is exactly zero despite non-zero inputs (M=2048, N=256, K=4080, SampleA=0.0000, SampleB=0.1495)
⚠️ GoffiMatMul Warning: Result is exactly zero despite non-zero inputs (M=2048, N=256, K=4080, SampleA=0.0000, SampleB=0.1495)
⚠️ GoffiMatMul Warning: Result is exactly zero despite non-zero inputs (M=2048, N=256, K=256, SampleA=0.0000, SampleB=-0.0087)
⚠️ GoffiMatMul Warning: Result is exactly zero despite non-zero inputs (M=2048, N=256, K=4080, SampleA=0.0000, SampleB=0.1495)
⚠️ GoffiMatMul Warning: Result is exactly zero despite non-zero inputs (M=2048, N=256, K=256, SampleA=0.0000, SampleB=-0.0087)
⚠️ GoffiMatMul Warning: Result is exactly zero despite non-zero inputs (M=2048, N=256, K=4080, SampleA=0.0000, SampleB=0.1495)
⚠️ GoffiMatMul Warning: Result is exactly zero despite non-zero inputs (M=2048, N=256, K=256, SampleA=0.0000, SampleB=-0.0087)
⚠️ GoffiMatMul Warning: Result is exactly zero despite non-zero inputs (M=2048, N=256, K=4080, SampleA=0.0000, SampleB=0.1495)
⚠️ GoffiMatMul Warning: Result is exactly zero despite non-zero inputs (M=2048, N=256, K=256, SampleA=0.0000, SampleB=-0.0087)
⚠️ GoffiMatMul Warning: Result is exactly zero despite non-zero inputs (M=2048, N=256, K=4080, SampleA=0.0000, SampleB=0.1495)
⚠️ GoffiMatMul Warning: Result is exactly zero despite non-zero inputs (M=2048, N=256, K=256, SampleA=0.0000, SampleB=-0.0087)
⚠️ GoffiMatMul Warning: Result is exactly zero despite non-zero inputs (M=2048, N=256, K=4080, SampleA=0.0000, SampleB=0.1495)
⚠️ GoffiMatMul Warning: Result is exactly zero despite non-zero inputs (M=2048, N=256, K=256, SampleA=0.0000, SampleB=-0.0087)
⚠️ GoffiMatMul Warning: Result is exactly zero despite non-zero inputs (M=2048, N=256, K=4080, SampleA=0.0000, SampleB=0.1495)
⚠️ GoffiMatMul Warning: Result is exactly zero despite non-zero inputs (M=2048, N=256, K=256, SampleA=0.0000, SampleB=-0.0087)
⚠️ GoffiMatMul Warning: Result is exactly zero despite non-zero inputs (M=2048, N=256, K=4080, SampleA=0.0000, SampleB=0.1495)
⚠️ GoffiMatMul Warning: Result is exactly zero despite non-zero inputs (M=2048, N=256, K=256, SampleA=0.0000, SampleB=-0.0087)
2026/04/18 12:45:51 mlm_training.go:569: ⏳ MLM: Step 820 in progress...
⚠️ GoffiMatMul Warning: Result is exactly zero despite non-zero inputs (M=2048, N=256, K=4080, SampleA=0.0000, SampleB=0.1495)
⚠️ GoffiMatMul Warning: Result is exactly zero despite non-zero inputs (M=2048, N=256, K=256, SampleA=0.0000, SampleB=-0.0087)
⚠️ GoffiMatMul Warning: Result is exactly zero despite non-zero inputs (M=2048, N=256, K=4080, SampleA=0.0000, SampleB=0.1495)
⚠️ GoffiMatMul Warning: Result is exactly zero despite non-zero inputs (M=2048, N=256, K=4080, SampleA=0.0000, SampleB=0.1495)
⚠️ GoffiMatMul Warning: Result is exactly zero despite non-zero inputs (M=2048, N=256, K=256, SampleA=0.0000, SampleB=-0.0087)
⚠️ GoffiMatMul Warning: Result is exactly zero despite non-zero inputs (M=2048, N=256, K=4080, SampleA=0.0000, SampleB=0.1495)
⚠️ GoffiMatMul Warning: Result is exactly zero despite non-zero inputs (M=2048, N=256, K=256, SampleA=0.0000, SampleB=-0.0087)
⚠️ GoffiMatMul Warning: Result is exactly zero despite non-zero inputs (M=2048, N=256, K=4080, SampleA=0.0000, SampleB=0.1495)
⚠️ GoffiMatMul Warning: Result is exactly zero despite non-zero inputs (M=2048, N=256, K=256, SampleA=0.0000, SampleB=-0.0087)
⚠️ GoffiMatMul Warning: Result is exactly zero despite non-zero inputs (M=2048, N=256, K=4080, SampleA=0.0000, SampleB=0.1495)
⚠️ GoffiMatMul Warning: Result is exactly zero despite non-zero inputs (M=2048, N=256, K=256, SampleA=0.0000, SampleB=-0.0087)
⚠️ GoffiMatMul Warning: Result is exactly zero despite non-zero inputs (M=2048, N=256, K=4080, SampleA=0.0000, SampleB=0.1495)
⚠️ GoffiMatMul Warning: Result is exactly zero despite non-zero inputs (M=2048, N=256, K=256, SampleA=0.0000, SampleB=-0.0087)
⚠️ GoffiMatMul Warning: Result is exactly zero despite non-zero inputs (M=2048, N=256, K=4080, SampleA=0.0000, SampleB=0.1495)
⚠️ GoffiMatMul Warning: Result is exactly zero despite non-zero inputs (M=2048, N=256, K=256, SampleA=0.0000, SampleB=-0.0087)
⚠️ GoffiMatMul Warning: Result is exactly zero despite non-zero inputs (M=2048, N=256, K=4080, SampleA=0.0000, SampleB=0.1495)
2026/04/18 12:49:14 mlm_training.go:569: ⏳ MLM: Step 830 in progress...
⚠️ GoffiMatMul Warning: Result is exactly zero despite non-zero inputs (M=2048, N=256, K=4080, SampleA=0.0000, SampleB=0.1495)
⚠️ GoffiMatMul Warning: Result is exactly zero despite non-zero inputs (M=2048, N=256, K=256, SampleA=0.0000, SampleB=-0.0087)
⚠️ GoffiMatMul Warning: Result is exactly zero despite non-zero inputs (M=2048, N=256, K=4080, SampleA=0.0000, SampleB=0.1495)
⚠️ GoffiMatMul Warning: Result is exactly zero despite non-zero inputs (M=2048, N=256, K=256, SampleA=0.0000, SampleB=-0.0087)
⚠️ GoffiMatMul Warning: Result is exactly zero despite non-zero inputs (M=2048, N=256, K=4080, SampleA=0.0000, SampleB=0.1495)
⚠️ GoffiMatMul Warning: Result is exactly zero despite non-zero inputs (M=2048, N=256, K=256, SampleA=0.0000, SampleB=-0.0087)
⚠️ GoffiMatMul Warning: Result is exactly zero despite non-zero inputs (M=2048, N=256, K=4080, SampleA=0.0000, SampleB=0.1495)
⚠️ GoffiMatMul Warning: Result is exactly zero despite non-zero inputs (M=2048, N=256, K=256, SampleA=0.0000, SampleB=-0.0087)
⚠️ GoffiMatMul Warning: Result is exactly zero despite non-zero inputs (M=2048, N=256, K=4080, SampleA=0.0000, SampleB=0.1495)
⚠️ GoffiMatMul Warning: Result is exactly zero despite non-zero inputs (M=2048, N=256, K=256, SampleA=0.0000, SampleB=-0.0087)
⚠️ GoffiMatMul Warning: Result is exactly zero despite non-zero inputs (M=2048, N=256, K=4080, SampleA=0.0000, SampleB=0.1495)
⚠️ GoffiMatMul Warning: Result is exactly zero despite non-zero inputs (M=2048, N=256, K=256, SampleA=0.0000, SampleB=-0.0087)
⚠️ GoffiMatMul Warning: Result is exactly zero despite non-zero inputs (M=2048, N=256, K=4080, SampleA=0.0000, SampleB=0.1495)
⚠️ GoffiMatMul Warning: Result is exactly zero despite non-zero inputs (M=2048, N=256, K=256, SampleA=0.0000, SampleB=-0.0087)
⚠️ GoffiMatMul Warning: Result is exactly zero despite non-zero inputs (M=2048, N=256, K=4080, SampleA=0.0000, SampleB=0.1495)
⚠️ GoffiMatMul Warning: Result is exactly zero despite non-zero inputs (M=2048, N=256, K=256, SampleA=0.0000, SampleB=-0.0087)
⚠️ GoffiMatMul Warning: Result is exactly zero despite non-zero inputs (M=2048, N=256, K=4080, SampleA=0.0000, SampleB=0.1495)
⚠️ GoffiMatMul Warning: Result is exactly zero despite non-zero inputs (M=2048, N=256, K=256, SampleA=0.0000, SampleB=-0.0087)
2026/04/18 12:52:33 mlm_training.go:569: ⏳ MLM: Step 840 in progress...
⚠️ GoffiMatMul Warning: Result is exactly zero despite non-zero inputs (M=2048, N=256, K=4080, SampleA=0.0000, SampleB=0.1495)
⚠️ GoffiMatMul Warning: Result is exactly zero despite non-zero inputs (M=2048, N=256, K=256, SampleA=0.0000, SampleB=-0.0087)
⚠️ GoffiMatMul Warning: Result is exactly zero despite non-zero inputs (M=2048, N=256, K=4080, SampleA=0.0000, SampleB=0.1495)
⚠️ GoffiMatMul Warning: Result is exactly zero despite non-zero inputs (M=2048, N=256, K=256, SampleA=0.0000, SampleB=-0.0087)
⚠️ GoffiMatMul Warning: Result is exactly zero despite non-zero inputs (M=2048, N=256, K=4080, SampleA=0.0000, SampleB=0.1495)
⚠️ GoffiMatMul Warning: Result is exactly zero despite non-zero inputs (M=2048, N=256, K=256, SampleA=0.0000, SampleB=-0.0087)
⚠️ GoffiMatMul Warning: Result is exactly zero despite non-zero inputs (M=2048, N=256, K=4080, SampleA=0.0000, SampleB=0.1495)
⚠️ GoffiMatMul Warning: Result is exactly zero despite non-zero inputs (M=2048, N=256, K=4080, SampleA=0.0000, SampleB=0.1495)
⚠️ GoffiMatMul Warning: Result is exactly zero despite non-zero inputs (M=2048, N=256, K=256, SampleA=0.0000, SampleB=-0.0087)
⚠️ GoffiMatMul Warning: Result is exactly zero despite non-zero inputs (M=2048, N=256, K=4080, SampleA=0.0000, SampleB=0.1495)
⚠️ GoffiMatMul Warning: Result is exactly zero despite non-zero inputs (M=2048, N=256, K=256, SampleA=0.0000, SampleB=-0.0087)
⚠️ GoffiMatMul Warning: Result is exactly zero despite non-zero inputs (M=2048, N=256, K=4080, SampleA=0.0000, SampleB=0.1495)
⚠️ GoffiMatMul Warning: Result is exactly zero despite non-zero inputs (M=2048, N=256, K=256, SampleA=0.0000, SampleB=-0.0087)
⚠️ GoffiMatMul Warning: Result is exactly zero despite non-zero inputs (M=2048, N=256, K=4080, SampleA=0.0000, SampleB=0.1495)
⚠️ GoffiMatMul Warning: Result is exactly zero despite non-zero inputs (M=2048, N=256, K=256, SampleA=0.0000, SampleB=-0.0087)
2026/04/18 12:55:32 mlm_training.go:590: 🎓 [MLM] Step 850 | Loss: 6.0050 (smooth: 5.9617) | PPL: 753.0 | LR: 0.000019 | 0.1 steps/s
2026/04/18 12:55:32 mlm_training.go:775: [Intent: social]    🔍 'more [___] ' → Answer: 'of' | Predicted: .(6.3%), ?(3.2%), a(2.9%) ❌
⚠️ GoffiMatMul Warning: Result is exactly zero despite non-zero inputs (M=2048, N=256, K=4080, SampleA=0.0000, SampleB=0.1495)
⚠️ GoffiMatMul Warning: Result is exactly zero despite non-zero inputs (M=2048, N=256, K=256, SampleA=0.0000, SampleB=-0.0087)
2026/04/18 12:55:53 mlm_training.go:569: ⏳ MLM: Step 850 in progress...
⚠️ GoffiMatMul Warning: Result is exactly zero despite non-zero inputs (M=2048, N=256, K=4080, SampleA=0.0000, SampleB=0.1495)
⚠️ GoffiMatMul Warning: Result is exactly zero despite non-zero inputs (M=2048, N=256, K=256, SampleA=0.0000, SampleB=-0.0087)
⚠️ GoffiMatMul Warning: Result is exactly zero despite non-zero inputs (M=2048, N=256, K=4080, SampleA=0.0000, SampleB=0.1495)
⚠️ GoffiMatMul Warning: Result is exactly zero despite non-zero inputs (M=2048, N=256, K=256, SampleA=0.0000, SampleB=-0.0087)
⚠️ GoffiMatMul Warning: Result is exactly zero despite non-zero inputs (M=2048, N=256, K=4080, SampleA=0.0000, SampleB=0.1495)
⚠️ GoffiMatMul Warning: Result is exactly zero despite non-zero inputs (M=2048, N=256, K=256, SampleA=0.0000, SampleB=-0.0087)
⚠️ GoffiMatMul Warning: Result is exactly zero despite non-zero inputs (M=544, N=256, K=4080, SampleA=0.0000, SampleB=0.1495)
⚠️ GoffiMatMul Warning: Result is exactly zero despite non-zero inputs (M=544, N=256, K=256, SampleA=0.0000, SampleB=-0.0087)
2026/04/18 12:56:56 mlm_training.go:635: 🎓 [MLM] Epoch 19/20 Complete | Avg Loss: 6.0050 | PPL: 405.4 | Batches: 45
2026/04/18 12:56:56 mlm_training.go:420: 🎓 MLM: Starting epoch 20 with 2833 sentences (Batch Size: 64)
⚠️ GoffiMatMul Warning: Result is exactly zero despite non-zero inputs (M=1920, N=256, K=4080, SampleA=0.0000, SampleB=0.1495)
⚠️ GoffiMatMul Warning: Result is exactly zero despite non-zero inputs (M=1920, N=256, K=256, SampleA=0.0000, SampleB=-0.0087)
⚠️ GoffiMatMul Warning: Result is exactly zero despite non-zero inputs (M=2048, N=256, K=4080, SampleA=0.0000, SampleB=0.1495)
⚠️ GoffiMatMul Warning: Result is exactly zero despite non-zero inputs (M=2048, N=256, K=256, SampleA=0.0000, SampleB=-0.0087)
⚠️ GoffiMatMul Warning: Result is exactly zero despite non-zero inputs (M=2048, N=256, K=4080, SampleA=0.0000, SampleB=0.1495)
⚠️ GoffiMatMul Warning: Result is exactly zero despite non-zero inputs (M=2048, N=256, K=256, SampleA=0.0000, SampleB=-0.0087)
⚠️ GoffiMatMul Warning: Result is exactly zero despite non-zero inputs (M=2048, N=256, K=4080, SampleA=0.0000, SampleB=0.1495)
⚠️ GoffiMatMul Warning: Result is exactly zero despite non-zero inputs (M=2048, N=256, K=256, SampleA=0.0000, SampleB=-0.0087)
⚠️ GoffiMatMul Warning: Result is exactly zero despite non-zero inputs (M=2048, N=256, K=4080, SampleA=0.0000, SampleB=0.1495)
⚠️ GoffiMatMul Warning: Result is exactly zero despite non-zero inputs (M=2048, N=256, K=256, SampleA=0.0000, SampleB=-0.0087)
⚠️ GoffiMatMul Warning: Result is exactly zero despite non-zero inputs (M=2048, N=256, K=4080, SampleA=0.0000, SampleB=0.1495)
2026/04/18 12:58:51 mlm_training.go:569: ⏳ MLM: Step 860 in progress...
⚠️ GoffiMatMul Warning: Result is exactly zero despite non-zero inputs (M=2048, N=256, K=4080, SampleA=0.0000, SampleB=0.1495)
⚠️ GoffiMatMul Warning: Result is exactly zero despite non-zero inputs (M=2048, N=256, K=4080, SampleA=0.0000, SampleB=0.1495)
⚠️ GoffiMatMul Warning: Result is exactly zero despite non-zero inputs (M=2048, N=256, K=256, SampleA=0.0000, SampleB=-0.0087)
⚠️ GoffiMatMul Warning: Result is exactly zero despite non-zero inputs (M=2048, N=256, K=4080, SampleA=0.0000, SampleB=0.1495)
⚠️ GoffiMatMul Warning: Result is exactly zero despite non-zero inputs (M=2048, N=256, K=256, SampleA=0.0000, SampleB=-0.0087)
⚠️ GoffiMatMul Warning: Result is exactly zero despite non-zero inputs (M=2048, N=256, K=4080, SampleA=0.0000, SampleB=0.1495)
⚠️ GoffiMatMul Warning: Result is exactly zero despite non-zero inputs (M=2048, N=256, K=4080, SampleA=0.0000, SampleB=0.1495)
⚠️ GoffiMatMul Warning: Result is exactly zero despite non-zero inputs (M=2048, N=256, K=256, SampleA=0.0000, SampleB=-0.0087)
⚠️ GoffiMatMul Warning: Result is exactly zero despite non-zero inputs (M=2048, N=256, K=4080, SampleA=0.0000, SampleB=0.1495)
⚠️ GoffiMatMul Warning: Result is exactly zero despite non-zero inputs (M=2048, N=256, K=256, SampleA=0.0000, SampleB=-0.0087)
⚠️ GoffiMatMul Warning: Result is exactly zero despite non-zero inputs (M=2048, N=256, K=4080, SampleA=0.0000, SampleB=0.1495)
⚠️ GoffiMatMul Warning: Result is exactly zero despite non-zero inputs (M=2048, N=256, K=256, SampleA=0.0000, SampleB=-0.0087)
⚠️ GoffiMatMul Warning: Result is exactly zero despite non-zero inputs (M=2048, N=256, K=4080, SampleA=0.0000, SampleB=0.1495)
⚠️ GoffiMatMul Warning: Result is exactly zero despite non-zero inputs (M=2048, N=256, K=256, SampleA=0.0000, SampleB=-0.0087)
⚠️ GoffiMatMul Warning: Result is exactly zero despite non-zero inputs (M=2048, N=256, K=4080, SampleA=0.0000, SampleB=0.1495)
⚠️ GoffiMatMul Warning: Result is exactly zero despite non-zero inputs (M=2048, N=256, K=256, SampleA=0.0000, SampleB=-0.0087)
⚠️ GoffiMatMul Warning: Result is exactly zero despite non-zero inputs (M=2048, N=256, K=4080, SampleA=0.0000, SampleB=0.1495)
⚠️ GoffiMatMul Warning: Result is exactly zero despite non-zero inputs (M=2048, N=256, K=256, SampleA=0.0000, SampleB=-0.0087)
2026/04/18 13:01:34 mlm_training.go:569: ⏳ MLM: Step 870 in progress...
⚠️ GoffiMatMul Warning: Result is exactly zero despite non-zero inputs (M=2048, N=256, K=4080, SampleA=0.0000, SampleB=0.1495)
⚠️ GoffiMatMul Warning: Result is exactly zero despite non-zero inputs (M=2048, N=256, K=256, SampleA=0.0000, SampleB=-0.0087)
⚠️ GoffiMatMul Warning: Result is exactly zero despite non-zero inputs (M=2048, N=256, K=4080, SampleA=0.0000, SampleB=0.1495)
⚠️ GoffiMatMul Warning: Result is exactly zero despite non-zero inputs (M=2048, N=256, K=256, SampleA=0.0000, SampleB=-0.0087)
⚠️ GoffiMatMul Warning: Result is exactly zero despite non-zero inputs (M=2048, N=256, K=4080, SampleA=0.0000, SampleB=0.1495)
⚠️ GoffiMatMul Warning: Result is exactly zero despite non-zero inputs (M=2048, N=256, K=4080, SampleA=0.0000, SampleB=0.1495)
⚠️ GoffiMatMul Warning: Result is exactly zero despite non-zero inputs (M=2048, N=256, K=256, SampleA=0.0000, SampleB=-0.0087)
⚠️ GoffiMatMul Warning: Result is exactly zero despite non-zero inputs (M=2048, N=256, K=4080, SampleA=0.0000, SampleB=0.1495)
⚠️ GoffiMatMul Warning: Result is exactly zero despite non-zero inputs (M=2048, N=256, K=256, SampleA=0.0000, SampleB=-0.0087)
⚠️ GoffiMatMul Warning: Result is exactly zero despite non-zero inputs (M=2048, N=256, K=4080, SampleA=0.0000, SampleB=0.1495)
⚠️ GoffiMatMul Warning: Result is exactly zero despite non-zero inputs (M=2048, N=256, K=256, SampleA=0.0000, SampleB=-0.0087)
⚠️ GoffiMatMul Warning: Result is exactly zero despite non-zero inputs (M=2048, N=256, K=4080, SampleA=0.0000, SampleB=0.1495)
⚠️ GoffiMatMul Warning: Result is exactly zero despite non-zero inputs (M=2048, N=256, K=256, SampleA=0.0000, SampleB=-0.0087)
⚠️ GoffiMatMul Warning: Result is exactly zero despite non-zero inputs (M=2048, N=256, K=4080, SampleA=0.0000, SampleB=0.1495)
⚠️ GoffiMatMul Warning: Result is exactly zero despite non-zero inputs (M=2048, N=256, K=256, SampleA=0.0000, SampleB=-0.0087)
⚠️ GoffiMatMul Warning: Result is exactly zero despite non-zero inputs (M=2048, N=256, K=4080, SampleA=0.0000, SampleB=0.1495)
⚠️ GoffiMatMul Warning: Result is exactly zero despite non-zero inputs (M=2048, N=256, K=256, SampleA=0.0000, SampleB=-0.0087)
2026/04/18 13:04:13 mlm_training.go:569: ⏳ MLM: Step 880 in progress...
⚠️ GoffiMatMul Warning: Result is exactly zero despite non-zero inputs (M=2048, N=256, K=4080, SampleA=0.0000, SampleB=0.1495)
⚠️ GoffiMatMul Warning: Result is exactly zero despite non-zero inputs (M=2048, N=256, K=256, SampleA=0.0000, SampleB=-0.0087)
⚠️ GoffiMatMul Warning: Result is exactly zero despite non-zero inputs (M=2048, N=256, K=4080, SampleA=0.0000, SampleB=0.1495)
⚠️ GoffiMatMul Warning: Result is exactly zero despite non-zero inputs (M=2048, N=256, K=256, SampleA=0.0000, SampleB=-0.0087)
⚠️ GoffiMatMul Warning: Result is exactly zero despite non-zero inputs (M=2048, N=256, K=4080, SampleA=0.0000, SampleB=0.1495)
⚠️ GoffiMatMul Warning: Result is exactly zero despite non-zero inputs (M=2048, N=256, K=256, SampleA=0.0000, SampleB=-0.0087)
⚠️ GoffiMatMul Warning: Result is exactly zero despite non-zero inputs (M=2048, N=256, K=4080, SampleA=0.0000, SampleB=0.1495)
⚠️ GoffiMatMul Warning: Result is exactly zero despite non-zero inputs (M=2048, N=256, K=4080, SampleA=0.0000, SampleB=0.1495)
⚠️ GoffiMatMul Warning: Result is exactly zero despite non-zero inputs (M=2048, N=256, K=4080, SampleA=0.0000, SampleB=0.1495)
⚠️ GoffiMatMul Warning: Result is exactly zero despite non-zero inputs (M=2048, N=256, K=4080, SampleA=0.0000, SampleB=0.1495)
⚠️ GoffiMatMul Warning: Result is exactly zero despite non-zero inputs (M=2048, N=256, K=256, SampleA=0.0000, SampleB=-0.0087)
⚠️ GoffiMatMul Warning: Result is exactly zero despite non-zero inputs (M=2048, N=256, K=4080, SampleA=0.0000, SampleB=0.1495)
⚠️ GoffiMatMul Warning: Result is exactly zero despite non-zero inputs (M=2048, N=256, K=256, SampleA=0.0000, SampleB=-0.0087)
⚠️ GoffiMatMul Warning: Result is exactly zero despite non-zero inputs (M=2048, N=256, K=4080, SampleA=0.0000, SampleB=0.1495)
⚠️ GoffiMatMul Warning: Result is exactly zero despite non-zero inputs (M=2048, N=256, K=256, SampleA=0.0000, SampleB=-0.0087)
⚠️ GoffiMatMul Warning: Result is exactly zero despite non-zero inputs (M=2048, N=256, K=4080, SampleA=0.0000, SampleB=0.1495)
2026/04/18 13:07:11 mlm_training.go:569: ⏳ MLM: Step 890 in progress...
⚠️ GoffiMatMul Warning: Result is exactly zero despite non-zero inputs (M=2048, N=256, K=4080, SampleA=0.0000, SampleB=0.1495)
⚠️ GoffiMatMul Warning: Result is exactly zero despite non-zero inputs (M=2048, N=256, K=256, SampleA=0.0000, SampleB=-0.0087)
⚠️ GoffiMatMul Warning: Result is exactly zero despite non-zero inputs (M=2048, N=256, K=4080, SampleA=0.0000, SampleB=0.1495)
⚠️ GoffiMatMul Warning: Result is exactly zero despite non-zero inputs (M=2048, N=256, K=256, SampleA=0.0000, SampleB=-0.0087)
⚠️ GoffiMatMul Warning: Result is exactly zero despite non-zero inputs (M=2048, N=256, K=4080, SampleA=0.0000, SampleB=0.1495)
⚠️ GoffiMatMul Warning: Result is exactly zero despite non-zero inputs (M=2048, N=256, K=256, SampleA=0.0000, SampleB=-0.0087)
⚠️ GoffiMatMul Warning: Result is exactly zero despite non-zero inputs (M=2048, N=256, K=4080, SampleA=0.0000, SampleB=0.1495)
⚠️ GoffiMatMul Warning: Result is exactly zero despite non-zero inputs (M=2048, N=256, K=256, SampleA=0.0000, SampleB=-0.0087)
⚠️ GoffiMatMul Warning: Result is exactly zero despite non-zero inputs (M=2048, N=256, K=4080, SampleA=0.0000, SampleB=0.1495)
⚠️ GoffiMatMul Warning: Result is exactly zero despite non-zero inputs (M=2048, N=256, K=256, SampleA=0.0000, SampleB=-0.0087)
⚠️ GoffiMatMul Warning: Result is exactly zero despite non-zero inputs (M=544, N=256, K=4080, SampleA=0.0000, SampleB=0.1495)
⚠️ GoffiMatMul Warning: Result is exactly zero despite non-zero inputs (M=544, N=256, K=256, SampleA=0.0000, SampleB=-0.0087)
2026/04/18 13:09:50 mlm_training.go:590: 🎓 [MLM] Step 900 | Loss: 6.7697 (smooth: 6.1065) | PPL: 722.6 | LR: 0.000000 | 0.1 steps/s
2026/04/18 13:09:50 mlm_training.go:775: [Intent: social]    🔍 'for [___] ones' → Answer: 'larger' | Predicted: .(6.3%), ?(3.2%), a(2.9%) ❌
2026/04/18 13:09:50 mlm_training.go:635: 🎓 [MLM] Epoch 20/20 Complete | Avg Loss: 6.0227 | PPL: 412.7 | Batches: 45
2026/04/18 13:09:50 mlm_training.go:645: 🎓 ═══════════════════════════════════════════════
2026/04/18 13:09:50 mlm_training.go:646: 🎓  MLM Pre-Training Complete (900 steps, 16582.4s)
2026/04/18 13:09:50 mlm_training.go:647: 🎓  Encoder and embeddings now understand word context.
2026/04/18 13:09:50 mlm_training.go:648: 🎓 ═══════════════════════════════════════════════
⚠️ GoffiMatMul Warning: Result is exactly zero despite non-zero inputs (M=64, N=1024, K=256, SampleA=0.0000, SampleB=0.0365)
⚠️ GoffiMatMul Warning: Result is exactly zero despite non-zero inputs (M=64, N=1024, K=256, SampleA=0.0000, SampleB=0.1004)
⚠️ GoffiMatMul Warning: Result is exactly zero despite non-zero inputs (M=64, N=1024, K=256, SampleA=0.0000, SampleB=0.1324)
⚠️ GoffiMatMul Warning: Result is exactly zero despite non-zero inputs (M=512, N=256, K=64, SampleA=0.0047, SampleB=-0.0000)
⚠️ GoffiMatMul Warning: Result is exactly zero despite non-zero inputs (M=64, N=512, K=256, SampleA=-0.0000, SampleB=-0.0400)
⚠️ GoffiMatMul Warning: Result is exactly zero despite non-zero inputs (M=512, N=256, K=64, SampleA=-0.1016, SampleB=-0.0000)
⚠️ GoffiMatMul Warning: Result is exactly zero despite non-zero inputs (M=64, N=512, K=256, SampleA=-0.0000, SampleB=-0.0447)
⚠️ GoffiMatMul Warning: Result is exactly zero despite non-zero inputs (M=512, N=256, K=64, SampleA=0.0000, SampleB=-0.0000)
⚠️ GoffiMatMul Warning: Result is exactly zero despite non-zero inputs (M=64, N=512, K=256, SampleA=-0.0000, SampleB=-0.0555)
⚠️ GoffiMatMul Warning: Result is exactly zero despite non-zero inputs (M=512, N=256, K=64, SampleA=-0.8308, SampleB=0.0000)
⚠️ GoffiMatMul Warning: Result is exactly zero despite non-zero inputs (M=64, N=512, K=256, SampleA=0.0000, SampleB=0.0154)
2026/04/18 13:11:35 chat.go:2127: 🎭 Epoch 1/60 | Batch 1 | Loss: 8.434603 | LR: 0.00001000
⚠️ GoffiMatMul Warning: Result is exactly zero despite non-zero inputs (M=64, N=1024, K=256, SampleA=0.0000, SampleB=0.0365)
⚠️ GoffiMatMul Warning: Result is exactly zero despite non-zero inputs (M=64, N=1024, K=256, SampleA=0.0000, SampleB=0.1004)
⚠️ GoffiMatMul Warning: Result is exactly zero despite non-zero inputs (M=64, N=1024, K=256, SampleA=0.0000, SampleB=0.1324)
⚠️ GoffiMatMul Warning: Result is exactly zero despite non-zero inputs (M=512, N=256, K=64, SampleA=0.0151, SampleB=-0.0000)
⚠️ GoffiMatMul Warning: Result is exactly zero despite non-zero inputs (M=64, N=512, K=256, SampleA=-0.0000, SampleB=-0.0400)
⚠️ GoffiMatMul Warning: Result is exactly zero despite non-zero inputs (M=512, N=256, K=64, SampleA=-0.0887, SampleB=0.0000)
⚠️ GoffiMatMul Warning: Result is exactly zero despite non-zero inputs (M=64, N=512, K=256, SampleA=0.0000, SampleB=-0.0447)
⚠️ GoffiMatMul Warning: Result is exactly zero despite non-zero inputs (M=512, N=256, K=64, SampleA=0.0000, SampleB=-0.0000)
⚠️ GoffiMatMul Warning: Result is exactly zero despite non-zero inputs (M=64, N=512, K=256, SampleA=-0.0000, SampleB=-0.0555)
⚠️ GoffiMatMul Warning: Result is exactly zero despite non-zero inputs (M=512, N=256, K=64, SampleA=-0.8310, SampleB=-0.0000)
⚠️ GoffiMatMul Warning: Result is exactly zero despite non-zero inputs (M=64, N=512, K=256, SampleA=-0.0000, SampleB=0.0154)
2026/04/18 13:13:35 chat.go:2127: 🎭 Epoch 1/60 | Batch 2 | Loss: 8.430180 | LR: 0.00001000
⚠️ GoffiMatMul Warning: Result is exactly zero despite non-zero inputs (M=64, N=1024, K=256, SampleA=0.0000, SampleB=0.0365)
⚠️ GoffiMatMul Warning: Result is exactly zero despite non-zero inputs (M=64, N=1024, K=256, SampleA=0.0000, SampleB=0.1004)
⚠️ GoffiMatMul Warning: Result is exactly zero despite non-zero inputs (M=64, N=1024, K=256, SampleA=0.0000, SampleB=0.1324)
⚠️ GoffiMatMul Warning: Result is exactly zero despite non-zero inputs (M=512, N=256, K=64, SampleA=0.0078, SampleB=-0.0000)
⚠️ GoffiMatMul Warning: Result is exactly zero despite non-zero inputs (M=64, N=512, K=256, SampleA=-0.0000, SampleB=-0.0400)
⚠️ GoffiMatMul Warning: Result is exactly zero despite non-zero inputs (M=512, N=256, K=64, SampleA=-0.0882, SampleB=-0.0000)
⚠️ GoffiMatMul Warning: Result is exactly zero despite non-zero inputs (M=64, N=512, K=256, SampleA=-0.0000, SampleB=-0.0447)
⚠️ GoffiMatMul Warning: Result is exactly zero despite non-zero inputs (M=512, N=256, K=64, SampleA=0.0000, SampleB=-0.0000)
⚠️ GoffiMatMul Warning: Result is exactly zero despite non-zero inputs (M=64, N=512, K=256, SampleA=-0.0000, SampleB=-0.0555)
⚠️ GoffiMatMul Warning: Result is exactly zero despite non-zero inputs (M=512, N=256, K=64, SampleA=-0.8384, SampleB=0.0000)
⚠️ GoffiMatMul Warning: Result is exactly zero despite non-zero inputs (M=64, N=512, K=256, SampleA=0.0000, SampleB=0.0154)
2026/04/18 13:15:45 chat.go:2127: 🎭 Epoch 1/60 | Batch 3 | Loss: 8.434135 | LR: 0.00001000
⚠️ GoffiMatMul Warning: Result is exactly zero despite non-zero inputs (M=64, N=1024, K=256, SampleA=0.0000, SampleB=0.0365)
⚠️ GoffiMatMul Warning: Result is exactly zero despite non-zero inputs (M=64, N=1024, K=256, SampleA=0.0000, SampleB=0.1004)
⚠️ GoffiMatMul Warning: Result is exactly zero despite non-zero inputs (M=64, N=1024, K=256, SampleA=0.0000, SampleB=0.1324)
⚠️ GoffiMatMul Warning: Result is exactly zero despite non-zero inputs (M=512, N=256, K=64, SampleA=0.0014, SampleB=-0.0000)
⚠️ GoffiMatMul Warning: Result is exactly zero despite non-zero inputs (M=64, N=512, K=256, SampleA=-0.0000, SampleB=-0.0400)
⚠️ GoffiMatMul Warning: Result is exactly zero despite non-zero inputs (M=512, N=256, K=64, SampleA=-0.0859, SampleB=-0.0000)
⚠️ GoffiMatMul Warning: Result is exactly zero despite non-zero inputs (M=64, N=512, K=256, SampleA=-0.0000, SampleB=-0.0447)
⚠️ GoffiMatMul Warning: Result is exactly zero despite non-zero inputs (M=512, N=256, K=64, SampleA=0.0000, SampleB=-0.0000)
⚠️ GoffiMatMul Warning: Result is exactly zero despite non-zero inputs (M=64, N=512, K=256, SampleA=-0.0000, SampleB=-0.0555)
⚠️ GoffiMatMul Warning: Result is exactly zero despite non-zero inputs (M=512, N=256, K=64, SampleA=-0.8346, SampleB=-0.0000)
⚠️ GoffiMatMul Warning: Result is exactly zero despite non-zero inputs (M=64, N=512, K=256, SampleA=-0.0000, SampleB=0.0154)
2026/04/18 13:18:26 chat.go:2127: 🎭 Epoch 1/60 | Batch 4 | Loss: 8.434464 | LR: 0.00001000
⚠️ GoffiMatMul Warning: Result is exactly zero despite non-zero inputs (M=64, N=1024, K=256, SampleA=0.0000, SampleB=0.0365)
⚠️ GoffiMatMul Warning: Result is exactly zero despite non-zero inputs (M=64, N=1024, K=256, SampleA=0.0000, SampleB=0.1004)
⚠️ GoffiMatMul Warning: Result is exactly zero despite non-zero inputs (M=64, N=1024, K=256, SampleA=0.0000, SampleB=0.1324)
⚠️ GoffiMatMul Warning: Result is exactly zero despite non-zero inputs (M=512, N=256, K=64, SampleA=0.0007, SampleB=0.0000)
⚠️ GoffiMatMul Warning: Result is exactly zero despite non-zero inputs (M=64, N=512, K=256, SampleA=0.0000, SampleB=-0.0400)
⚠️ GoffiMatMul Warning: Result is exactly zero despite non-zero inputs (M=512, N=256, K=64, SampleA=-0.0598, SampleB=-0.0000)
⚠️ GoffiMatMul Warning: Result is exactly zero despite non-zero inputs (M=64, N=512, K=256, SampleA=-0.0000, SampleB=-0.0447)
⚠️ GoffiMatMul Warning: Result is exactly zero despite non-zero inputs (M=512, N=256, K=64, SampleA=0.0225, SampleB=0.0000)
⚠️ GoffiMatMul Warning: Result is exactly zero despite non-zero inputs (M=64, N=512, K=256, SampleA=0.0000, SampleB=-0.0555)
⚠️ GoffiMatMul Warning: Result is exactly zero despite non-zero inputs (M=512, N=256, K=64, SampleA=-0.8382, SampleB=-0.0000)
⚠️ GoffiMatMul Warning: Result is exactly zero despite non-zero inputs (M=64, N=512, K=256, SampleA=-0.0000, SampleB=0.0154)
2026/04/18 13:20:46 chat.go:2127: 🎭 Epoch 1/60 | Batch 5 | Loss: 8.422555 | LR: 0.00001000
⚠️ GoffiMatMul Warning: Result is exactly zero despite non-zero inputs (M=64, N=1024, K=256, SampleA=0.0000, SampleB=0.0365)
⚠️ GoffiMatMul Warning: Result is exactly zero despite non-zero inputs (M=64, N=1024, K=256, SampleA=0.0000, SampleB=0.1004)
⚠️ GoffiMatMul Warning: Result is exactly zero despite non-zero inputs (M=64, N=1024, K=256, SampleA=0.0000, SampleB=0.1324)
⚠️ GoffiMatMul Warning: Result is exactly zero despite non-zero inputs (M=512, N=256, K=64, SampleA=0.0100, SampleB=0.0000)
⚠️ GoffiMatMul Warning: Result is exactly zero despite non-zero inputs (M=64, N=512, K=256, SampleA=0.0000, SampleB=-0.0400)
⚠️ GoffiMatMul Warning: Result is exactly zero despite non-zero inputs (M=512, N=256, K=64, SampleA=-0.0764, SampleB=-0.0000)
⚠️ GoffiMatMul Warning: Result is exactly zero despite non-zero inputs (M=64, N=512, K=256, SampleA=-0.0000, SampleB=-0.0447)
⚠️ GoffiMatMul Warning: Result is exactly zero despite non-zero inputs (M=512, N=256, K=64, SampleA=0.0000, SampleB=-0.0000)
⚠️ GoffiMatMul Warning: Result is exactly zero despite non-zero inputs (M=64, N=512, K=256, SampleA=-0.0000, SampleB=-0.0555)
⚠️ GoffiMatMul Warning: Result is exactly zero despite non-zero inputs (M=512, N=256, K=64, SampleA=-0.8403, SampleB=0.0000)
⚠️ GoffiMatMul Warning: Result is exactly zero despite non-zero inputs (M=64, N=512, K=256, SampleA=0.0000, SampleB=0.0154)
